codprov,coddepto,depto,circuito,mesa,electores,nulos,blancos,00980,00981,00979,00976,00977,00975,00978,00982
03,006,SANTA ROSA,01320,045184,0,0,0,234,0,1,12,0,3,0,0
03,001,CAPITAL,01267,044990,0,0,31,229,1,0,45,7,17,7,1
03,012,ANDALGALÁ,01357,045368,0,0,11,227,0,0,21,0,1,1,0
03,002,CAPAYÁN,01271,045018,0,0,16,222,4,0,20,0,8,1,0
03,012,ANDALGALÁ,01357,045367,0,0,21,217,0,2,23,0,3,0,0
03,002,CAPAYÁN,01271,045023,0,0,10,213,0,0,36,0,11,3,0
03,006,SANTA ROSA,01316,045165,0,0,2,213,0,0,11,0,0,0,1
03,006,SANTA ROSA,01316,045166,0,0,19,208,0,1,24,0,3,2,1
03,012,ANDALGALÁ,01357,045364,0,0,19,208,0,0,30,0,3,0,0
03,001,CAPITAL,01264,044805,0,0,3,204,0,1,29,1,8,5,0
03,006,SANTA ROSA,01312,045160,0,0,0,204,0,0,8,1,3,1,0
03,012,ANDALGALÁ,01357,045362,0,0,21,204,0,0,38,0,2,0,0
03,002,CAPAYÁN,01271,045024,0,0,4,203,0,0,27,1,0,0,0
03,012,ANDALGALÁ,01357,045363,0,0,2,202,0,0,30,0,1,0,1
03,013,BELÉN,01373,045423,0,0,19,202,0,0,16,1,20,1,0
03,013,BELÉN,01374,045425,0,0,1,201,0,0,23,0,25,0,1
03,006,SANTA ROSA,01312,045157,0,0,45,200,0,0,20,1,5,0,0
03,012,ANDALGALÁ,01357,045366,0,0,10,199,1,0,44,0,1,0,0
03,013,BELÉN,01372,045420,0,0,12,199,0,0,34,0,16,1,0
03,006,SANTA ROSA,01312,045159,0,0,1,198,0,0,16,0,7,1,1
03,011,POMÁN,01349,045334,0,0,17,198,0,0,31,0,0,0,0
03,011,POMÁN,01354,045346,0,0,37,195,0,0,34,0,2,0,0
03,011,POMÁN,01355,045352,0,0,7,195,0,0,37,0,2,0,1
03,012,ANDALGALÁ,01357,045365,0,0,16,195,0,1,39,1,0,0,2
03,002,CAPAYÁN,01271,045017,0,0,33,194,0,0,26,0,4,2,0
03,006,SANTA ROSA,01312,045161,0,0,0,194,0,1,29,0,4,0,0
03,011,POMÁN,01356,045361,0,0,23,194,1,0,41,0,0,3,0
03,006,SANTA ROSA,01310,045155,0,0,28,193,1,0,30,0,6,1,0
03,001,CAPITAL,01264,044803,0,0,23,192,0,0,29,0,6,3,0
03,011,POMÁN,01355,045351,0,0,0,192,0,0,37,0,2,0,0
03,011,POMÁN,01355,045353,0,0,20,191,0,0,42,0,0,0,0
03,013,BELÉN,01372,045421,0,0,24,191,0,0,41,1,11,0,0
03,001,CAPITAL,01264,044809,0,0,2,188,2,0,35,1,6,5,0
03,006,SANTA ROSA,01316,045167,0,0,2,188,0,0,11,0,9,0,0
03,013,BELÉN,01373,045424,0,0,0,188,0,1,18,1,28,0,0
03,001,CAPITAL,01264,044795,0,0,5,187,0,0,29,1,4,2,3
03,001,CAPITAL,01264,044800,0,0,0,187,3,2,19,2,8,3,1
03,002,CAPAYÁN,01273,045044,0,0,1,187,0,0,23,0,6,1,0
03,011,POMÁN,01349,045333,0,0,27,187,0,2,50,0,2,0,0
03,011,POMÁN,01356,045356,0,0,12,187,0,1,54,1,3,0,0
03,001,CAPITAL,01264,044796,0,0,0,186,1,2,38,0,7,3,0
03,001,CAPITAL,01264,044806,0,0,2,186,0,2,32,1,5,3,2
03,006,SANTA ROSA,01320,045185,0,0,0,186,0,0,17,0,2,0,0
03,011,POMÁN,01356,045359,0,0,29,186,0,0,38,1,4,1,0
03,010,AMBATO,01341,045315,0,0,0,185,0,0,87,0,1,0,0
03,001,CAPITAL,01264,044801,0,0,22,184,0,0,32,0,8,4,0
03,002,CAPAYÁN,01271,045019,0,0,0,184,0,0,34,0,4,1,0
03,002,CAPAYÁN,01271,045021,0,0,0,184,0,0,35,0,0,1,0
03,009,FRAY MAMERTO ESQUIÚ,01339,045310,0,0,4,184,1,0,53,1,2,4,1
03,011,POMÁN,01353,045343,0,0,0,184,1,0,52,0,0,1,0
03,011,POMÁN,01354,045347,0,0,2,184,0,0,38,4,0,0,0
03,002,CAPAYÁN,01273,045039,0,0,3,183,0,0,9,0,11,0,0
03,011,POMÁN,01356,045354,0,0,41,182,1,0,33,0,0,0,0
03,001,CAPITAL,01264,044811,0,0,15,181,0,3,22,2,12,6,2
03,011,POMÁN,01356,045357,0,0,31,181,0,1,42,4,0,3,1
03,002,CAPAYÁN,01271,045020,0,0,17,180,2,2,35,0,6,1,0
03,001,CAPITAL,01261,044633,0,0,180,0,1,0,64,2,7,5,0
03,011,POMÁN,01354,045348,0,0,29,179,0,1,34,2,2,1,1
03,001,CAPITAL,01264,044808,0,0,29,178,3,0,25,2,7,3,1
03,002,CAPAYÁN,01271,045016,0,0,0,178,0,1,31,1,10,0,0
03,002,CAPAYÁN,01271,045022,0,0,2,178,0,1,30,2,3,3,0
03,011,POMÁN,01354,045345,0,0,0,177,1,1,39,0,0,0,0
03,011,POMÁN,01354,045349,0,0,0,176,0,0,46,1,0,1,0
03,001,CAPITAL,01264,044786,0,0,0,175,1,0,19,2,0,0,0
03,010,AMBATO,01344,045322,0,0,69,175,0,0,21,0,6,0,0
03,002,CAPAYÁN,01273,045043,0,0,3,174,2,0,24,0,2,3,1
03,001,CAPITAL,01264,044798,0,0,4,173,1,0,31,0,8,0,1
03,002,CAPAYÁN,01273,045038,0,0,2,173,1,1,0,0,0,0,1
03,002,CAPAYÁN,01273,045045,0,0,0,173,0,0,15,0,6,0,1
03,005,EL ALTO,01308,045147,0,0,14,173,0,0,23,0,2,0,0
03,006,SANTA ROSA,01317,045180,0,0,0,173,3,0,49,0,19,0,0
03,006,SANTA ROSA,01318,045181,0,0,0,0,173,0,21,0,0,7,0
03,001,CAPITAL,01262,044688,0,0,29,172,0,0,36,2,13,4,0
03,001,CAPITAL,01262,044744,0,0,2,172,0,0,29,2,29,0,0
03,001,CAPITAL,01264,044794,0,0,4,172,0,0,40,2,6,0,2
03,001,CAPITAL,01264,044802,0,0,1,172,0,0,25,1,12,3,4
03,010,AMBATO,01341,045313,0,0,32,172,0,0,87,0,5,0,2
03,011,POMÁN,01352,045342,0,0,10,1,0,172,29,0,0,0,0
03,001,CAPITAL,01264,044787,0,0,4,170,0,0,31,1,0,5,5
03,002,CAPAYÁN,01273,045040,0,0,0,170,0,0,15,0,3,0,0
03,011,POMÁN,01354,045350,0,0,30,170,1,0,54,0,2,0,0
03,011,POMÁN,01356,045355,0,0,26,170,0,0,51,0,0,1,0
03,013,BELÉN,01377,045436,0,0,22,170,0,1,56,0,8,2,1
03,005,EL ALTO,01309,045149,0,0,27,169,0,0,110,0,2,0,0
03,006,SANTA ROSA,01317,045168,0,0,41,169,2,4,46,0,12,3,0
03,006,SANTA ROSA,01317,045173,0,0,23,169,3,2,44,2,13,0,1
03,001,CAPITAL,01264,044785,0,0,0,168,33,0,31,3,0,4,0
03,006,SANTA ROSA,01317,045170,0,0,36,168,2,0,35,0,12,2,1
03,011,POMÁN,01350,045336,0,0,2,168,1,0,25,0,0,0,0
03,011,POMÁN,01356,045360,0,0,33,168,0,0,51,0,1,3,0
03,001,CAPITAL,01262,044741,0,0,26,167,0,2,38,1,19,2,0
03,001,CAPITAL,01262,044715,0,0,0,166,3,1,30,1,16,1,3
03,001,CAPITAL,01262,044685,0,0,6,165,0,0,34,1,18,0,2
03,001,CAPITAL,01264,044810,0,0,0,165,2,1,17,1,17,2,2
03,002,CAPAYÁN,01273,045042,0,0,1,165,1,0,17,0,10,2,1
03,006,SANTA ROSA,01317,045174,0,0,36,165,0,0,46,0,17,0,2
03,011,POMÁN,01356,045358,0,0,32,165,2,0,56,0,0,3,0
03,001,CAPITAL,01262,044761,0,0,165,127,3,0,33,1,0,5,0
03,006,SANTA ROSA,01317,045175,0,0,165,57,1,0,19,0,9,0,0
03,001,CAPITAL,01262,044740,0,0,0,164,1,0,42,0,9,4,0
03,013,BELÉN,01377,045437,0,0,5,164,0,1,47,0,5,0,0
03,001,CAPITAL,01262,044742,0,0,23,163,4,1,41,0,17,1,1
03,001,CAPITAL,01264,044812,0,0,27,163,0,0,34,0,9,4,1
03,002,CAPAYÁN,01273,045041,0,0,2,163,0,0,20,0,0,0,0
03,006,SANTA ROSA,01317,045171,0,0,52,163,1,1,40,0,11,1,1
03,001,CAPITAL,01264,044791,0,0,0,162,0,3,21,1,14,7,3
03,001,CAPITAL,01262,044747,0,0,0,161,0,1,25,1,7,6,0
03,001,CAPITAL,01264,044792,0,0,30,161,1,0,31,1,10,3,7
03,013,BELÉN,01372,045422,0,0,23,161,0,0,55,0,23,1,0
03,001,CAPITAL,01262,044707,0,0,3,160,1,0,22,0,18,2,3
03,001,CAPITAL,01262,044725,0,0,0,160,0,0,44,1,11,0,1
03,005,EL ALTO,01309,045151,0,0,25,160,0,0,112,0,0,1,1
03,001,CAPITAL,01262,044724,0,0,0,159,2,1,32,0,8,0,0
03,001,CAPITAL,01262,044746,0,0,19,159,0,1,39,2,14,5,0
03,001,CAPITAL,01262,044765,0,0,2,159,2,1,26,1,5,3,3
03,003,LA PAZ,01284,045068,0,0,1,159,5,0,70,0,8,1,0
03,005,EL ALTO,01308,045148,0,0,25,159,0,0,22,0,9,1,0
03,009,FRAY MAMERTO ESQUIÚ,01339,045305,0,0,2,159,1,1,65,1,9,3,0
03,001,CAPITAL,01262,044695,0,0,2,158,1,0,51,1,6,0,0
03,001,CAPITAL,01262,044760,0,0,0,158,2,2,36,4,7,6,1
03,006,SANTA ROSA,01310,045154,0,0,27,158,1,1,54,1,2,1,2
03,006,SANTA ROSA,01317,045178,0,0,0,158,3,0,36,2,7,2,1
03,001,CAPITAL,01262,044665,0,0,4,157,1,0,43,0,11,8,0
03,001,CAPITAL,01262,044716,0,0,18,157,0,0,38,2,17,4,2
03,001,CAPITAL,01262,044733,0,0,33,157,0,0,34,0,7,3,1
03,001,CAPITAL,01262,044764,0,0,31,157,2,1,38,0,11,1,1
03,003,LA PAZ,01284,045071,0,0,3,157,1,3,42,0,8,1,2
03,011,POMÁN,01350,045335,0,0,0,157,3,0,16,0,2,0,1
03,001,CAPITAL,01262,044664,0,0,23,156,1,1,51,0,12,7,1
03,001,CAPITAL,01262,044673,0,0,0,156,1,0,40,0,13,5,0
03,003,LA PAZ,01291,045120,0,0,41,156,1,0,40,0,4,0,0
03,006,SANTA ROSA,01310,045153,0,0,33,156,1,0,50,0,8,1,0
03,006,SANTA ROSA,01317,045169,0,0,41,156,3,1,43,1,14,4,0
03,009,FRAY MAMERTO ESQUIÚ,01339,045300,0,0,37,156,0,0,76,0,8,4,1
03,011,POMÁN,01352,045341,0,0,12,156,0,0,32,0,0,0,0
03,015,TINOGASTA,01396,045512,0,0,11,156,0,0,40,0,2,0,0
03,001,CAPITAL,01262,044677,0,0,24,155,1,1,28,0,18,3,1
03,001,CAPITAL,01262,044737,0,0,31,155,1,0,42,0,26,22,1
03,001,CAPITAL,01262,044753,0,0,59,155,1,2,3,2,9,3,3
03,009,FRAY MAMERTO ESQUIÚ,01335,045281,0,0,27,155,0,1,63,0,18,3,3
03,013,BELÉN,01377,045434,0,0,23,155,1,0,68,0,8,1,1
03,001,CAPITAL,01262,044670,0,0,0,154,2,3,48,0,0,3,4
03,003,LA PAZ,01289,045087,0,0,56,154,0,0,35,0,0,1,0
03,001,CAPITAL,01262,044751,0,0,39,153,0,0,42,1,10,3,0
03,001,CAPITAL,01266,044918,0,0,30,153,1,0,50,0,11,2,3
03,002,CAPAYÁN,01272,045036,0,0,3,0,153,0,13,0,0,1,0
03,006,SANTA ROSA,01317,045179,0,0,38,153,1,1,59,1,11,0,1
03,008,VALLE VIEJO,01332,045237,0,0,0,153,1,2,56,1,8,3,1
03,010,AMBATO,01341,045314,0,0,60,153,0,0,75,1,3,0,0
03,015,TINOGASTA,01398,045516,0,0,0,153,1,1,43,0,17,0,0
03,001,CAPITAL,01262,044660,0,0,0,152,1,0,35,1,12,4,1
03,001,CAPITAL,01262,044661,0,0,3,152,0,0,35,3,14,6,2
03,001,CAPITAL,01262,044691,0,0,1,152,4,4,27,0,13,0,0
03,001,CAPITAL,01262,044738,0,0,16,152,2,0,50,1,5,1,5
03,001,CAPITAL,01264,044784,0,0,36,152,0,2,39,1,11,2,1
03,001,CAPITAL,01262,044683,0,0,0,151,1,2,44,1,9,6,1
03,008,VALLE VIEJO,01330,045211,0,0,44,151,1,1,42,0,8,0,0
03,009,FRAY MAMERTO ESQUIÚ,01338,045293,0,0,33,151,1,0,68,0,5,6,0
03,001,CAPITAL,01262,044682,0,0,0,150,2,2,43,2,16,1,0
03,001,CAPITAL,01266,044826,0,0,31,150,0,0,57,2,13,0,0
03,006,SANTA ROSA,01314,045163,0,0,12,150,0,0,30,1,10,0,0
03,013,BELÉN,01369,045416,0,0,0,150,0,0,0,0,1,0,0
03,013,BELÉN,01377,045433,0,0,35,150,1,1,48,1,5,4,0
03,001,CAPITAL,01262,044712,0,0,25,149,2,3,48,1,20,4,3
03,001,CAPITAL,01262,044745,0,0,0,149,2,0,38,0,17,4,0
03,002,CAPAYÁN,01272,045034,0,0,0,149,0,0,11,0,0,1,0
03,006,SANTA ROSA,01317,045176,0,0,42,149,4,0,56,0,17,1,0
03,015,TINOGASTA,01401,045525,0,0,46,149,0,0,24,0,19,1,0
03,015,TINOGASTA,01401,045533,0,0,0,149,0,0,28,0,22,0,0
03,001,CAPITAL,01262,044690,0,0,0,148,1,1,37,1,15,2,2
03,001,CAPITAL,01262,044739,0,0,2,148,1,0,136,0,14,3,3
03,001,CAPITAL,01266,044834,0,0,3,148,1,0,40,1,33,4,2
03,003,LA PAZ,01291,045119,0,0,1,148,1,2,38,1,3,1,0
03,008,VALLE VIEJO,01332,045241,0,0,2,9,148,4,0,1,4,50,2
03,009,FRAY MAMERTO ESQUIÚ,01339,045306,0,0,0,148,0,0,62,0,12,0,0
03,001,CAPITAL,01262,044667,0,0,0,147,0,0,42,1,19,6,0
03,001,CAPITAL,01262,044668,0,0,3,147,3,0,37,1,12,3,0
03,001,CAPITAL,01262,044678,0,0,0,147,0,1,45,1,18,2,2
03,002,CAPAYÁN,01275,045053,0,0,39,147,1,0,27,2,4,3,1
03,003,LA PAZ,01284,045067,0,0,28,147,1,1,70,0,4,2,0
03,003,LA PAZ,01289,045099,0,0,56,147,0,0,54,0,13,0,0
03,015,TINOGASTA,01389,045490,0,0,0,147,0,0,32,0,42,0,0
03,001,CAPITAL,01262,044662,0,0,30,146,0,0,44,3,24,0,5
03,001,CAPITAL,01262,044674,0,0,39,146,0,0,47,0,17,6,0
03,001,CAPITAL,01262,044687,0,0,3,146,1,1,35,1,16,6,0
03,001,CAPITAL,01262,044728,0,0,23,146,0,0,47,0,16,9,1
03,001,CAPITAL,01266,044862,0,0,19,146,0,1,42,2,15,3,0
03,009,FRAY MAMERTO ESQUIÚ,01338,045296,0,0,2,146,0,0,73,1,6,2,0
03,015,TINOGASTA,01401,045520,0,0,32,146,0,2,33,0,14,1,0
03,001,CAPITAL,01262,044708,0,0,35,145,1,1,37,1,10,5,2
03,001,CAPITAL,01262,044727,0,0,0,145,0,1,44,1,25,3,4
03,001,CAPITAL,01262,044750,0,0,0,145,1,0,38,0,15,5,0
03,002,CAPAYÁN,01275,045049,0,0,38,145,3,1,32,0,3,4,0
03,008,VALLE VIEJO,01328,045202,0,0,21,145,0,0,51,4,1,0,0
03,001,CAPITAL,01265,044825,0,0,145,0,0,3,65,5,9,4,1
03,001,CAPITAL,01262,044752,0,0,32,144,2,1,37,1,13,2,1
03,001,CAPITAL,01262,044755,0,0,29,144,0,2,32,3,11,4,0
03,001,CAPITAL,01262,044756,0,0,44,144,3,2,32,3,6,4,2
03,001,CAPITAL,01262,044759,0,0,28,144,0,1,43,1,18,2,1
03,001,CAPITAL,01266,044829,0,0,34,144,1,1,44,0,13,2,1
03,001,CAPITAL,01266,044848,0,0,32,144,2,2,50,0,11,4,0
03,001,CAPITAL,01266,044877,0,0,9,144,0,0,60,0,20,5,0
03,008,VALLE VIEJO,01333,045265,0,0,29,144,0,0,55,0,8,4,0
03,010,AMBATO,01342,045319,0,0,44,144,6,2,31,1,11,3,0
03,015,TINOGASTA,01401,045526,0,0,0,144,1,1,45,1,13,1,0
03,001,CAPITAL,01261,044654,0,0,0,143,0,0,50,1,20,4,0
03,001,CAPITAL,01262,044711,0,0,1,143,1,1,45,0,12,7,0
03,001,CAPITAL,01262,044734,0,0,5,143,0,0,30,2,0,0,0
03,001,CAPITAL,01262,044735,0,0,28,143,0,0,29,1,20,2,0
03,001,CAPITAL,01262,044749,0,0,31,143,0,0,41,2,22,3,0
03,001,CAPITAL,01264,044799,0,0,41,143,0,0,36,2,9,0,0
03,003,LA PAZ,01289,045083,0,0,48,143,0,0,65,0,17,0,0
03,003,LA PAZ,01289,045092,0,0,52,143,0,0,74,0,1,0,0
03,005,EL ALTO,01309,045150,0,0,33,143,0,0,130,1,0,2,0
03,009,FRAY MAMERTO ESQUIÚ,01339,045302,0,0,38,143,0,0,66,1,6,2,0
03,010,AMBATO,01341,045316,0,0,1,143,1,0,99,2,4,2,0
03,001,CAPITAL,01262,044706,0,0,28,142,1,0,45,2,9,6,0
03,001,CAPITAL,01262,044721,0,0,0,142,3,4,38,4,21,5,1
03,001,CAPITAL,01266,044856,0,0,38,142,1,0,51,2,17,5,0
03,003,LA PAZ,01289,045097,0,0,49,142,2,0,61,0,10,0,0
03,009,FRAY MAMERTO ESQUIÚ,01335,045278,0,0,0,142,1,0,65,2,17,4,4
03,012,ANDALGALÁ,01364,045404,0,0,4,142,0,0,24,0,0,0,1
03,015,TINOGASTA,01396,045513,0,0,18,142,0,0,61,0,1,2,0
03,001,CAPITAL,01262,044684,0,0,0,141,2,1,65,1,10,2,1
03,001,CAPITAL,01262,044719,0,0,0,141,5,0,46,0,0,8,0
03,001,CAPITAL,01266,044857,0,0,41,141,0,0,43,1,21,0,0
03,003,LA PAZ,01284,045066,0,0,1,141,3,0,73,2,9,1,1
03,008,VALLE VIEJO,01328,045201,0,0,18,141,3,0,61,0,4,1,0
03,008,VALLE VIEJO,01330,045221,0,0,47,141,2,1,49,1,11,3,4
03,001,CAPITAL,01262,044705,0,0,33,140,0,0,42,0,21,0,1
03,001,CAPITAL,01262,044713,0,0,0,140,0,1,49,2,26,2,4
03,001,CAPITAL,01262,044717,0,0,32,140,0,1,41,1,22,6,3
03,001,CAPITAL,01262,044730,0,0,28,140,3,1,44,0,16,1,1
03,001,CAPITAL,01262,044731,0,0,0,140,0,1,42,0,9,3,2
03,001,CAPITAL,01266,044855,0,0,35,140,0,1,49,1,25,2,0
03,002,CAPAYÁN,01275,045048,0,0,0,140,0,0,18,1,5,2,1
03,005,EL ALTO,01304,045140,0,0,1,140,0,0,45,0,8,0,2
03,008,VALLE VIEJO,01330,045226,0,0,2,140,0,0,58,1,8,4,1
03,009,FRAY MAMERTO ESQUIÚ,01339,045301,0,0,26,140,0,0,87,2,4,3,0
03,015,TINOGASTA,01401,045527,0,0,2,140,0,1,52,0,17,0,3
03,001,CAPITAL,01262,044710,0,0,1,139,0,0,51,1,17,2,0
03,001,CAPITAL,01264,044789,0,0,0,139,0,0,28,2,12,3,1
03,001,CAPITAL,01266,044916,0,0,22,139,0,0,56,1,14,1,1
03,006,SANTA ROSA,01317,045177,0,0,40,139,1,1,56,0,14,3,0
03,008,VALLE VIEJO,01330,045207,0,0,30,139,1,0,58,0,13,7,2
03,009,FRAY MAMERTO ESQUIÚ,01335,045280,0,0,12,139,1,0,90,3,14,3,0
03,009,FRAY MAMERTO ESQUIÚ,01338,045287,0,0,40,139,0,1,80,1,2,2,1
03,009,FRAY MAMERTO ESQUIÚ,01339,045309,0,0,31,139,1,1,79,0,6,4,4
03,012,ANDALGALÁ,01360,045378,0,0,21,139,0,0,66,0,6,3,0
03,012,ANDALGALÁ,01362,045402,0,0,50,139,0,1,69,0,2,0,1
03,013,BELÉN,01381,045450,0,0,3,139,0,2,80,0,6,0,0
03,001,CAPITAL,01261,044651,0,0,30,138,1,1,54,1,13,6,0
03,001,CAPITAL,01262,044718,0,0,4,138,0,0,56,1,18,10,0
03,001,CAPITAL,01266,044835,0,0,26,138,0,1,56,1,12,9,1
03,001,CAPITAL,01267,044967,0,0,29,138,0,0,58,0,16,5,0
03,001,CAPITAL,01267,044980,0,0,2,138,0,0,50,3,17,0,1
03,001,CAPITAL,01267,044987,0,0,34,138,0,0,47,0,22,2,0
03,001,CAPITAL,01268,045012,0,0,31,138,1,0,66,2,15,3,1
03,008,VALLE VIEJO,01334,045266,0,0,7,138,2,1,66,1,6,2,1
03,009,FRAY MAMERTO ESQUIÚ,01339,045303,0,0,40,138,1,1,69,0,7,2,0
03,013,BELÉN,01377,045432,0,0,23,138,0,2,53,1,6,5,0
03,015,TINOGASTA,01398,045515,0,0,20,138,1,0,46,0,9,0,0
03,015,TINOGASTA,01401,045524,0,0,0,138,0,0,50,0,20,0,0
03,001,CAPITAL,01262,044729,0,0,35,137,2,1,51,0,14,6,1
03,001,CAPITAL,01262,044758,0,0,0,137,2,1,53,2,17,0,1
03,001,CAPITAL,01266,044838,0,0,28,137,0,1,48,0,15,2,0
03,001,CAPITAL,01266,044933,0,0,2,137,1,2,40,1,21,5,2
03,003,LA PAZ,01284,045072,0,0,35,137,1,0,67,1,8,3,1
03,003,LA PAZ,01284,045073,0,0,2,137,10,0,0,0,8,3,0
03,003,LA PAZ,01289,045108,0,0,32,137,1,0,66,1,19,0,0
03,003,LA PAZ,01289,045113,0,0,4,137,1,0,65,0,9,3,0
03,008,VALLE VIEJO,01330,045225,0,0,40,137,0,3,68,0,6,2,0
03,008,VALLE VIEJO,01330,045229,0,0,43,137,0,0,64,1,13,3,1
03,009,FRAY MAMERTO ESQUIÚ,01336,045282,0,0,16,137,0,1,47,0,3,0,1
03,015,TINOGASTA,01401,045531,0,0,0,137,0,1,43,0,20,0,0
03,001,CAPITAL,01262,044672,0,0,30,136,1,0,38,1,11,6,2
03,001,CAPITAL,01262,044704,0,0,0,136,2,3,55,2,11,5,2
03,001,CAPITAL,01262,044709,0,0,0,136,0,0,66,0,14,0,2
03,001,CAPITAL,01262,044723,0,0,0,136,0,0,44,0,13,2,0
03,001,CAPITAL,01266,044953,0,0,0,136,0,0,52,1,13,8,0
03,001,CAPITAL,01266,044954,0,0,0,136,0,1,58,2,13,5,2
03,002,CAPAYÁN,01270,045014,0,0,0,136,0,1,48,0,6,2,0
03,002,CAPAYÁN,01270,045015,0,0,0,136,0,0,43,0,3,2,0
03,008,VALLE VIEJO,01333,045264,0,0,4,136,0,2,52,0,0,6,0
03,011,POMÁN,01351,045340,0,0,0,136,0,2,39,0,7,3,1
03,011,POMÁN,01354,045344,0,0,91,136,0,0,37,0,0,0,0
03,015,TINOGASTA,01401,045528,0,0,35,136,0,0,42,0,17,1,0
03,015,TINOGASTA,01401,045537,0,0,0,136,2,0,40,0,15,3,2
03,001,CAPITAL,01262,044679,0,0,13,135,1,0,46,1,14,4,1
03,001,CAPITAL,01262,044689,0,0,0,135,6,0,56,2,28,6,0
03,001,CAPITAL,01266,044919,0,0,32,135,0,0,45,0,22,6,0
03,001,CAPITAL,01267,044989,0,0,37,135,0,0,46,4,18,5,1
03,002,CAPAYÁN,01275,045051,0,0,2,135,0,0,10,2,5,3,2
03,002,CAPAYÁN,01275,045052,0,0,37,135,0,1,39,0,2,5,1
03,005,EL ALTO,01308,045145,0,0,24,135,0,2,26,1,14,0,0
03,005,EL ALTO,01308,045146,0,0,34,135,2,0,20,0,10,0,1
03,008,VALLE VIEJO,01330,045213,0,0,33,135,1,0,60,0,11,3,0
03,008,VALLE VIEJO,01330,045216,0,0,0,119,0,1,135,0,7,1,0
03,015,TINOGASTA,01401,045542,0,0,3,135,0,0,58,1,17,0,2
03,001,CAPITAL,01262,044767,0,0,2,134,2,1,43,1,1,1,0
03,001,CAPITAL,01263,044778,0,0,33,134,1,1,60,1,6,5,0
03,001,CAPITAL,01266,044858,0,0,29,134,3,0,34,3,16,4,0
03,001,CAPITAL,01267,044982,0,0,30,134,1,0,56,1,19,8,0
03,002,CAPAYÁN,01275,045050,0,0,3,134,1,1,32,0,7,0,0
03,003,LA PAZ,01287,045078,0,0,0,134,1,0,0,0,1,0,0
03,003,LA PAZ,01289,045086,0,0,0,134,0,0,97,1,26,4,0
03,011,POMÁN,01351,045338,0,0,0,134,0,0,31,0,4,0,2
03,001,CAPITAL,01266,044873,0,0,34,133,1,1,64,3,11,4,2
03,001,CAPITAL,01266,044945,0,0,0,133,1,1,56,3,19,4,1
03,001,CAPITAL,01267,044964,0,0,48,133,4,0,45,1,8,4,3
03,001,CAPITAL,01268,045009,0,0,2,133,3,0,43,1,21,3,1
03,002,CAPAYÁN,01280,045059,0,0,0,133,0,0,18,0,0,0,0
03,003,LA PAZ,01289,045094,0,0,5,133,0,0,57,0,23,3,0
03,008,VALLE VIEJO,01330,045231,0,0,1,133,1,2,58,0,15,2,1
03,008,VALLE VIEJO,01332,045238,0,0,1,133,0,0,56,0,11,5,0
03,013,BELÉN,01369,045414,0,0,0,86,0,1,133,0,0,0,0
03,013,BELÉN,01376,045429,0,0,2,133,0,1,96,0,0,0,0
03,002,CAPAYÁN,01272,045027,0,0,133,131,0,0,23,0,0,0,0
03,001,CAPITAL,01261,044650,0,0,23,132,0,1,43,0,19,3,2
03,001,CAPITAL,01262,044762,0,0,35,132,0,0,43,0,16,3,0
03,001,CAPITAL,01267,044983,0,0,0,132,0,1,40,0,12,6,1
03,001,CAPITAL,01267,044994,0,0,0,132,0,0,53,1,10,10,0
03,003,LA PAZ,01284,045069,0,0,3,132,5,0,71,0,4,2,0
03,003,LA PAZ,01289,045098,0,0,62,132,0,0,48,0,14,0,0
03,010,AMBATO,01346,045328,0,0,38,132,0,0,33,2,36,1,0
03,011,POMÁN,01351,045339,0,0,1,0,132,2,41,0,4,0,4
03,001,CAPITAL,01262,044736,0,0,0,131,0,0,51,3,19,6,1
03,001,CAPITAL,01263,044770,0,0,24,131,0,0,69,1,4,14,0
03,001,CAPITAL,01266,044866,0,0,28,131,0,0,52,0,10,6,1
03,001,CAPITAL,01266,044875,0,0,90,131,0,0,0,3,0,5,1
03,001,CAPITAL,01266,044887,0,0,0,131,2,1,45,2,18,6,0
03,001,CAPITAL,01266,044893,0,0,42,131,2,0,47,3,12,5,0
03,001,CAPITAL,01266,044944,0,0,3,131,2,0,52,3,19,4,0
03,001,CAPITAL,01267,044986,0,0,31,131,0,1,54,1,19,4,0
03,001,CAPITAL,01268,045002,0,0,0,131,3,1,69,2,13,2,1
03,001,CAPITAL,01268,045006,0,0,27,131,0,0,54,2,21,0,1
03,003,LA PAZ,01284,045070,0,0,48,131,1,0,70,0,6,0,0
03,008,VALLE VIEJO,01330,045223,0,0,0,131,0,0,50,0,5,3,0
03,008,VALLE VIEJO,01332,045247,0,0,4,131,2,0,70,0,5,6,0
03,010,AMBATO,01342,045318,0,0,51,131,2,0,21,0,5,0,0
03,001,CAPITAL,01261,044638,0,0,1,130,1,0,57,0,11,2,1
03,001,CAPITAL,01262,044680,0,0,0,130,0,2,49,1,20,10,2
03,001,CAPITAL,01262,044768,0,0,0,130,1,0,50,1,19,5,0
03,001,CAPITAL,01266,044832,0,0,0,130,1,1,70,2,8,6,0
03,001,CAPITAL,01266,044860,0,0,0,130,1,0,46,0,12,3,2
03,001,CAPITAL,01266,044888,0,0,40,130,0,0,51,0,14,1,0
03,001,CAPITAL,01266,044926,0,0,42,130,1,2,54,6,17,0,0
03,001,CAPITAL,01266,044952,0,0,0,130,0,0,51,2,16,1,0
03,001,CAPITAL,01267,044966,0,0,0,130,1,1,43,0,19,7,1
03,001,CAPITAL,01267,044991,0,0,0,130,0,0,48,0,13,3,0
03,001,CAPITAL,01268,045004,0,0,1,130,0,1,76,0,9,4,0
03,002,CAPAYÁN,01272,045035,0,0,0,130,0,1,21,0,4,0,1
03,003,LA PAZ,01289,045111,0,0,2,130,0,1,73,0,14,1,0
03,008,VALLE VIEJO,01332,045236,0,0,1,130,1,0,63,1,12,3,2
03,015,TINOGASTA,01401,045540,0,0,0,0,0,0,1,130,23,0,0
03,015,TINOGASTA,01401,045543,0,0,29,130,1,0,53,0,19,3,0
03,001,CAPITAL,01261,044645,0,0,25,129,0,0,55,3,7,6,2
03,001,CAPITAL,01262,044663,0,0,36,129,0,0,53,0,15,4,0
03,001,CAPITAL,01262,044666,0,0,46,129,0,0,41,1,18,9,0
03,001,CAPITAL,01262,044699,0,0,1,129,0,1,0,46,4,0,0
03,001,CAPITAL,01262,044763,0,0,0,129,1,1,37,1,20,3,1
03,001,CAPITAL,01263,044783,0,0,16,129,0,0,78,0,12,6,0
03,001,CAPITAL,01266,044882,0,0,2,129,0,0,50,1,15,12,0
03,001,CAPITAL,01266,044913,0,0,0,129,2,0,48,2,12,0,0
03,001,CAPITAL,01266,044923,0,0,31,129,3,0,62,2,20,5,0
03,001,CAPITAL,01266,044937,0,0,0,129,0,0,48,1,15,6,1
03,001,CAPITAL,01267,044961,0,0,39,129,0,0,50,1,9,6,0
03,001,CAPITAL,01267,044965,0,0,0,129,2,0,67,5,13,11,0
03,001,CAPITAL,01267,044996,0,0,42,129,2,0,51,0,12,2,2
03,001,CAPITAL,01267,044998,0,0,36,129,0,0,50,1,10,8,2
03,002,CAPAYÁN,01272,045032,0,0,0,129,0,0,36,0,0,1,0
03,007,PACLIN,01326,045199,0,0,93,129,0,0,62,0,0,0,0
03,008,VALLE VIEJO,01333,045258,0,0,30,129,0,0,69,0,10,1,2
03,008,VALLE VIEJO,01333,045263,0,0,0,129,2,0,54,0,9,3,2
03,013,BELÉN,01376,045427,0,0,12,129,0,1,107,0,4,0,0
03,013,BELÉN,01377,045435,0,0,23,129,1,0,60,1,13,4,0
03,015,TINOGASTA,01401,045536,0,0,28,129,0,0,52,1,12,0,0
03,001,CAPITAL,01261,044646,0,0,2,128,0,0,50,1,0,6,0
03,001,CAPITAL,01266,044836,0,0,3,128,1,1,53,1,26,5,2
03,001,CAPITAL,01266,044852,0,0,30,128,1,2,34,0,24,3,2
03,001,CAPITAL,01266,044869,0,0,24,128,2,1,50,5,16,5,1
03,001,CAPITAL,01266,044911,0,0,0,128,1,1,58,2,11,7,0
03,001,CAPITAL,01266,044924,0,0,30,128,0,5,55,1,21,5,3
03,001,CAPITAL,01267,044962,0,0,59,128,0,3,48,2,0,3,3
03,003,LA PAZ,01289,045115,0,0,47,128,0,0,68,0,13,3,0
03,006,SANTA ROSA,01317,045172,0,0,2,128,0,2,54,1,19,0,0
03,008,VALLE VIEJO,01330,045205,0,0,0,128,0,2,52,1,4,0,1
03,008,VALLE VIEJO,01330,045215,0,0,0,128,4,1,57,1,10,1,0
03,008,VALLE VIEJO,01330,045222,0,0,52,128,0,0,59,0,14,0,1
03,008,VALLE VIEJO,01332,045234,0,0,0,128,1,1,61,5,11,0,3
03,013,BELÉN,01376,045430,0,0,0,106,1,0,128,0,0,0,1
03,013,BELÉN,01381,045471,0,0,42,128,0,0,69,0,10,2,0
03,015,TINOGASTA,01395,045509,0,0,19,128,0,0,70,1,2,0,0
03,001,CAPITAL,01262,044671,0,0,0,127,2,1,46,0,16,6,3
03,001,CAPITAL,01262,044720,0,0,60,127,2,2,42,2,0,6,1
03,001,CAPITAL,01263,044771,0,0,39,127,0,0,67,0,3,4,2
03,001,CAPITAL,01263,044780,0,0,36,127,1,0,62,1,9,5,0
03,001,CAPITAL,01265,044817,0,0,5,127,11,0,53,0,9,5,1
03,001,CAPITAL,01266,044840,0,0,4,127,1,0,54,0,17,1,0
03,001,CAPITAL,01266,044912,0,0,36,127,1,0,53,1,19,0,3
03,001,CAPITAL,01266,044949,0,0,5,127,0,0,48,0,18,3,3
03,001,CAPITAL,01267,044978,0,0,0,127,0,2,58,1,16,4,0
03,001,CAPITAL,01268,045001,0,0,0,127,1,1,56,0,12,6,1
03,003,LA PAZ,01286,045077,0,0,0,127,0,0,80,0,0,2,1
03,003,LA PAZ,01287,045079,0,0,1,127,4,1,35,0,1,0,0
03,003,LA PAZ,01291,045118,0,0,0,127,0,2,42,1,5,1,0
03,008,VALLE VIEJO,01330,045232,0,0,3,127,2,0,61,0,8,3,1
03,008,VALLE VIEJO,01332,045235,0,0,3,127,0,1,66,0,10,6,1
03,009,FRAY MAMERTO ESQUIÚ,01339,045304,0,0,48,127,0,0,79,0,14,0,1
03,012,ANDALGALÁ,01365,045407,0,0,0,127,0,1,68,0,3,3,0
03,013,BELÉN,01380,045441,0,0,1,127,1,0,33,0,7,0,1
03,013,BELÉN,01381,045463,0,0,39,127,1,1,79,1,1,3,0
03,015,TINOGASTA,01390,045491,0,0,26,92,0,0,127,0,5,0,0
03,015,TINOGASTA,01401,045539,0,0,26,127,1,1,46,0,34,3,0
03,001,CAPITAL,01266,044847,0,0,36,126,0,0,50,2,8,8,3
03,001,CAPITAL,01266,044885,0,0,3,126,1,1,61,0,12,4,0
03,001,CAPITAL,01266,044894,0,0,24,126,0,0,68,0,9,4,0
03,001,CAPITAL,01266,044931,0,0,97,126,0,0,55,2,15,4,1
03,001,CAPITAL,01266,044946,0,0,0,126,0,1,53,0,20,8,2
03,007,PACLIN,01324,045192,0,0,48,126,0,0,59,0,4,0,0
03,008,VALLE VIEJO,01330,045212,0,0,43,126,7,0,56,0,6,6,2
03,009,FRAY MAMERTO ESQUIÚ,01338,045291,0,0,39,126,1,1,74,0,16,6,1
03,013,BELÉN,01376,045431,0,0,0,126,0,0,108,0,0,0,1
03,013,BELÉN,01381,045466,0,0,3,126,0,2,102,0,5,2,0
03,002,CAPAYÁN,01272,045029,0,0,126,0,0,0,0,0,0,0,0
03,001,CAPITAL,01262,044675,0,0,0,125,2,0,54,1,12,9,2
03,001,CAPITAL,01262,044686,0,0,10,125,0,0,34,0,19,2,0
03,001,CAPITAL,01263,044779,0,0,35,125,0,0,65,3,15,3,1
03,001,CAPITAL,01265,044824,0,0,33,125,0,0,55,4,16,6,0
03,001,CAPITAL,01266,044831,0,0,28,125,0,0,43,0,14,7,0
03,001,CAPITAL,01266,044880,0,0,0,125,1,1,57,0,16,4,1
03,001,CAPITAL,01266,044891,0,0,28,125,4,0,64,2,14,5,1
03,001,CAPITAL,01266,044903,0,0,26,125,0,0,57,2,14,3,1
03,003,LA PAZ,01289,045091,0,0,0,125,0,0,75,0,17,1,0
03,007,PACLIN,01323,045190,0,0,0,125,0,0,106,0,6,0,0
03,008,VALLE VIEJO,01330,045224,0,0,1,125,0,1,55,2,11,5,0
03,008,VALLE VIEJO,01330,045227,0,0,0,125,0,0,55,0,11,6,0
03,008,VALLE VIEJO,01330,045228,0,0,31,125,1,2,81,0,12,3,1
03,008,VALLE VIEJO,01332,045251,0,0,1,125,0,0,59,2,6,2,1
03,008,VALLE VIEJO,01334,045268,0,0,2,125,2,2,68,0,10,2,1
03,015,TINOGASTA,01401,045534,0,0,2,125,0,1,51,1,20,1,0
03,001,CAPITAL,01262,044698,0,0,1,124,2,0,59,5,18,4,4
03,001,CAPITAL,01262,044732,0,0,1,124,0,0,42,3,16,6,0
03,001,CAPITAL,01262,044766,0,0,6,124,2,2,33,1,10,3,3
03,001,CAPITAL,01266,044841,0,0,32,124,0,0,49,0,15,3,1
03,001,CAPITAL,01266,044851,0,0,38,124,2,0,59,2,13,2,1
03,001,CAPITAL,01266,044920,0,0,39,124,0,0,44,6,16,5,2
03,001,CAPITAL,01267,044972,0,0,32,124,2,0,62,6,16,3,3
03,003,LA PAZ,01289,045114,0,0,2,124,0,1,76,0,21,0,0
03,004,ANCASTI,01297,045130,0,0,0,124,0,0,66,1,1,2,0
03,008,VALLE VIEJO,01330,045220,0,0,39,124,1,4,59,0,8,5,1
03,008,VALLE VIEJO,01332,045245,0,0,2,124,0,2,83,1,9,2,1
03,008,VALLE VIEJO,01332,045252,0,0,0,124,0,1,72,0,8,5,0
03,015,TINOGASTA,01401,045541,0,0,38,124,0,1,37,2,16,4,1
03,001,CAPITAL,01266,044827,0,0,33,123,1,2,65,1,6,4,0
03,001,CAPITAL,01266,044867,0,0,30,123,0,0,65,3,15,16,1
03,001,CAPITAL,01266,044892,0,0,0,123,1,0,45,3,16,7,0
03,001,CAPITAL,01267,044960,0,0,51,123,4,2,46,1,24,4,2
03,001,CAPITAL,01267,044997,0,0,0,123,0,0,56,1,12,4,1
03,001,CAPITAL,01268,045005,0,0,0,123,0,1,64,3,0,6,1
03,001,CAPITAL,01268,045010,0,0,36,123,0,1,51,1,22,7,0
03,003,LA PAZ,01289,045084,0,0,58,123,0,1,63,0,15,3,0
03,003,LA PAZ,01289,045105,0,0,48,123,1,0,59,0,22,1,1
03,003,LA PAZ,01291,045122,0,0,0,123,1,0,63,0,0,0,0
03,009,FRAY MAMERTO ESQUIÚ,01335,045279,0,0,0,123,2,0,0,1,12,4,0
03,010,AMBATO,01342,045317,0,0,42,123,2,1,38,0,17,1,1
03,013,BELÉN,01376,045428,0,0,20,108,0,0,123,0,0,0,0
03,013,BELÉN,01381,045446,0,0,54,123,0,1,73,1,0,2,0
03,013,BELÉN,01381,045465,0,0,48,123,0,0,70,0,0,0,0
03,015,TINOGASTA,01390,045492,0,0,33,90,0,0,123,1,9,0,0
03,015,TINOGASTA,01401,045545,0,0,1,123,2,0,43,2,13,1,2
03,001,CAPITAL,01261,044656,0,0,1,122,0,2,55,1,16,1,0
03,001,CAPITAL,01262,044703,0,0,33,122,2,1,47,1,15,4,2
03,001,CAPITAL,01266,044846,0,0,55,122,0,1,37,0,20,8,2
03,001,CAPITAL,01266,044883,0,0,32,122,0,2,51,3,17,6,1
03,001,CAPITAL,01266,044902,0,0,3,122,1,2,46,1,24,6,1
03,001,CAPITAL,01266,044934,0,0,34,122,2,0,60,2,18,12,1
03,003,LA PAZ,01289,045110,0,0,46,122,1,0,71,0,14,0,0
03,003,LA PAZ,01291,045123,0,0,0,122,0,0,53,0,1,0,0
03,008,VALLE VIEJO,01332,045239,0,0,0,122,1,4,69,0,5,9,0
03,008,VALLE VIEJO,01333,045257,0,0,36,122,0,1,71,1,8,3,2
03,010,AMBATO,01346,045326,0,0,0,122,0,0,33,0,48,2,1
03,012,ANDALGALÁ,01360,045394,0,0,35,122,0,0,55,2,4,5,0
03,001,CAPITAL,01261,044658,0,0,3,121,2,0,47,0,22,12,4
03,001,CAPITAL,01262,044754,0,0,31,121,5,1,52,0,20,1,0
03,001,CAPITAL,01266,044842,0,0,31,121,3,1,54,1,23,6,0
03,001,CAPITAL,01266,044854,0,0,29,121,1,0,52,1,14,7,1
03,001,CAPITAL,01266,044884,0,0,0,121,2,1,55,1,11,3,1
03,001,CAPITAL,01266,044922,0,0,0,121,0,0,46,1,18,2,2
03,001,CAPITAL,01266,044940,0,0,0,121,3,0,56,0,24,5,0
03,001,CAPITAL,01267,044974,0,0,0,121,3,2,63,2,21,4,0
03,001,CAPITAL,01267,044977,0,0,0,121,0,1,67,2,24,9,0
03,002,CAPAYÁN,01272,045033,0,0,0,121,0,0,13,0,0,0,0
03,002,CAPAYÁN,01278,045056,0,0,0,121,0,0,36,1,5,0,0
03,003,LA PAZ,01283,045063,0,0,22,121,2,0,67,0,5,0,1
03,008,VALLE VIEJO,01333,045255,0,0,1,121,2,0,73,0,17,3,0
03,008,VALLE VIEJO,01333,045261,0,0,1,121,0,0,0,0,8,4,0
03,009,FRAY MAMERTO ESQUIÚ,01338,045289,0,0,28,121,0,0,82,1,8,4,0
03,010,AMBATO,01342,045320,0,0,27,121,3,0,52,0,18,1,0
03,012,ANDALGALÁ,01360,045382,0,0,35,121,0,0,69,1,3,1,0
03,015,TINOGASTA,01395,045511,0,0,35,121,0,0,86,0,1,0,0
03,001,CAPITAL,01266,044850,0,0,47,120,0,0,63,2,18,3,0
03,001,CAPITAL,01266,044939,0,0,0,120,0,0,56,0,13,6,0
03,001,CAPITAL,01267,044970,0,0,30,120,0,2,66,0,18,0,3
03,001,CAPITAL,01267,044975,0,0,27,120,2,1,60,1,17,2,1
03,003,LA PAZ,01289,045088,0,0,55,120,0,0,55,0,24,0,0
03,003,LA PAZ,01289,045089,0,0,65,120,0,0,43,0,21,2,0
03,003,LA PAZ,01289,045095,0,0,41,120,1,0,80,1,12,0,0
03,003,LA PAZ,01289,045096,0,0,44,120,1,1,49,0,28,5,0
03,003,LA PAZ,01289,045100,0,0,69,120,0,0,55,0,22,0,0
03,007,PACLIN,01322,045189,0,0,78,120,1,0,0,2,1,0,0
03,008,VALLE VIEJO,01330,045217,0,0,0,120,0,0,46,0,14,3,1
03,008,VALLE VIEJO,01332,045248,0,0,0,120,0,0,54,0,11,1,0
03,009,FRAY MAMERTO ESQUIÚ,01338,045290,0,0,36,120,0,0,71,0,10,7,0
03,009,FRAY MAMERTO ESQUIÚ,01339,045311,0,0,2,120,1,3,97,1,1,0,3
03,012,ANDALGALÁ,01365,045408,0,0,35,120,1,0,77,2,3,7,0
03,013,BELÉN,01380,045442,0,0,1,120,0,0,40,0,7,0,0
03,013,BELÉN,01381,045456,0,0,29,120,0,0,92,0,3,4,0
03,013,BELÉN,01381,045469,0,0,3,120,0,1,90,0,0,4,0
03,013,BELÉN,01381,045470,0,0,0,120,0,0,95,0,4,1,0
03,002,CAPAYÁN,01280,045058,0,0,120,116,0,0,26,0,0,0,0
03,001,CAPITAL,01266,044839,0,0,27,119,0,0,52,0,23,4,0
03,001,CAPITAL,01266,044899,0,0,0,119,3,0,48,4,14,3,1
03,001,CAPITAL,01266,044915,0,0,26,119,1,0,60,2,18,9,0
03,001,CAPITAL,01266,044938,0,0,0,119,1,0,57,1,21,2,0
03,003,LA PAZ,01289,045093,0,0,6,119,1,0,71,0,18,2,0
03,003,LA PAZ,01289,045102,0,0,3,119,0,0,66,0,13,4,0
03,006,SANTA ROSA,01313,045162,0,0,2,119,0,1,2,0,0,1,0
03,008,VALLE VIEJO,01332,045240,0,0,0,119,0,0,66,1,9,2,2
03,015,TINOGASTA,01401,045522,0,0,35,119,0,1,51,0,12,0,0
03,001,CAPITAL,01261,044643,0,0,0,118,1,1,54,1,14,10,0
03,001,CAPITAL,01266,044863,0,0,2,118,1,1,54,0,19,4,0
03,001,CAPITAL,01266,044901,0,0,37,118,0,2,51,0,16,2,1
03,001,CAPITAL,01266,044910,0,0,24,118,0,0,57,0,20,4,4
03,001,CAPITAL,01266,044928,0,0,33,118,0,0,60,0,9,7,1
03,001,CAPITAL,01266,044942,0,0,2,0,1,0,56,118,11,8,1
03,001,CAPITAL,01267,044984,0,0,43,118,1,0,65,0,8,3,0
03,002,CAPAYÁN,01272,045030,0,0,0,118,1,0,16,0,1,0,0
03,003,LA PAZ,01289,045101,0,0,56,118,0,0,65,1,13,1,0
03,007,PACLIN,01324,045191,0,0,43,118,0,0,88,0,5,0,1
03,008,VALLE VIEJO,01330,045208,0,0,3,118,0,2,83,0,8,0,0
03,008,VALLE VIEJO,01332,045242,0,0,0,118,2,1,67,1,0,0,1
03,009,FRAY MAMERTO ESQUIÚ,01338,045297,0,0,25,118,0,0,102,0,11,4,0
03,012,ANDALGALÁ,01360,045389,0,0,0,118,0,0,87,0,4,1,0
03,015,TINOGASTA,01390,045493,0,0,32,118,0,0,76,0,9,0,0
03,001,CAPITAL,01261,044634,0,0,36,117,0,0,64,0,15,8,0
03,001,CAPITAL,01262,044722,0,0,29,117,4,1,60,1,19,0,0
03,001,CAPITAL,01265,044816,0,0,22,117,1,0,64,3,18,5,0
03,001,CAPITAL,01266,044868,0,0,45,117,0,0,56,3,18,4,1
03,001,CAPITAL,01266,044906,0,0,33,117,1,0,48,2,17,6,4
03,005,EL ALTO,01304,045139,0,0,0,117,2,1,44,0,14,0,0
03,006,SANTA ROSA,01315,045164,0,0,0,117,0,0,11,0,4,0,0
03,008,VALLE VIEJO,01330,045214,0,0,43,117,1,1,60,1,5,4,0
03,009,FRAY MAMERTO ESQUIÚ,01339,045307,0,0,0,117,1,0,75,0,5,4,0
03,001,CAPITAL,01261,044647,0,0,40,116,1,0,67,0,21,0,2
03,001,CAPITAL,01263,044777,0,0,39,116,1,0,80,3,15,3,0
03,001,CAPITAL,01265,044813,0,0,0,116,1,0,57,1,24,4,1
03,001,CAPITAL,01266,044865,0,0,45,116,0,0,70,2,13,5,0
03,001,CAPITAL,01266,044936,0,0,23,116,1,2,56,1,19,6,1
03,008,VALLE VIEJO,01330,045219,0,0,0,116,3,0,72,1,12,5,0
03,008,VALLE VIEJO,01332,045249,0,0,1,116,0,1,8,0,14,0,0
03,008,VALLE VIEJO,01334,045276,0,0,57,116,0,1,57,0,7,6,1
03,009,FRAY MAMERTO ESQUIÚ,01338,045295,0,0,47,116,0,0,73,0,13,6,0
03,010,AMBATO,01347,045330,0,0,13,116,0,1,10,0,26,0,0
03,011,POMÁN,01351,045337,0,0,2,116,1,1,39,0,2,1,1
03,013,BELÉN,01381,045451,0,0,7,116,1,0,98,1,5,2,0
03,015,TINOGASTA,01401,045521,0,0,33,116,1,1,47,0,18,7,2
03,001,CAPITAL,01261,044648,0,0,36,115,2,0,66,2,13,7,0
03,001,CAPITAL,01262,044681,0,0,0,115,1,0,44,0,10,6,0
03,001,CAPITAL,01262,044743,0,0,0,115,5,4,53,2,12,6,0
03,001,CAPITAL,01266,044830,0,0,0,115,0,0,76,0,17,0,0
03,001,CAPITAL,01266,044849,0,0,29,115,0,0,73,0,26,5,0
03,001,CAPITAL,01266,044859,0,0,41,115,1,0,68,1,15,6,2
03,001,CAPITAL,01266,044917,0,0,2,115,1,2,54,1,19,6,1
03,001,CAPITAL,01267,044999,0,0,24,115,1,1,84,0,14,5,2
03,001,CAPITAL,01268,045007,0,0,0,115,0,0,56,0,0,0,4
03,006,SANTA ROSA,01319,045183,0,0,16,115,0,0,4,0,3,0,0
03,008,VALLE VIEJO,01330,045218,0,0,0,115,3,0,79,0,9,7,0
03,009,FRAY MAMERTO ESQUIÚ,01338,045292,0,0,34,115,0,1,84,0,8,2,0
03,012,ANDALGALÁ,01360,045381,0,0,40,115,0,0,91,0,3,2,2
03,012,ANDALGALÁ,01360,045386,0,0,0,115,1,1,101,0,3,1,0
03,012,ANDALGALÁ,01360,045391,0,0,2,115,0,0,79,0,5,0,0
03,012,ANDALGALÁ,01360,045393,0,0,2,115,1,3,79,0,9,6,1
03,013,BELÉN,01381,045474,0,0,1,115,0,0,102,1,0,2,1
03,013,BELÉN,01381,045476,0,0,44,115,0,2,67,0,4,1,2
03,015,TINOGASTA,01390,045495,0,0,1,94,1,0,115,0,2,1,0
03,015,TINOGASTA,01395,045510,0,0,35,115,0,0,83,0,1,0,1
03,015,TINOGASTA,01401,045535,0,0,38,115,2,0,45,1,18,0,0
03,001,CAPITAL,01261,044653,0,0,1,114,1,0,51,0,14,1,0
03,001,CAPITAL,01265,044820,0,0,48,114,0,0,66,4,4,6,1
03,001,CAPITAL,01266,044878,0,0,1,114,1,0,55,1,24,8,0
03,001,CAPITAL,01266,044900,0,0,31,114,1,0,54,1,11,4,0
03,001,CAPITAL,01266,044929,0,0,46,114,1,0,51,1,17,0,0
03,001,CAPITAL,01266,044947,0,0,27,114,2,1,52,0,25,6,1
03,002,CAPAYÁN,01272,045037,0,0,0,114,0,0,27,0,0,0,0
03,007,PACLIN,01324,045193,0,0,0,114,0,0,86,0,2,0,0
03,008,VALLE VIEJO,01334,045274,0,0,47,114,0,1,73,1,19,2,0
03,012,ANDALGALÁ,01360,045387,0,0,33,114,0,0,70,1,4,5,0
03,013,BELÉN,01369,045413,0,0,0,114,0,0,111,0,1,1,0
03,013,BELÉN,01381,045461,0,0,48,114,0,1,86,0,5,5,0
03,013,BELÉN,01381,045475,0,0,44,114,0,0,96,0,4,1,2
03,015,TINOGASTA,01401,045529,0,0,0,112,4,2,57,0,114,5,2
03,015,TINOGASTA,01401,045544,0,0,20,114,1,1,56,1,23,2,0
03,001,CAPITAL,01261,044649,0,0,36,113,0,0,55,0,23,5,1
03,001,CAPITAL,01261,044657,0,0,0,113,0,0,56,0,16,6,1
03,001,CAPITAL,01263,044781,0,0,0,113,1,2,68,2,8,3,1
03,001,CAPITAL,01266,044898,0,0,42,113,1,0,51,1,17,6,0
03,001,CAPITAL,01267,044971,0,0,48,113,0,0,52,1,15,5,3
03,008,VALLE VIEJO,01332,045250,0,0,0,113,0,0,67,0,12,2,1
03,008,VALLE VIEJO,01334,045273,0,0,2,113,1,1,71,2,13,2,2
03,008,VALLE VIEJO,01334,045275,0,0,31,113,0,0,76,0,16,7,0
03,010,AMBATO,01346,045327,0,0,4,113,0,1,27,0,42,0,0
03,012,ANDALGALÁ,01360,045388,0,0,4,113,0,3,78,1,0,2,0
03,013,BELÉN,01381,045464,0,0,35,113,0,3,85,0,5,4,1
03,015,TINOGASTA,01401,045546,0,0,1,113,0,0,48,0,27,4,1
03,001,CAPITAL,01261,044636,0,0,35,112,0,2,54,4,26,3,1
03,001,CAPITAL,01265,044821,0,0,4,112,1,1,56,1,23,3,4
03,001,CAPITAL,01266,044870,0,0,25,112,0,1,84,0,15,3,1
03,001,CAPITAL,01266,044881,0,0,35,112,0,0,64,1,18,6,0
03,007,PACLIN,01324,045196,0,0,0,0,112,0,95,0,1,0,0
03,013,BELÉN,01381,045459,0,0,4,112,0,0,77,0,3,1,0
03,013,BELÉN,01381,045462,0,0,26,112,2,0,85,0,6,6,1
03,013,BELÉN,01381,045467,0,0,3,112,1,0,91,0,7,0,5
03,001,CAPITAL,01261,044659,0,0,34,111,0,2,65,0,18,7,0
03,001,CAPITAL,01266,044886,0,0,35,111,0,0,73,0,10,5,2
03,001,CAPITAL,01266,044905,0,0,30,111,2,1,61,8,11,0,0
03,001,CAPITAL,01266,044921,0,0,34,111,0,0,68,1,18,5,3
03,001,CAPITAL,01266,044930,0,0,2,111,0,0,70,3,15,0,1
03,001,CAPITAL,01267,044959,0,0,5,111,2,1,61,0,11,3,0
03,001,CAPITAL,01267,044979,0,0,4,111,3,1,63,2,13,6,0
03,002,CAPAYÁN,01277,045055,0,0,0,111,0,0,27,0,0,0,1
03,003,LA PAZ,01285,045076,0,0,54,111,0,0,51,0,10,0,0
03,006,SANTA ROSA,01319,045182,0,0,15,111,0,0,8,0,4,0,0
03,008,VALLE VIEJO,01330,045209,0,0,0,111,5,1,85,0,9,4,0
03,008,VALLE VIEJO,01332,045243,0,0,33,111,1,0,88,1,10,2,0
03,012,ANDALGALÁ,01360,045379,0,0,34,111,0,1,79,0,3,5,0
03,013,BELÉN,01381,045468,0,0,44,111,0,1,87,0,3,0,1
03,015,TINOGASTA,01386,045485,0,0,1,111,0,1,16,2,7,0,3
03,015,TINOGASTA,01390,045501,0,0,2,111,1,0,98,0,6,1,0
03,001,CAPITAL,01263,044772,0,0,28,110,1,0,78,2,13,3,1
03,001,CAPITAL,01266,044837,0,0,38,110,0,1,67,0,14,2,4
03,001,CAPITAL,01266,044904,0,0,43,110,1,0,60,1,22,2,0
03,001,CAPITAL,01267,044973,0,0,1,110,1,0,56,0,19,6,0
03,001,CAPITAL,01267,044981,0,0,0,110,2,2,61,1,22,0,0
03,002,CAPAYÁN,01272,045031,0,0,0,110,0,0,23,0,1,0,0
03,012,ANDALGALÁ,01360,045392,0,0,0,98,1,0,110,1,1,0,0
03,013,BELÉN,01381,045449,0,0,34,110,0,0,91,0,5,0,0
03,013,BELÉN,01381,045478,0,0,4,110,1,0,76,0,4,3,0
03,015,TINOGASTA,01390,045500,0,0,32,98,0,0,110,1,5,0,0
03,001,CAPITAL,01266,044872,0,0,33,109,1,0,64,4,21,6,0
03,001,CAPITAL,01266,044874,0,0,33,109,0,0,76,2,22,2,2
03,001,CAPITAL,01266,044896,0,0,20,109,4,0,59,0,16,8,1
03,001,CAPITAL,01266,044908,0,0,43,109,0,0,63,0,17,7,1
03,003,LA PAZ,01287,045080,0,0,0,109,1,1,45,1,3,1,1
03,012,ANDALGALÁ,01360,045380,0,0,0,0,0,0,93,0,109,2,0
03,012,ANDALGALÁ,01365,045406,0,0,59,109,0,1,57,1,3,5,1
03,013,BELÉN,01381,045447,0,0,36,109,0,2,101,0,3,1,1
03,015,TINOGASTA,01390,045496,0,0,49,109,0,1,77,2,4,0,0
03,015,TINOGASTA,01394,045507,0,0,0,90,0,0,109,0,5,0,0
03,015,TINOGASTA,01401,045519,0,0,34,109,0,1,55,1,25,4,0
03,015,TINOGASTA,01401,045530,0,0,34,109,1,0,45,1,18,1,1
03,001,CAPITAL,01266,044876,0,0,41,108,0,1,73,1,10,2,0
03,001,CAPITAL,01266,044935,0,0,30,108,0,1,57,3,10,3,3
03,001,CAPITAL,01267,044958,0,0,51,108,3,1,54,2,17,0,0
03,003,LA PAZ,01289,045104,0,0,0,108,0,0,45,0,1,0,0
03,003,LA PAZ,01289,045107,0,0,0,108,0,0,22,0,19,0,0
03,005,EL ALTO,01307,045144,0,0,20,108,0,0,8,0,3,0,0
03,008,VALLE VIEJO,01332,045244,0,0,0,108,0,1,89,0,0,2,0
03,009,FRAY MAMERTO ESQUIÚ,01338,045298,0,0,36,108,0,1,106,1,5,3,0
03,012,ANDALGALÁ,01360,045375,0,0,45,95,0,0,108,0,3,2,0
03,013,BELÉN,01381,045445,0,0,28,108,1,0,100,0,1,2,0
03,013,BELÉN,01381,045448,0,0,53,108,0,0,86,0,0,0,3
03,013,BELÉN,01381,045472,0,0,54,108,0,1,80,1,3,0,0
03,013,BELÉN,01381,045477,0,0,31,108,0,2,101,2,1,3,0
03,001,CAPITAL,01261,044642,0,0,32,107,2,0,77,1,20,6,0
03,001,CAPITAL,01265,044818,0,0,42,107,0,0,59,2,14,5,0
03,001,CAPITAL,01266,044943,0,0,0,107,3,0,60,0,17,3,1
03,001,CAPITAL,01267,044957,0,0,33,107,1,0,70,2,25,6,2
03,001,CAPITAL,01267,044968,0,0,34,107,1,0,81,0,20,5,0
03,001,CAPITAL,01267,044992,0,0,43,107,1,0,59,0,12,9,0
03,003,LA PAZ,01287,045081,0,0,0,107,3,0,55,0,2,0,0
03,003,LA PAZ,01291,045121,0,0,82,107,2,0,48,0,4,0,0
03,008,VALLE VIEJO,01333,045259,0,0,32,107,2,2,60,1,12,4,0
03,009,FRAY MAMERTO ESQUIÚ,01338,045288,0,0,43,107,0,1,91,1,8,6,1
03,012,ANDALGALÁ,01365,045405,0,0,3,107,0,0,71,0,3,3,0
03,015,TINOGASTA,01390,045499,0,0,32,105,0,0,107,0,0,0,0
03,015,TINOGASTA,01400,045518,0,0,27,94,0,0,107,0,4,0,1
03,001,CAPITAL,01261,044635,0,0,32,106,0,0,67,2,23,9,1
03,002,CAPAYÁN,01274,045046,0,0,0,106,0,0,13,0,4,0,0
03,004,ANCASTI,01293,045126,0,0,32,106,0,1,84,0,0,0,0
03,008,VALLE VIEJO,01334,045270,0,0,46,106,0,0,80,0,6,0,1
03,011,POMÁN,01348,045332,0,0,20,106,1,0,47,1,0,0,0
03,012,ANDALGALÁ,01360,045372,0,0,0,0,1,2,106,1,5,0,0
03,012,ANDALGALÁ,01360,045383,0,0,42,106,0,0,96,0,5,4,3
03,012,ANDALGALÁ,01360,045395,0,0,45,100,1,0,106,1,5,1,0
03,013,BELÉN,01381,045453,0,0,41,3,4,106,0,0,106,0,1
03,001,CAPITAL,01267,044985,0,0,0,105,1,0,73,1,20,5,1
03,003,LA PAZ,01289,045109,0,0,0,105,0,0,76,0,13,1,0
03,007,PACLIN,01322,045187,0,0,30,105,0,0,61,1,0,0,1
03,012,ANDALGALÁ,01361,045398,0,0,42,105,0,1,94,1,5,2,0
03,013,BELÉN,01381,045457,0,0,37,90,1,0,105,0,4,4,1
03,001,CAPITAL,01261,044641,0,0,0,104,0,0,68,3,21,9,1
03,001,CAPITAL,01267,044988,0,0,43,104,1,2,36,3,20,5,1
03,003,LA PAZ,01283,045065,0,0,1,104,2,0,64,0,14,2,0
03,007,PACLIN,01324,045194,0,0,0,104,0,0,66,0,3,2,0
03,008,VALLE VIEJO,01330,045230,0,0,5,104,1,0,71,1,7,6,0
03,008,VALLE VIEJO,01334,045271,0,0,0,87,0,0,104,0,14,4,0
03,008,VALLE VIEJO,01334,045272,0,0,36,104,1,1,86,1,0,3,1
03,010,AMBATO,01347,045329,0,0,10,104,0,0,20,0,39,0,0
03,012,ANDALGALÁ,01360,045371,0,0,49,104,2,2,95,2,3,0,0
03,012,ANDALGALÁ,01360,045385,0,0,31,99,0,1,104,2,2,2,0
03,012,ANDALGALÁ,01361,045397,0,0,45,104,3,0,100,0,5,4,2
03,001,CAPITAL,01265,044823,0,0,34,103,1,1,66,1,17,10,2
03,001,CAPITAL,01266,044879,0,0,0,103,1,0,59,2,26,5,0
03,008,VALLE VIEJO,01332,045253,0,0,1,103,1,0,80,2,10,3,1
03,012,ANDALGALÁ,01361,045399,0,0,0,103,1,1,94,0,6,0,0
03,001,CAPITAL,01263,044774,0,0,17,102,0,0,67,3,12,5,0
03,001,CAPITAL,01265,044814,0,0,37,102,1,2,62,2,19,9,0
03,001,CAPITAL,01266,044914,0,0,39,102,2,1,64,1,8,14,0
03,012,ANDALGALÁ,01365,045409,0,0,28,102,1,1,75,1,9,1,1
03,015,TINOGASTA,01390,045498,0,0,39,102,0,0,89,1,3,0,1
03,001,CAPITAL,01261,044655,0,0,35,101,0,0,0,3,24,0,0
03,001,CAPITAL,01265,044822,0,0,29,101,1,1,64,1,13,8,2
03,001,CAPITAL,01266,044845,0,0,4,101,3,1,58,1,20,6,1
03,001,CAPITAL,01266,044897,0,0,50,101,3,0,62,0,13,5,2
03,005,EL ALTO,01307,045143,0,0,20,101,1,0,9,0,1,1,0
03,012,ANDALGALÁ,01360,045384,0,0,0,87,0,3,101,0,2,3,0
03,013,BELÉN,01380,045443,0,0,0,101,0,0,63,0,0,0,0
03,013,BELÉN,01381,045454,0,0,0,99,1,1,101,0,3,0,0
03,013,BELÉN,01381,045455,0,0,0,101,0,0,95,0,3,6,1
03,015,TINOGASTA,01388,045487,0,0,16,101,0,0,17,0,2,1,0
03,008,VALLE VIEJO,01334,045267,0,0,0,100,0,0,71,0,6,2,0
03,013,BELÉN,01381,045452,0,0,40,100,0,2,98,0,1,0,1
03,013,BELÉN,01381,045458,0,0,44,99,0,0,100,0,0,4,2
03,013,BELÉN,01381,045473,0,0,35,100,0,0,85,1,3,2,1
03,015,TINOGASTA,01390,045497,0,0,0,87,0,0,100,0,6,0,0
03,015,TINOGASTA,01394,045506,0,0,29,100,0,1,80,0,7,0,0
03,006,SANTA ROSA,01311,045156,0,0,0,99,0,1,3,1,0,0,1
03,009,FRAY MAMERTO ESQUIÚ,01338,045294,0,0,39,96,0,0,99,0,12,5,2
03,001,CAPITAL,01263,044782,0,0,23,98,1,1,75,0,11,7,1
03,001,CAPITAL,01266,044844,0,0,38,98,1,0,83,2,13,6,2
03,002,CAPAYÁN,01279,045057,0,0,97,98,0,0,6,0,0,0,0
03,004,ANCASTI,01296,045129,0,0,31,89,0,0,98,0,1,0,0
03,004,ANCASTI,01301,045136,0,0,1,98,0,0,76,0,4,0,0
03,007,PACLIN,01324,045197,0,0,65,98,0,0,77,2,3,0,0
03,009,FRAY MAMERTO ESQUIÚ,01335,045277,0,0,24,98,0,2,97,1,12,2,2
03,012,ANDALGALÁ,01360,045373,0,0,50,98,0,2,85,0,5,2,0
03,012,ANDALGALÁ,01361,045401,0,0,0,93,0,0,98,1,7,3,2
03,015,TINOGASTA,01399,045517,0,0,0,98,0,0,76,0,3,0,0
03,001,CAPITAL,01266,044889,0,0,38,97,3,0,68,0,16,8,0
03,003,LA PAZ,01285,045075,0,0,0,97,0,0,76,0,15,0,1
03,015,TINOGASTA,01392,045504,0,0,12,97,0,1,16,0,0,0,0
03,015,TINOGASTA,01401,045538,0,0,31,97,0,0,74,0,19,2,0
03,004,ANCASTI,01300,045133,0,0,18,96,0,0,66,0,2,0,0
03,007,PACLIN,01322,045188,0,0,1,96,1,1,54,0,4,3,0
03,009,FRAY MAMERTO ESQUIÚ,01337,045285,0,0,20,95,0,0,38,1,5,1,1
03,010,AMBATO,01345,045324,0,0,21,95,0,2,15,0,12,0,0
03,012,ANDALGALÁ,01360,045374,0,0,40,80,0,0,95,0,5,4,0
03,015,TINOGASTA,01401,045532,0,0,33,95,0,0,59,0,19,3,0
03,001,CAPITAL,01266,044864,0,0,35,94,2,0,66,1,23,7,2
03,008,VALLE VIEJO,01331,045233,0,0,0,94,0,0,28,0,4,0,0
03,013,BELÉN,01381,045460,0,0,0,94,1,0,91,1,0,0,1
03,005,EL ALTO,01302,045137,0,0,0,93,0,0,0,0,0,0,1
03,005,EL ALTO,01306,045142,0,0,27,77,0,0,93,0,0,0,1
03,008,VALLE VIEJO,01332,045246,0,0,0,93,3,4,79,0,12,2,1
03,012,ANDALGALÁ,01360,045390,0,0,0,0,0,0,93,1,0,0,1
03,001,CAPITAL,01260,044628,0,0,0,84,1,0,92,0,14,5,0
03,001,CAPITAL,01263,044775,0,0,32,92,1,0,71,2,17,8,0
03,008,VALLE VIEJO,01330,045210,0,0,0,92,0,0,77,1,8,0,0
03,015,TINOGASTA,01388,045488,0,0,16,92,0,0,24,0,5,0,0
03,001,CAPITAL,01260,044632,0,0,20,91,1,0,81,1,20,7,0
03,003,LA PAZ,01285,045074,0,0,0,91,0,0,58,0,10,0,0
03,005,EL ALTO,01303,045138,0,0,0,91,0,0,9,0,0,0,0
03,003,LA PAZ,01283,045064,0,0,0,90,3,0,67,0,9,1,0
03,007,PACLIN,01321,045186,0,0,0,90,0,0,49,0,2,1,0
03,001,CAPITAL,01260,044627,0,0,0,58,2,1,89,1,20,4,0
03,001,CAPITAL,01260,044629,0,0,36,85,0,0,89,1,15,6,1
03,002,CAPAYÁN,01274,045047,0,0,3,89,0,0,18,0,7,0,1
03,008,VALLE VIEJO,01329,045203,0,0,14,89,0,1,46,1,4,1,1
03,013,BELÉN,01382,045481,0,0,29,65,0,2,89,1,2,1,1
03,012,ANDALGALÁ,01361,045400,0,0,2,81,0,1,88,1,6,1,2
03,001,CAPITAL,01260,044626,0,0,4,87,0,0,81,0,14,6,0
03,003,LA PAZ,01283,045062,0,0,38,87,0,0,80,1,8,0,0
03,010,AMBATO,01345,045325,0,0,26,87,0,0,23,1,9,0,0
03,013,BELÉN,01378,045438,0,0,14,87,0,0,28,0,4,0,0
03,001,CAPITAL,01260,044630,0,0,41,86,0,0,77,1,10,0,0
03,003,LA PAZ,01290,045116,0,0,48,86,0,0,36,0,2,0,0
03,003,LA PAZ,01290,045117,0,0,3,86,0,0,62,0,1,0,0
03,001,CAPITAL,01260,044631,0,0,39,74,0,0,85,2,16,9,1
03,008,VALLE VIEJO,01333,045260,0,0,0,85,1,1,69,0,10,0,0
03,013,BELÉN,01381,045444,0,0,38,0,0,0,85,0,3,6,1
03,001,CAPITAL,01263,044773,0,0,43,84,3,1,77,2,16,5,0
03,008,VALLE VIEJO,01329,045204,0,0,25,84,0,2,38,1,2,1,1
03,015,TINOGASTA,01394,045508,0,0,2,84,0,0,82,3,4,0,0
03,013,BELÉN,01371,045419,0,0,0,77,0,1,83,26,5,0,0
03,001,CAPITAL,01265,044819,0,0,46,82,0,0,69,1,19,0,2
03,001,CAPITAL,01266,044833,0,0,51,72,2,0,82,2,14,7,2
03,007,PACLIN,01325,045198,0,0,0,82,0,0,55,0,2,0,0
03,013,BELÉN,01379,045440,0,0,72,81,0,0,75,0,0,1,0
03,004,ANCASTI,01292,045124,0,0,13,80,0,0,45,0,2,3,0
03,013,BELÉN,01382,045480,0,0,40,79,0,0,63,0,0,0,0
03,009,FRAY MAMERTO ESQUIÚ,01337,045286,0,0,34,78,0,1,43,0,6,3,0
03,013,BELÉN,01379,045439,0,0,1,78,0,0,65,0,2,0,0
03,008,VALLE VIEJO,01327,045200,0,0,78,40,0,0,37,0,3,2,0
03,004,ANCASTI,01300,045134,0,0,30,77,0,2,74,0,2,1,1
03,001,CAPITAL,01261,044637,0,0,43,0,0,0,75,1,13,14,0
03,004,ANCASTI,01300,045135,0,0,32,73,1,0,75,1,1,1,0
03,001,CAPITAL,01265,044815,0,0,61,74,1,0,69,1,6,10,1
03,005,EL ALTO,01305,045141,0,0,15,71,0,0,5,0,0,0,0
03,013,BELÉN,01382,045479,0,0,3,69,1,0,71,0,3,0,0
03,015,TINOGASTA,01397,045514,0,0,7,69,0,0,18,0,1,0,0
03,003,LA PAZ,01282,045061,0,0,68,18,0,0,40,0,4,0,0
03,001,CAPITAL,01268,045011,0,0,0,0,3,0,65,2,15,2,0
03,008,VALLE VIEJO,01332,045254,0,0,2,0,1,0,65,0,9,2,1
03,012,ANDALGALÁ,01358,045369,0,0,0,65,0,1,2,0,1,0,0
03,013,BELÉN,01385,045484,0,0,2,15,0,0,65,0,0,0,0
03,015,TINOGASTA,01387,045486,0,0,0,62,0,0,14,0,0,1,0
03,001,CAPITAL,01268,045008,0,0,5,0,0,0,61,0,43,0,0
03,008,VALLE VIEJO,01334,045269,0,0,0,0,0,0,61,0,14,4,0
03,003,LA PAZ,01289,045090,0,0,3,12,1,0,60,0,19,1,0
03,004,ANCASTI,01295,045128,0,0,24,60,1,0,41,0,0,1,1
03,001,CAPITAL,01266,044871,0,0,30,0,1,0,57,4,16,12,0
03,008,VALLE VIEJO,01333,045262,0,0,0,8,2,1,57,2,1,3,3
03,004,ANCASTI,01292,045125,0,0,12,56,0,0,56,2,1,0,0
03,015,TINOGASTA,01391,045503,0,0,24,56,0,0,41,0,0,0,0
03,001,CAPITAL,01261,044640,0,0,30,0,2,0,53,4,0,0,1
03,008,VALLE VIEJO,01330,045206,0,0,0,0,1,0,52,1,3,0,1
03,013,BELÉN,01375,045426,0,0,6,52,0,0,45,0,0,2,0
03,001,CAPITAL,01267,044955,0,0,3,0,1,0,51,0,19,7,3
03,001,CAPITAL,01261,044652,0,0,35,0,0,0,50,1,24,0,1
03,001,CAPITAL,01262,044696,0,0,2,1,0,0,48,0,15,0,1
03,013,BELÉN,01370,045417,0,0,0,18,0,0,47,0,0,0,0
03,013,BELÉN,01371,045418,0,0,0,1,0,0,0,46,0,0,2
03,003,LA PAZ,01281,045060,0,0,3,45,0,0,5,0,0,0,0
03,001,CAPITAL,01266,044951,0,0,45,0,0,0,0,0,0,5,4
03,009,FRAY MAMERTO ESQUIÚ,01336,045284,0,0,0,0,0,1,44,2,2,0,2
03,001,CAPITAL,01268,045003,0,0,0,0,0,0,43,1,19,9,1
03,009,FRAY MAMERTO ESQUIÚ,01338,045299,0,0,41,0,0,0,0,1,0,4,1
03,004,ANCASTI,01294,045127,0,0,8,40,0,0,22,0,0,0,0
03,001,CAPITAL,01262,044694,0,0,36,0,0,2,0,0,0,0,2
03,013,BELÉN,01384,045483,0,0,0,5,0,0,35,0,0,0,0
03,012,ANDALGALÁ,01359,045370,0,0,0,34,0,0,14,0,1,0,0
03,010,AMBATO,01343,045321,0,0,0,33,0,0,1,0,33,0,0
03,013,BELÉN,01383,045482,0,0,0,0,0,0,31,0,0,0,0
03,002,CAPAYÁN,01272,045028,0,0,0,0,1,0,27,0,1,0,0
03,015,TINOGASTA,01393,045505,0,0,1,27,0,0,24,1,2,0,0
03,001,CAPITAL,01262,044669,0,0,27,0,1,0,0,0,0,0,0
03,002,CAPAYÁN,01269,045013,0,0,14,26,0,0,6,0,0,0,0
03,002,CAPAYÁN,01276,045054,0,0,0,21,0,0,4,0,1,0,0
03,001,CAPITAL,01264,044797,0,0,0,0,0,0,20,0,9,0,1
03,012,ANDALGALÁ,01366,045410,0,0,0,20,0,0,1,0,0,1,0
03,004,ANCASTI,01299,045132,0,0,4,7,0,0,14,0,0,0,0
03,012,ANDALGALÁ,01367,045411,0,0,14,0,0,0,0,0,0,0,0
03,001,CAPITAL,01267,044993,0,0,0,0,2,0,0,5,12,0,0
03,003,LA PAZ,01289,045112,0,0,2,4,3,0,0,0,11,0,1
03,001,CAPITAL,01266,044828,0,0,0,0,0,0,0,0,10,0,0
03,013,BELÉN,01368,045412,0,0,0,3,3,1,7,0,0,0,0
03,001,CAPITAL,01266,044895,0,0,0,0,0,0,0,1,0,4,0
03,001,CAPITAL,01264,044804,0,0,0,0,0,0,0,3,0,0,0
03,001,CAPITAL,01262,044692,0,0,0,0,1,0,0,2,0,0,1
03,001,CAPITAL,01268,045000,0,0,0,0,1,2,0,0,0,0,2
03,001,CAPITAL,01266,044861,0,0,0,0,0,0,0,1,0,0,1
03,006,SANTA ROSA,01310,045152,0,0,0,0,0,0,0,0,1,0,0
03,004,ANCASTI,01298,045131,0,0,1,0,0,0,0,0,0,0,0
03,001,CAPITAL,01261,044639,0,0,0,0,0,0,0,0,0,0,0
03,001,CAPITAL,01261,044644,0,0,0,0,0,0,0,0,0,0,0
03,001,CAPITAL,01262,044676,0,0,0,0,0,0,0,0,0,0,0
03,001,CAPITAL,01262,044693,0,0,0,0,0,0,0,0,0,0,0
03,001,CAPITAL,01262,044697,0,0,0,0,0,0,0,0,0,0,0
03,001,CAPITAL,01262,044700,0,0,0,0,0,0,0,0,0,0,0
03,001,CAPITAL,01262,044701,0,0,0,0,0,0,0,0,0,0,0
03,001,CAPITAL,01262,044702,0,0,0,0,0,0,0,0,0,0,0
03,001,CAPITAL,01262,044714,0,0,0,0,0,0,0,0,0,0,0
03,001,CAPITAL,01262,044726,0,0,0,0,0,0,0,0,0,0,0
03,001,CAPITAL,01262,044748,0,0,0,0,0,0,0,0,0,0,0
03,001,CAPITAL,01262,044757,0,0,0,0,0,0,0,0,0,0,0
03,001,CAPITAL,01262,044769,0,0,0,0,0,0,0,0,0,0,0
03,001,CAPITAL,01263,044776,0,0,0,0,0,0,0,0,0,0,0
03,001,CAPITAL,01264,044788,0,0,0,0,0,0,0,0,0,0,0
03,001,CAPITAL,01264,044790,0,0,0,0,0,0,0,0,0,0,0
03,001,CAPITAL,01264,044793,0,0,0,0,0,0,0,0,0,0,0
03,001,CAPITAL,01264,044807,0,0,0,0,0,0,0,0,0,0,0
03,001,CAPITAL,01266,044843,0,0,0,0,0,0,0,0,0,0,0
03,001,CAPITAL,01266,044853,0,0,0,0,0,0,0,0,0,0,0
03,001,CAPITAL,01266,044890,0,0,0,0,0,0,0,0,0,0,0
03,001,CAPITAL,01266,044907,0,0,0,0,0,0,0,0,0,0,0
03,001,CAPITAL,01266,044909,0,0,0,0,0,0,0,0,0,0,0
03,001,CAPITAL,01266,044925,0,0,0,0,0,0,0,0,0,0,0
03,001,CAPITAL,01266,044927,0,0,0,0,0,0,0,0,0,0,0
03,001,CAPITAL,01266,044932,0,0,0,0,0,0,0,0,0,0,0
03,001,CAPITAL,01266,044941,0,0,0,0,0,0,0,0,0,0,0
03,001,CAPITAL,01266,044948,0,0,0,0,0,0,0,0,0,0,0
03,001,CAPITAL,01266,044950,0,0,0,0,0,0,0,0,0,0,0
03,001,CAPITAL,01267,044956,0,0,0,0,0,0,0,0,0,0,0
03,001,CAPITAL,01267,044963,0,0,0,0,0,0,0,0,0,0,0
03,001,CAPITAL,01267,044969,0,0,0,0,0,0,0,0,0,0,0
03,001,CAPITAL,01267,044976,0,0,0,0,0,0,0,0,0,0,0
03,001,CAPITAL,01267,044995,0,0,0,0,0,0,0,0,0,0,0
03,002,CAPAYÁN,01271,045025,0,0,0,0,0,0,0,0,0,0,0
03,002,CAPAYÁN,01272,045026,0,0,0,0,0,0,0,0,0,0,0
03,003,LA PAZ,01288,045082,0,0,0,0,0,0,0,0,0,0,0
03,003,LA PAZ,01289,045085,0,0,0,0,0,0,0,0,0,0,0
03,003,LA PAZ,01289,045103,0,0,0,0,0,0,0,0,0,0,0
03,003,LA PAZ,01289,045106,0,0,0,0,0,0,0,0,0,0,0
03,006,SANTA ROSA,01312,045158,0,0,0,0,0,0,0,0,0,0,0
03,007,PACLIN,01324,045195,0,0,0,0,0,0,0,0,0,0,0
03,008,VALLE VIEJO,01333,045256,0,0,0,0,0,0,0,0,0,0,0
03,009,FRAY MAMERTO ESQUIÚ,01336,045283,0,0,0,0,0,0,0,0,0,0,0
03,009,FRAY MAMERTO ESQUIÚ,01339,045308,0,0,0,0,0,0,0,0,0,0,0
03,010,AMBATO,01340,045312,0,0,0,0,0,0,0,0,0,0,0
03,010,AMBATO,01344,045323,0,0,0,0,0,0,0,0,0,0,0
03,011,POMÁN,01348,045331,0,0,0,0,0,0,0,0,0,0,0
03,012,ANDALGALÁ,01360,045376,0,0,0,0,0,0,0,0,0,0,0
03,012,ANDALGALÁ,01360,045377,0,0,0,0,0,0,0,0,0,0,0
03,012,ANDALGALÁ,01360,045396,0,0,0,0,0,0,0,0,0,0,0
03,012,ANDALGALÁ,01363,045403,0,0,0,0,0,0,0,0,0,0,0
03,013,BELÉN,01369,045415,0,0,0,0,0,0,0,0,0,0,0
03,015,TINOGASTA,01389,045489,0,0,0,0,0,0,0,0,0,0,0
03,015,TINOGASTA,01390,045494,0,0,0,0,0,0,0,0,0,0,0
03,015,TINOGASTA,01390,045502,0,0,0,0,0,0,0,0,0,0,0
03,015,TINOGASTA,01401,045523,0,0,0,0,0,0,0,0,0,0,0
