codprov,coddepto,depto,circuito,mesa,electores,nulos,blancos,00108,00111,00109,00104,00105,00106,00107,00110
03,012,Andalgalá,01388,044170,0,0,20,223,35,3,0,0,0,0,0
03,012,Andalgalá,01388,044171,0,0,26,222,27,4,0,0,0,0,0
03,013,Belén,01403,044220,0,0,18,212,43,4,0,0,0,0,0
03,013,Belén,01404,044223,0,0,16,212,28,13,0,0,0,0,0
03,013,Belén,01406,044226,0,0,30,212,23,7,0,0,0,0,0
03,011,Pomán,01387,044164,0,0,29,206,41,2,0,0,0,0,0
03,013,Belén,01404,044224,0,0,31,204,23,12,0,0,0,0,0
03,009,Fray Mamerto Esquiú,01370,044113,0,0,13,203,62,8,0,0,0,0,0
03,012,Andalgalá,01388,044169,0,0,7,202,58,4,0,0,0,0,0
03,002,Capayán,01300,043828,0,0,0,201,42,0,0,0,0,0,0
03,012,Andalgalá,01388,044166,0,0,13,201,39,5,0,0,0,0,0
03,012,Andalgalá,01388,044167,0,0,22,201,39,2,0,0,0,0,0
03,002,Capayán,01300,043833,0,0,16,200,45,7,0,0,0,0,0
03,012,Andalgalá,01388,044168,0,0,19,199,46,2,0,0,0,0,0
03,010,Ambato,01375,044125,0,0,24,195,33,8,0,0,0,0,0
03,011,Pomán,01387,044162,0,0,18,195,53,4,0,0,0,0,0
03,005,El Alto,01339,043956,0,0,55,193,82,0,0,0,0,0,0
03,011,Pomán,01387,044159,0,0,17,192,56,1,0,0,0,0,0
03,006,Santa Rosa,01350,043991,0,0,0,191,27,10,0,0,0,0,0
03,013,Belén,01403,044221,0,0,29,191,53,1,0,0,0,0,0
03,013,Belén,01403,044222,0,0,32,191,50,6,0,0,0,0,0
03,012,Andalgalá,01388,044165,0,0,23,190,57,1,0,0,0,0,0
03,005,El Alto,01339,043958,0,0,66,188,61,0,0,0,0,0,0
03,010,Ambato,01375,044126,0,0,0,186,34,6,0,0,0,0,0
03,011,Pomán,01387,044158,0,0,20,186,52,3,0,0,0,0,0
03,006,Santa Rosa,01340,043959,0,0,33,185,46,2,0,0,0,0,0
03,006,Santa Rosa,01346,043972,0,0,31,185,31,12,0,0,0,0,0
03,013,Belén,01409,044238,0,0,18,185,57,5,0,0,0,0,0
03,006,Santa Rosa,01340,043961,0,0,33,184,38,3,0,0,0,0,0
03,006,Santa Rosa,01350,043992,0,0,2,183,23,4,0,0,0,0,0
03,011,Pomán,01387,044157,0,0,19,182,53,4,0,0,0,0,0
03,002,Capayán,01301,043844,0,0,0,181,14,0,0,0,0,0,0
03,003,La Paz,01313,043880,0,0,1,181,51,5,0,0,0,0,0
03,006,Santa Rosa,01346,043971,0,0,36,181,25,7,0,0,0,0,0
03,006,Santa Rosa,01348,043988,0,0,14,181,19,0,NA,NA,NA,NA,NA
03,001,Capital,01293,043615,0,0,37,180,34,7,0,0,0,0,0
03,006,Santa Rosa,01347,043980,0,0,35,180,54,5,0,0,0,0,0
03,006,Santa Rosa,01347,043974,0,0,53,179,52,5,0,0,0,0,0
03,015,Tinogasta,01429,044316,0,0,29,179,51,9,0,0,0,0,0
03,016,Santa María,01438,044356,0,0,20,179,53,8,NA,NA,NA,NA,NA
03,002,Capayán,01300,043827,0,0,1,178,48,3,0,0,0,0,0
03,001,Capital,01293,043626,0,0,22,177,44,7,0,0,0,0,0
03,011,Pomán,01387,044160,0,0,40,177,49,5,0,0,0,0,0
03,001,Capital,01293,043612,0,0,11,176,52,16,0,0,0,0,0
03,002,Capayán,01302,043849,0,0,4,176,33,4,0,0,0,0,0
03,016,Santa María,01440,044363,0,0,29,176,33,1,NA,NA,NA,NA,NA
03,002,Capayán,01307,043865,0,0,0,175,30,0,0,0,0,0,0
03,015,Tinogasta,01421,044290,0,0,13,175,33,22,0,0,0,0,0
03,015,Tinogasta,01432,044326,0,0,23,175,50,10,0,0,0,0,0
03,016,Santa María,01440,044361,0,0,34,175,35,8,NA,NA,NA,NA,NA
03,006,Santa Rosa,01347,043976,0,0,55,174,45,6,0,0,0,0,0
03,006,Santa Rosa,01347,043985,0,0,43,174,56,11,0,0,0,0,0
03,002,Capayán,01300,043829,0,0,10,173,46,7,0,0,0,0,0
03,011,Pomán,01387,044163,0,0,25,173,56,2,0,0,0,0,0
03,013,Belén,01409,044239,0,0,24,173,51,4,0,0,0,0,0
03,016,Santa María,01442,044369,0,0,70,173,33,8,NA,NA,NA,NA,NA
03,001,Capital,01293,043616,0,0,2,172,44,16,NA,NA,NA,NA,NA
03,005,El Alto,01338,043954,0,0,20,172,29,3,0,0,0,0,0
03,006,Santa Rosa,01346,043973,0,0,39,172,26,7,0,0,0,0,0
03,006,Santa Rosa,01347,043979,0,0,39,172,46,19,0,0,0,0,0
03,006,Santa Rosa,01347,043986,0,0,0,172,65,6,0,0,0,0,0
03,007,Paclin,01357,044006,0,0,37,172,84,1,0,0,0,0,0
03,010,Ambato,01372,044117,0,0,34,172,68,10,0,0,0,0,0
03,010,Ambato,01372,044118,0,0,0,172,78,7,0,0,0,0,0
03,001,Capital,01293,043623,0,0,31,171,42,17,0,0,0,0,0
03,001,Capital,01293,043624,0,0,1,171,40,14,0,0,0,0,0
03,003,La Paz,01313,043876,0,0,25,171,75,5,0,0,0,0,0
03,003,La Paz,01313,043877,0,0,3,171,72,1,0,0,0,0,0
03,006,Santa Rosa,01342,043963,0,0,0,171,38,13,0,0,0,0,0
03,009,Fray Mamerto Esquiú,01370,044108,0,0,35,171,79,9,0,0,0,0,0
03,001,Capital,01293,043619,0,0,12,170,52,18,0,0,0,0,0
03,002,Capayán,01300,043832,0,0,0,170,52,3,0,0,0,0,0
03,011,Pomán,01381,044138,0,0,19,170,15,3,0,0,0,0,0
03,001,Capital,01293,043605,0,0,1,169,43,16,0,0,0,0,0
03,006,Santa Rosa,01348,043987,0,0,1,169,25,4,0,0,0,0,0
03,011,Pomán,01387,044161,0,0,23,169,65,4,0,0,0,0,0
03,015,Tinogasta,01427,044312,0,0,10,169,40,5,0,0,0,0,0
03,016,Santa María,01438,044357,0,0,20,169,51,9,NA,NA,NA,NA,NA
03,015,Tinogasta,01426,044309,0,0,7,168,94,0,0,0,0,0,0
03,016,Santa María,01443,044384,0,0,44,168,59,10,NA,NA,NA,NA,NA
03,001,Capital,01293,043621,0,0,35,167,55,10,0,0,0,0,0
03,002,Capayán,01309,043868,0,0,0,167,15,1,0,0,0,0,0
03,006,Santa Rosa,01342,043967,0,0,0,167,33,24,0,0,0,0,0
03,006,Santa Rosa,01347,043975,0,0,35,167,68,5,0,0,0,0,0
03,016,Santa María,01442,044373,0,0,69,167,34,14,NA,NA,NA,NA,NA
03,001,Capital,01293,043628,0,0,0,166,38,25,0,0,0,0,0
03,002,Capayán,01309,043867,0,0,30,166,22,2,0,0,0,0,0
03,006,Santa Rosa,01342,043965,0,0,7,166,17,42,0,0,0,0,0
03,006,Santa Rosa,01347,043977,0,0,52,166,61,8,0,0,0,0,0
03,011,Pomán,01381,044139,0,0,1,166,25,2,0,0,0,0,0
03,001,Capital,01291,043505,0,0,30,165,52,15,0,0,0,0,0
03,001,Capital,01293,043614,0,0,0,165,44,10,0,0,0,0,0
03,003,La Paz,01320,043926,0,0,38,165,39,5,0,0,0,0,0
03,006,Santa Rosa,01347,043982,0,0,53,165,52,12,0,0,0,0,0
03,008,Valle Viejo,01361,044036,0,0,1,165,65,13,0,0,0,0,0
03,011,Pomán,01385,044148,0,0,34,165,71,1,0,0,0,0,0
03,016,Santa María,01443,044397,0,0,36,165,72,0,NA,NA,NA,NA,NA
03,001,Capital,01291,043515,0,0,2,164,59,13,0,0,0,0,0
03,001,Capital,01293,043613,0,0,31,164,53,13,0,0,0,0,0
03,001,Capital,01293,043627,0,0,23,164,55,11,0,0,0,0,0
03,013,Belén,01409,044237,0,0,28,164,68,4,NA,NA,NA,NA,NA
03,015,Tinogasta,01432,044324,0,0,26,164,58,15,0,0,0,0,0
03,016,Santa María,01440,044362,0,0,35,164,40,5,NA,NA,NA,NA,NA
03,016,Santa María,01442,044365,0,0,63,164,61,6,NA,NA,NA,NA,NA
03,016,Santa María,01443,044388,0,0,32,164,66,9,NA,NA,NA,NA,NA
03,001,Capital,01293,043629,0,0,31,163,37,15,0,0,0,0,0
03,002,Capayán,01301,043846,0,0,1,163,14,1,0,0,0,0,0
03,002,Capayán,01302,043851,0,0,2,163,35,6,0,0,0,0,0
03,006,Santa Rosa,01347,043984,0,0,56,163,48,11,0,0,0,0,0
03,007,Paclin,01353,043996,0,0,0,163,88,0,0,0,0,0,0
03,009,Fray Mamerto Esquiú,01366,044084,0,0,35,163,77,13,0,0,0,0,0
03,009,Fray Mamerto Esquiú,01370,044106,0,0,38,163,84,3,0,0,0,0,0
03,002,Capayán,01306,043864,0,0,0,162,26,0,0,0,0,0,0
03,009,Fray Mamerto Esquiú,01370,044103,0,0,31,162,99,1,0,0,0,0,0
03,015,Tinogasta,01432,044325,0,0,31,162,49,28,0,0,0,0,0
03,016,Santa María,01436,044351,0,0,25,162,40,2,NA,NA,NA,NA,NA
03,016,Santa María,01440,044360,0,0,32,162,47,7,NA,NA,NA,NA,NA
03,001,Capital,01293,043617,0,0,0,161,56,7,0,0,0,0,0
03,001,Capital,01293,043620,0,0,21,161,60,5,0,0,0,0,0
03,006,Santa Rosa,01340,043960,0,0,5,161,57,5,0,0,0,0,0
03,015,Tinogasta,01421,044291,0,0,0,161,33,34,0,0,0,0,0
03,001,Capital,01291,043491,0,0,29,160,48,22,0,0,0,0,0
03,001,Capital,01291,043574,0,0,0,160,47,11,0,0,0,0,0
03,002,Capayán,01300,043830,0,0,19,160,45,9,0,0,0,0,0
03,002,Capayán,01302,043852,0,0,0,160,45,8,0,0,0,0,0
03,010,Ambato,01372,044116,0,0,33,160,83,3,0,0,0,0,0
03,013,Belén,01409,044235,0,0,26,160,81,4,0,0,0,0,0
03,016,Santa María,01442,044367,0,0,69,160,46,6,NA,NA,NA,NA,NA
03,016,Santa María,01443,044377,0,0,4,160,65,12,NA,NA,NA,NA,NA
03,001,Capital,01291,043572,0,0,0,159,54,14,0,0,0,0,0
03,001,Capital,01293,043625,0,0,29,159,40,28,0,0,0,0,0
03,001,Capital,01293,043630,0,0,25,159,59,8,0,0,0,0,0
03,016,Santa María,01440,044359,0,0,22,159,56,8,NA,NA,NA,NA,NA
03,016,Santa María,01442,044374,0,0,0,159,42,17,NA,NA,NA,NA,NA
03,001,Capital,01291,043561,0,0,29,158,45,13,0,0,0,0,0
03,001,Capital,01291,043571,0,0,25,158,42,23,0,0,0,0,0
03,001,Capital,01295,043678,0,0,28,158,63,13,0,0,0,0,0
03,013,Belén,01408,044230,0,0,2,158,104,1,0,0,0,0,0
03,013,Belén,01409,044233,0,0,23,158,64,8,0,0,0,0,0
03,001,Capital,01291,043517,0,0,0,157,58,18,0,0,0,0,0
03,001,Capital,01291,043542,0,0,0,157,60,26,0,0,0,0,0
03,001,Capital,01291,043556,0,0,3,157,68,14,0,0,0,0,0
03,001,Capital,01291,043588,0,0,0,157,68,13,0,0,0,0,0
03,001,Capital,01293,043622,0,0,0,157,55,7,0,0,0,0,0
03,002,Capayán,01300,043831,0,0,0,157,60,7,0,0,0,0,0
03,002,Capayán,01302,043854,0,0,1,157,42,9,0,0,0,0,0
03,005,El Alto,01338,043955,0,0,25,157,28,6,0,0,0,0,0
03,005,El Alto,01339,043957,0,0,74,157,91,1,0,0,0,0,0
03,010,Ambato,01373,044121,0,0,46,157,34,0,0,0,0,0,0
03,011,Pomán,01386,044154,0,0,1,157,59,0,0,0,0,0,0
03,016,Santa María,01435,044349,0,0,53,157,17,7,NA,NA,NA,NA,NA
03,016,Santa María,01443,044395,0,0,47,157,69,9,NA,NA,NA,NA,NA
03,001,Capital,01291,043545,0,0,20,156,64,16,0,0,0,0,0
03,001,Capital,01291,043585,0,0,34,156,50,18,0,0,0,0,0
03,001,Capital,01293,043604,0,0,33,156,56,11,0,0,0,0,0
03,002,Capayán,01301,043845,0,0,0,156,14,1,0,0,0,0,0
03,003,La Paz,01318,043916,0,0,37,156,65,22,0,0,0,0,0
03,009,Fray Mamerto Esquiú,01369,044096,0,0,31,156,91,2,0,0,0,0,0
03,012,Andalgalá,01396,044207,0,0,26,156,75,1,0,0,0,0,0
03,015,Tinogasta,01429,044315,0,0,22,156,63,10,0,0,0,0,0
03,015,Tinogasta,01432,044339,0,0,23,156,64,30,0,0,0,0,0
03,001,Capital,01291,043496,0,0,30,155,60,15,0,0,0,0,0
03,001,Capital,01291,043512,0,0,28,155,69,14,0,0,0,0,0
03,001,Capital,01291,043554,0,0,30,155,56,10,0,0,0,0,0
03,001,Capital,01291,043562,0,0,38,155,53,15,0,0,0,0,0
03,001,Capital,01293,043610,0,0,0,155,44,11,0,0,0,0,0
03,003,La Paz,01316,043887,0,0,0,155,26,2,0,0,0,0,0
03,005,El Alto,01338,043953,0,0,33,155,25,8,0,0,0,0,0
03,015,Tinogasta,01432,044328,0,0,26,155,56,13,0,0,0,0,0
03,015,Tinogasta,01432,044331,0,0,36,155,52,18,0,0,0,0,0
03,015,Tinogasta,01432,044333,0,0,24,155,49,20,0,0,0,0,0
03,016,Santa María,01443,044394,0,0,35,155,76,12,NA,NA,NA,NA,NA
03,001,Capital,01291,043544,0,0,0,154,54,17,0,0,0,0,0
03,002,Capayán,01302,043848,0,0,0,154,28,8,0,0,0,0,0
03,003,La Paz,01313,043882,0,0,40,154,79,4,0,0,0,0,0
03,003,La Paz,01318,043913,0,0,44,154,59,21,0,0,0,0,0
03,009,Fray Mamerto Esquiú,01367,044087,0,0,0,154,48,5,0,0,0,0,0
03,009,Fray Mamerto Esquiú,01370,044109,0,0,27,154,102,5,0,0,0,0,0
03,009,Fray Mamerto Esquiú,01370,044111,0,0,48,154,82,6,0,0,0,0,0
03,009,Fray Mamerto Esquiú,01370,044112,0,0,0,154,88,4,0,0,0,0,0
03,001,Capital,01291,043536,0,0,0,153,53,15,0,0,0,0,0
03,001,Capital,01291,043555,0,0,0,153,57,17,0,0,0,0,0
03,003,La Paz,01313,043881,0,0,31,153,79,7,0,0,0,0,0
03,006,Santa Rosa,01347,043983,0,0,45,153,67,9,0,0,0,0,0
03,013,Belén,01409,044234,0,0,36,153,53,5,0,0,0,0,0
03,015,Tinogasta,01432,044340,0,0,29,153,53,21,0,0,0,0,0
03,016,Santa María,01443,044387,0,0,37,153,61,11,NA,NA,NA,NA,NA
03,001,Capital,01291,043529,0,0,2,152,57,19,NA,NA,NA,NA,NA
03,001,Capital,01291,043548,0,0,1,152,56,12,0,0,0,0,0
03,009,Fray Mamerto Esquiú,01370,044105,0,0,34,152,75,4,0,0,0,0,0
03,010,Ambato,01373,044122,0,0,36,152,46,5,0,0,0,0,0
03,013,Belén,01413,044252,0,0,0,152,103,6,0,0,0,0,0
03,016,Santa María,01443,044389,0,0,34,152,75,11,NA,NA,NA,NA,NA
03,016,Santa María,01443,044405,0,0,39,152,61,10,NA,NA,NA,NA,NA
03,001,Capital,01291,043527,0,0,0,151,64,11,0,0,0,0,0
03,001,Capital,01293,043609,0,0,0,151,58,16,0,0,0,0,0
03,008,Valle Viejo,01361,044018,0,0,0,151,76,13,0,0,0,0,0
03,008,Valle Viejo,01363,044041,0,0,0,151,79,13,0,0,0,0,0
03,015,Tinogasta,01422,044300,0,0,11,124,151,1,0,0,0,0,0
03,015,Tinogasta,01432,044337,0,0,38,151,46,11,0,0,0,0,0
03,016,Santa María,01436,044350,0,0,0,151,48,6,NA,NA,NA,NA,NA
03,016,Santa María,01442,044370,0,0,68,151,62,6,NA,NA,NA,NA,NA
03,016,Santa María,01443,044383,0,0,40,151,73,9,NA,NA,NA,NA,NA
03,016,Santa María,01443,044385,0,0,39,151,62,12,NA,NA,NA,NA,NA
03,002,Capayán,01301,043840,0,0,0,150,19,1,0,0,0,0,0
03,003,La Paz,01318,043918,0,0,1,150,66,22,0,0,0,0,0
03,006,Santa Rosa,01342,043966,0,0,0,150,13,31,0,0,0,0,0
03,008,Valle Viejo,01361,044013,0,0,0,150,81,9,0,0,0,0,0
03,008,Valle Viejo,01363,044053,0,0,0,150,109,13,0,0,0,0,0
03,008,Valle Viejo,01363,044056,0,0,0,150,79,4,0,0,0,0,0
03,010,Ambato,01377,044131,0,0,33,150,31,49,0,0,0,0,0
03,016,Santa María,01436,044352,0,0,20,150,62,11,NA,NA,NA,NA,NA
03,001,Capital,01291,043495,0,0,0,149,60,16,0,0,0,0,0
03,001,Capital,01291,043499,0,0,0,149,52,19,0,0,0,0,0
03,001,Capital,01291,043573,0,0,30,149,74,13,0,0,0,0,0
03,001,Capital,01293,043606,0,0,36,149,48,16,0,0,0,0,0
03,001,Capital,01293,043607,0,0,0,149,60,19,0,0,0,0,0
03,002,Capayán,01302,043853,0,0,0,149,51,2,0,0,0,0,0
03,003,La Paz,01318,043892,0,0,39,149,66,29,0,0,0,0,0
03,003,La Paz,01318,043896,0,0,47,149,39,35,0,0,0,0,0
03,008,Valle Viejo,01363,044042,0,0,44,149,83,10,0,0,0,0,0
03,013,Belén,01413,044255,0,0,33,105,149,3,0,0,0,0,0
03,015,Tinogasta,01422,044294,0,0,19,149,97,1,0,0,0,0,0
03,016,Santa María,01443,044391,0,0,32,149,63,6,NA,NA,NA,NA,NA
03,001,Capital,01291,043498,0,0,1,148,54,17,0,0,0,0,0
03,001,Capital,01291,043576,0,0,0,148,56,28,0,0,0,0,0
03,001,Capital,01291,043582,0,0,30,148,49,14,0,0,0,0,0
03,001,Capital,01291,043583,0,0,38,148,56,10,0,0,0,0,0
03,001,Capital,01293,043603,0,0,32,148,55,14,0,0,0,0,0
03,001,Capital,01293,043608,0,0,2,148,51,11,0,0,0,0,0
03,001,Capital,01297,043813,0,0,0,148,71,16,0,0,0,0,0
03,002,Capayán,01300,043835,0,0,5,148,51,7,0,0,0,0,0
03,005,El Alto,01334,043947,0,0,1,148,53,5,0,0,0,0,0
03,006,Santa Rosa,01342,043964,0,0,0,148,41,27,0,0,0,0,0
03,006,Santa Rosa,01347,043978,0,0,67,148,59,5,0,0,0,0,0
03,006,Santa Rosa,01347,043981,0,0,52,148,64,11,0,0,0,0,0
03,008,Valle Viejo,01364,044060,0,0,1,148,80,6,0,0,0,0,0
03,013,Belén,01408,044229,0,0,7,127,148,0,0,0,0,0,0
03,015,Tinogasta,01432,044320,0,0,49,148,48,15,0,0,0,0,0
03,016,Santa María,01443,044406,0,0,37,148,85,3,NA,NA,NA,NA,NA
03,001,Capital,01291,043503,0,0,0,147,61,17,0,0,0,0,0
03,001,Capital,01291,043514,0,0,0,147,53,19,0,0,0,0,0
03,001,Capital,01296,043774,0,0,34,147,83,10,0,0,0,0,0
03,002,Capayán,01300,043834,0,0,6,147,53,7,0,0,0,0,0
03,003,La Paz,01318,043898,0,0,46,147,56,15,0,0,0,0,0
03,003,La Paz,01320,043925,0,0,0,147,56,1,0,0,0,0,0
03,006,Santa Rosa,01344,043969,0,0,21,147,30,2,0,0,0,0,0
03,008,Valle Viejo,01364,044067,0,0,0,147,69,15,0,0,0,0,0
03,009,Fray Mamerto Esquiú,01366,044082,0,0,0,147,101,7,0,0,0,0,0
03,009,Fray Mamerto Esquiú,01366,044083,0,0,2,147,89,13,0,0,0,0,0
03,010,Ambato,01377,044129,0,0,33,147,32,49,0,0,0,0,0
03,012,Andalgalá,01391,044195,0,0,24,147,80,7,0,0,0,0,0
03,015,Tinogasta,01432,044327,0,0,34,147,65,19,0,0,0,0,0
03,016,Santa María,01442,044366,0,0,87,147,46,4,NA,NA,NA,NA,NA
03,016,Santa María,01442,044368,0,0,81,147,48,3,NA,NA,NA,NA,NA
03,016,Santa María,01443,044402,0,0,25,147,75,8,NA,NA,NA,NA,NA
03,016,Santa María,01443,044403,0,0,23,147,73,8,NA,NA,NA,NA,NA
03,001,Capital,01290,043472,0,0,27,146,67,16,0,0,0,0,0
03,001,Capital,01291,043493,0,0,1,146,54,18,NA,NA,NA,NA,NA
03,001,Capital,01291,043509,0,0,0,146,65,18,0,0,0,0,0
03,001,Capital,01291,043523,0,0,1,146,68,13,0,0,0,0,0
03,001,Capital,01291,043534,0,0,36,146,54,20,0,0,0,0,0
03,001,Capital,01291,043565,0,0,42,146,68,18,0,0,0,0,0
03,001,Capital,01291,043569,0,0,35,146,54,16,0,0,0,0,0
03,003,La Paz,01313,043875,0,0,45,146,80,4,0,0,0,0,0
03,003,La Paz,01313,043878,0,0,42,146,67,3,0,0,0,0,0
03,003,La Paz,01318,043912,0,0,0,146,55,28,0,0,0,0,0
03,008,Valle Viejo,01363,044043,0,0,1,146,90,20,0,0,0,0,0
03,011,Pomán,01386,044156,0,0,27,146,66,0,0,0,0,0,0
03,013,Belén,01408,044232,0,0,5,146,116,0,0,0,0,0,0
03,013,Belén,01413,044272,0,0,5,146,92,2,0,0,0,0,0
03,015,Tinogasta,01422,044292,0,0,15,112,146,0,0,0,0,0,0
03,015,Tinogasta,01432,044334,0,0,29,146,68,18,0,0,0,0,0
03,001,Capital,01291,043492,0,0,0,145,69,15,0,0,0,0,0
03,001,Capital,01295,043647,0,0,33,145,67,13,0,0,0,0,0
03,001,Capital,01295,043668,0,0,34,145,60,16,0,0,0,0,0
03,001,Capital,01296,043777,0,0,25,145,78,20,0,0,0,0,0
03,002,Capayán,01300,043826,0,0,0,145,62,7,0,0,0,0,0
03,008,Valle Viejo,01361,044027,0,0,63,145,69,10,0,0,0,0,0
03,009,Fray Mamerto Esquiú,01370,044104,0,0,33,145,88,5,0,0,0,0,0
03,011,Pomán,01382,044141,0,0,0,145,47,1,0,0,0,0,0
03,015,Tinogasta,01422,044295,0,0,9,145,109,0,0,0,0,0,0
03,016,Santa María,01443,044392,0,0,39,70,145,8,NA,NA,NA,NA,NA
03,001,Capital,01291,043578,0,0,41,144,53,11,0,0,0,0,0
03,001,Capital,01295,043758,0,0,0,144,86,20,0,0,0,0,0
03,003,La Paz,01318,043895,0,0,0,144,69,24,0,0,0,0,0
03,008,Valle Viejo,01361,044034,0,0,53,144,71,13,0,0,0,0,0
03,011,Pomán,01385,044149,0,0,2,144,73,1,0,0,0,0,0
03,013,Belén,01414,044280,0,0,0,144,59,0,0,0,0,0,0
03,016,Santa María,01442,044371,0,0,76,144,50,10,NA,NA,NA,NA,NA
03,001,Capital,01291,043553,0,0,39,143,61,9,0,0,0,0,0
03,001,Capital,01291,043568,0,0,0,143,58,18,0,0,0,0,0
03,001,Capital,01291,043570,0,0,35,143,72,9,0,0,0,0,0
03,001,Capital,01295,043644,0,0,31,143,76,14,0,0,0,0,0
03,001,Capital,01295,043672,0,0,36,143,67,15,0,0,0,0,0
03,002,Capayán,01301,043843,0,0,0,143,25,2,0,0,0,0,0
03,003,La Paz,01318,043901,0,0,34,143,69,21,0,0,0,0,0
03,005,El Alto,01338,043952,0,0,39,143,30,10,0,0,0,0,0
03,008,Valle Viejo,01361,044014,0,0,40,143,84,17,0,0,0,0,0
03,008,Valle Viejo,01363,044040,0,0,2,93,143,11,0,0,0,0,0
03,009,Fray Mamerto Esquiú,01369,044098,0,0,39,143,93,9,0,0,0,0,0
03,001,Capital,01291,043490,0,0,0,142,58,12,0,0,0,0,0
03,001,Capital,01291,043513,0,0,0,142,57,16,0,0,0,0,0
03,001,Capital,01291,043540,0,0,5,142,70,13,0,0,0,0,0
03,001,Capital,01291,043580,0,0,38,142,62,10,0,0,0,0,0
03,001,Capital,01296,043773,0,0,39,142,61,31,0,0,0,0,0
03,001,Capital,01296,043801,0,0,44,142,79,13,0,0,0,0,0
03,002,Capayán,01301,043836,0,0,0,142,13,2,0,0,0,0,0
03,008,Valle Viejo,01361,044028,0,0,39,142,72,8,0,0,0,0,0
03,008,Valle Viejo,01364,044064,0,0,0,142,85,7,0,0,0,0,0
03,010,Ambato,01372,044119,0,0,43,142,83,6,0,0,0,0,0
03,010,Ambato,01373,044120,0,0,33,142,51,8,0,0,0,0,0
03,012,Andalgalá,01393,044203,0,0,26,142,100,1,0,0,0,0,0
03,012,Andalgalá,01396,044208,0,0,32,142,76,7,0,0,0,0,0
03,001,Capital,01291,043522,0,0,1,141,67,22,0,0,0,0,0
03,001,Capital,01291,043543,0,0,0,141,53,18,0,0,0,0,0
03,001,Capital,01291,043563,0,0,38,141,46,22,0,0,0,0,0
03,001,Capital,01291,043566,0,0,33,141,68,12,0,0,0,0,0
03,001,Capital,01291,043584,0,0,36,141,62,16,0,0,0,0,0
03,001,Capital,01293,043611,0,0,0,141,57,17,0,0,0,0,0
03,001,Capital,01293,043618,0,0,31,141,51,16,0,0,0,0,0
03,001,Capital,01295,043677,0,0,27,141,90,19,0,0,0,0,0
03,001,Capital,01296,043805,0,0,37,141,74,10,0,0,0,0,0
03,001,Capital,01297,043811,0,0,0,141,89,10,0,0,0,0,0
03,002,Capayán,01301,043842,0,0,6,141,25,2,0,0,0,0,0
03,008,Valle Viejo,01363,044039,0,0,0,141,88,13,0,0,0,0,0
03,008,Valle Viejo,01365,044079,0,0,51,141,81,8,0,0,0,0,0
03,010,Ambato,01378,044133,0,0,7,141,6,25,0,0,0,0,0
03,011,Pomán,01384,044146,0,0,31,141,87,0,0,0,0,0,0
03,012,Andalgalá,01396,044209,0,0,30,141,91,0,0,0,0,0,0
03,013,Belén,01400,044214,0,0,0,113,141,0,0,0,0,0,0
03,013,Belén,01408,044228,0,0,11,141,115,2,0,0,0,0,0
03,013,Belén,01413,044265,0,0,31,141,98,3,0,0,0,0,0
03,015,Tinogasta,01432,044322,0,0,34,141,64,11,0,0,0,0,0
03,015,Tinogasta,01432,044335,0,0,23,141,69,13,0,0,0,0,0
03,015,Tinogasta,01432,044346,0,0,44,141,61,12,0,0,0,0,0
03,016,Santa María,01443,044380,0,0,48,141,80,7,NA,NA,NA,NA,NA
03,016,Santa María,01443,044399,0,0,39,141,86,9,NA,NA,NA,NA,NA
03,001,Capital,01291,043500,0,0,42,140,75,18,0,0,0,0,0
03,001,Capital,01291,043550,0,0,24,140,57,22,0,0,0,0,0
03,001,Capital,01291,043577,0,0,35,140,53,12,0,0,0,0,0
03,001,Capital,01295,043660,0,0,36,140,62,12,0,0,0,0,0
03,001,Capital,01295,043673,0,0,39,140,70,12,0,0,0,0,0
03,001,Capital,01295,043692,0,0,27,140,92,15,0,0,0,0,0
03,003,La Paz,01318,043919,0,0,46,140,72,23,0,0,0,0,0
03,005,El Alto,01334,043946,0,0,0,140,50,8,0,0,0,0,0
03,007,Paclin,01356,044005,0,0,45,140,101,2,NA,NA,NA,NA,NA
03,008,Valle Viejo,01361,044019,0,0,52,140,79,9,0,0,0,0,0
03,008,Valle Viejo,01361,044037,0,0,35,140,80,14,0,0,0,0,0
03,008,Valle Viejo,01364,044068,0,0,42,140,63,12,0,0,0,0,0
03,008,Valle Viejo,01365,044069,0,0,0,140,90,5,0,0,0,0,0
03,009,Fray Mamerto Esquiú,01366,044081,0,0,36,140,94,13,0,0,0,0,0
03,011,Pomán,01386,044155,0,0,2,140,76,3,0,0,0,0,0
03,012,Andalgalá,01391,044179,0,0,37,140,84,0,0,0,0,0,0
03,012,Andalgalá,01395,044205,0,0,13,140,20,1,0,0,0,0,0
03,013,Belén,01402,044218,0,0,0,63,140,0,0,0,0,0,0
03,015,Tinogasta,01422,044297,0,0,17,140,111,1,0,0,0,0,0
03,015,Tinogasta,01426,044310,0,0,12,140,105,3,0,0,0,0,0
03,015,Tinogasta,01432,044323,0,0,28,140,74,14,0,0,0,0,0
03,001,Capital,01291,043518,0,0,39,139,62,19,NA,NA,NA,NA,NA
03,001,Capital,01291,043567,0,0,48,139,52,8,0,0,0,0,0
03,001,Capital,01296,043778,0,0,0,139,94,14,0,0,0,0,0
03,003,La Paz,01313,043879,0,0,46,139,79,1,0,0,0,0,0
03,003,La Paz,01317,043891,0,0,44,139,60,8,0,0,0,0,0
03,003,La Paz,01318,043897,0,0,2,139,61,25,0,0,0,0,0
03,003,La Paz,01318,043899,0,0,54,139,62,25,0,0,0,0,0
03,003,La Paz,01318,043906,0,0,45,139,72,25,0,0,0,0,0
03,003,La Paz,01318,043909,0,0,42,139,82,17,0,0,0,0,0
03,003,La Paz,01320,043929,0,0,0,139,73,0,0,0,0,0,0
03,008,Valle Viejo,01361,044012,0,0,0,139,80,17,0,0,0,0,0
03,008,Valle Viejo,01363,044047,0,0,0,139,85,12,0,0,0,0,0
03,008,Valle Viejo,01365,044071,0,0,0,139,90,4,0,0,0,0,0
03,012,Andalgalá,01392,044200,0,0,1,139,105,1,0,0,0,0,0
03,015,Tinogasta,01422,044301,0,0,13,114,139,3,0,0,0,0,0
03,002,Capayán,01301,043837,0,0,139,128,16,0,0,0,0,0,0
03,001,Capital,01291,043510,0,0,40,138,76,20,0,0,0,0,0
03,001,Capital,01291,043519,0,0,0,138,50,14,0,0,0,0,0
03,001,Capital,01291,043528,0,0,28,138,71,24,0,0,0,0,0
03,001,Capital,01291,043532,0,0,25,138,68,13,0,0,0,0,0
03,001,Capital,01291,043539,0,0,21,138,73,13,0,0,0,0,0
03,001,Capital,01291,043541,0,0,33,138,73,13,0,0,0,0,0
03,001,Capital,01296,043775,0,0,35,138,85,17,0,0,0,0,0
03,003,La Paz,01315,043886,0,0,3,138,90,1,0,0,0,0,0
03,003,La Paz,01318,043910,0,0,51,138,68,19,0,0,0,0,0
03,003,La Paz,01318,043914,0,0,0,138,65,29,0,0,0,0,0
03,008,Valle Viejo,01364,044065,0,0,0,138,79,7,0,0,0,0,0
03,009,Fray Mamerto Esquiú,01370,044114,0,0,40,138,112,4,0,0,0,0,0
03,013,Belén,01412,044244,0,0,0,138,61,0,0,0,0,0,0
03,013,Belén,01413,044261,0,0,3,138,87,4,0,0,0,0,0
03,015,Tinogasta,01432,044341,0,0,0,138,57,19,0,0,0,0,0
03,016,Santa María,01436,044354,0,0,32,138,46,8,NA,NA,NA,NA,NA
03,016,Santa María,01443,044376,0,0,35,138,89,11,NA,NA,NA,NA,NA
03,001,Capital,01291,043520,0,0,0,137,68,13,0,0,0,0,0
03,001,Capital,01291,043581,0,0,33,137,63,24,0,0,0,0,0
03,001,Capital,01295,043707,0,0,42,137,70,15,0,0,0,0,0
03,001,Capital,01295,043734,0,0,33,137,83,15,0,0,0,0,0
03,002,Capayán,01301,043838,0,0,0,137,18,2,0,0,0,0,0
03,008,Valle Viejo,01364,044066,0,0,0,137,74,10,0,0,0,0,0
03,010,Ambato,01373,044123,0,0,27,137,62,5,0,0,0,0,0
03,011,Pomán,01380,044136,0,0,27,137,102,2,0,0,0,0,0
03,013,Belén,01408,044231,0,0,12,124,137,0,0,0,0,0,0
03,013,Belén,01413,044263,0,0,38,137,104,1,0,0,0,0,0
03,015,Tinogasta,01422,044303,0,0,28,104,137,2,0,0,0,0,0
03,016,Santa María,01443,044381,0,0,43,137,88,7,NA,NA,NA,NA,NA
03,001,Capital,01290,043481,0,0,27,136,69,17,0,0,0,0,0
03,001,Capital,01291,043575,0,0,33,136,58,17,0,0,0,0,0
03,001,Capital,01295,043652,0,0,35,136,79,16,0,0,0,0,0
03,001,Capital,01295,043658,0,0,32,136,75,16,0,0,0,0,0
03,003,La Paz,01318,043908,0,0,73,136,34,31,0,0,0,0,0
03,003,La Paz,01318,043920,0,0,0,136,75,16,0,0,0,0,0
03,007,Paclin,01354,044003,0,0,34,136,93,3,0,0,0,0,0
03,008,Valle Viejo,01361,044017,0,0,0,136,88,15,0,0,0,0,0
03,008,Valle Viejo,01361,044031,0,0,0,136,85,11,0,0,0,0,0
03,009,Fray Mamerto Esquiú,01369,044092,0,0,38,136,91,6,0,0,0,0,0
03,011,Pomán,01383,044145,0,0,8,136,62,1,0,0,0,0,0
03,012,Andalgalá,01391,044191,0,0,0,136,98,0,0,0,0,0,0
03,012,Andalgalá,01391,044192,0,0,0,136,88,2,0,0,0,0,0
03,013,Belén,01400,044213,0,0,1,136,108,1,0,0,0,0,0
03,013,Belén,01413,044256,0,0,0,0,136,0,0,0,0,0,0
03,013,Belén,01414,044281,0,0,25,136,57,0,0,0,0,0,0
03,015,Tinogasta,01432,044343,0,0,40,136,67,12,0,0,0,0,0
03,016,Santa María,01443,044382,0,0,33,136,81,8,NA,NA,NA,NA,NA
03,016,Santa María,01443,044393,0,0,0,136,94,4,NA,NA,NA,NA,NA
03,016,Santa María,01443,044401,0,0,41,136,90,9,NA,NA,NA,NA,NA
03,001,Capital,01291,043535,0,0,27,135,73,13,0,0,0,0,0
03,001,Capital,01291,043538,0,0,0,135,86,13,0,0,0,0,0
03,001,Capital,01291,043587,0,0,0,135,73,9,0,0,0,0,0
03,001,Capital,01292,043589,0,0,29,135,93,7,0,0,0,0,0
03,001,Capital,01295,043687,0,0,0,135,89,21,0,0,0,0,0
03,001,Capital,01295,043704,0,0,43,135,79,17,0,0,0,0,0
03,001,Capital,01295,043739,0,0,33,135,71,26,0,0,0,0,0
03,009,Fray Mamerto Esquiú,01369,044094,0,0,42,135,87,14,0,0,0,0,0
03,009,Fray Mamerto Esquiú,01369,044095,0,0,28,135,91,9,0,0,0,0,0
03,009,Fray Mamerto Esquiú,01370,044110,0,0,32,135,97,3,0,0,0,0,0
03,012,Andalgalá,01396,044206,0,0,30,135,83,2,0,0,0,0,0
03,015,Tinogasta,01432,044321,0,0,34,135,65,11,0,0,0,0,0
03,015,Tinogasta,01432,044344,0,0,29,135,66,16,0,0,0,0,0
03,015,Tinogasta,01432,044345,0,0,26,135,73,17,0,0,0,0,0
03,001,Capital,01290,043485,0,0,26,134,71,16,0,0,0,0,0
03,001,Capital,01291,043506,0,0,0,134,82,9,0,0,0,0,0
03,001,Capital,01291,043524,0,0,0,134,66,26,0,0,0,0,0
03,001,Capital,01291,043546,0,0,0,134,70,15,0,0,0,0,0
03,001,Capital,01292,043597,0,0,28,134,76,15,0,0,0,0,0
03,001,Capital,01294,043635,0,0,32,134,84,8,0,0,0,0,0
03,001,Capital,01296,043780,0,0,36,134,78,15,0,0,0,0,0
03,001,Capital,01296,043798,0,0,22,134,84,21,0,0,0,0,0
03,002,Capayán,01301,043839,0,0,132,134,18,2,0,0,0,0,0
03,002,Capayán,01301,043847,0,0,0,134,14,1,0,0,0,0,0
03,008,Valle Viejo,01363,044048,0,0,1,134,95,9,0,0,0,0,0
03,012,Andalgalá,01391,044178,0,0,35,134,97,2,0,0,0,0,0
03,012,Andalgalá,01391,044197,0,0,42,134,84,4,0,0,0,0,0
03,013,Belén,01413,044258,0,0,26,134,116,1,0,0,0,0,0
03,013,Belén,01413,044264,0,0,38,134,113,4,0,0,0,0,0
03,015,Tinogasta,01427,044313,0,0,18,134,78,4,0,0,0,0,0
03,001,Capital,01289,043460,0,0,0,88,133,13,0,0,0,0,0
03,001,Capital,01291,043552,0,0,52,133,49,13,0,0,0,0,0
03,001,Capital,01295,043744,0,0,40,133,86,14,0,0,0,0,0
03,001,Capital,01295,043753,0,0,0,133,75,26,0,0,0,0,0
03,001,Capital,01295,043759,0,0,0,133,72,13,0,0,0,0,0
03,001,Capital,01296,043792,0,0,2,133,87,13,0,0,0,0,0
03,001,Capital,01296,043802,0,0,0,133,82,16,0,0,0,0,0
03,003,La Paz,01318,043903,0,0,51,133,62,26,0,0,0,0,0
03,003,La Paz,01320,043924,0,0,0,133,61,1,0,0,0,0,0
03,007,Paclin,01354,043997,0,0,20,133,114,1,0,0,0,0,0
03,007,Paclin,01354,044001,0,0,26,133,115,1,0,0,0,0,0
03,008,Valle Viejo,01361,044022,0,0,0,133,78,6,0,0,0,0,0
03,008,Valle Viejo,01363,044057,0,0,0,133,87,6,0,0,0,0,0
03,009,Fray Mamerto Esquiú,01370,044107,0,0,34,133,110,9,0,0,0,0,0
03,010,Ambato,01377,044130,0,0,41,133,24,65,0,0,0,0,0
03,011,Pomán,01382,044143,0,0,1,133,57,10,0,0,0,0,0
03,013,Belén,01413,044271,0,0,0,117,133,2,0,0,0,0,0
03,013,Belén,01413,044276,0,0,43,114,133,1,0,0,0,0,0
03,015,Tinogasta,01432,044319,0,0,34,133,73,13,0,0,0,0,0
03,016,Santa María,01443,044378,0,0,33,133,97,10,NA,NA,NA,NA,NA
03,001,Capital,01291,043502,0,0,24,132,71,13,0,0,0,0,0
03,001,Capital,01291,043504,0,0,38,132,75,18,0,0,0,0,0
03,001,Capital,01291,043560,0,0,0,132,69,14,0,0,0,0,0
03,001,Capital,01295,043699,0,0,25,132,87,13,0,0,0,0,0
03,001,Capital,01295,043710,0,0,32,132,81,12,0,0,0,0,0
03,001,Capital,01295,043730,0,0,26,132,89,17,0,0,0,0,0
03,001,Capital,01295,043733,0,0,34,132,75,19,0,0,0,0,0
03,001,Capital,01296,043768,0,0,33,132,84,20,0,0,0,0,0
03,003,La Paz,01314,043885,0,0,0,132,52,8,0,0,0,0,0
03,003,La Paz,01318,043904,0,0,42,132,96,19,0,0,0,0,0
03,004,Ancasti,01330,043940,0,0,25,132,62,1,0,0,0,0,0
03,007,Paclin,01354,043999,0,0,31,132,100,1,0,0,0,0,0
03,008,Valle Viejo,01361,044032,0,0,2,132,84,17,0,0,0,0,0
03,008,Valle Viejo,01361,044033,0,0,43,132,105,10,0,0,0,0,0
03,008,Valle Viejo,01363,044045,0,0,0,132,85,10,0,0,0,0,0
03,008,Valle Viejo,01363,044051,0,0,2,132,120,7,0,0,0,0,0
03,009,Fray Mamerto Esquiú,01367,044085,0,0,15,132,58,1,0,0,0,0,0
03,012,Andalgalá,01391,044176,0,0,54,132,89,2,0,0,0,0,0
03,012,Andalgalá,01391,044185,0,0,30,132,80,0,0,0,0,0,0
03,013,Belén,01412,044243,0,0,15,132,46,3,0,0,0,0,0
03,013,Belén,01413,044248,0,0,46,132,98,1,0,0,0,0,0
03,013,Belén,01413,044266,0,0,47,132,111,3,0,0,0,0,0
03,015,Tinogasta,01422,044293,0,0,13,127,132,1,0,0,0,0,0
03,015,Tinogasta,01422,044299,0,0,17,132,121,2,0,0,0,0,0
03,015,Tinogasta,01426,044311,0,0,16,132,121,3,0,0,0,0,0
03,015,Tinogasta,01432,044332,0,0,29,132,68,18,0,0,0,0,0
03,015,Tinogasta,01432,044336,0,0,25,132,74,17,0,0,0,0,0
03,001,Capital,01291,043533,0,0,28,131,74,19,0,0,0,0,0
03,001,Capital,01291,043547,0,0,0,131,56,20,0,0,0,0,0
03,001,Capital,01291,043549,0,0,32,131,72,18,0,0,0,0,0
03,001,Capital,01295,043648,0,0,26,131,95,10,0,0,0,0,0
03,001,Capital,01295,043657,0,0,25,131,82,16,0,0,0,0,0
03,001,Capital,01295,043690,0,0,28,131,69,25,0,0,0,0,0
03,001,Capital,01295,043706,0,0,40,131,70,14,0,0,0,0,0
03,001,Capital,01295,043729,0,0,0,131,91,19,0,0,0,0,0
03,001,Capital,01295,043732,0,0,39,131,72,15,0,0,0,0,0
03,001,Capital,01295,043746,0,0,40,131,67,17,0,0,0,0,0
03,001,Capital,01296,043769,0,0,30,131,67,22,0,0,0,0,0
03,001,Capital,01296,043799,0,0,34,131,79,16,0,0,0,0,0
03,001,Capital,01296,043803,0,0,43,131,75,18,0,0,0,0,0
03,001,Capital,01296,043807,0,0,32,131,88,11,0,0,0,0,0
03,008,Valle Viejo,01361,044021,0,0,50,131,78,17,0,0,0,0,0
03,008,Valle Viejo,01361,044026,0,0,0,131,91,10,0,0,0,0,0
03,008,Valle Viejo,01365,044076,0,0,49,131,82,13,0,0,0,0,0
03,009,Fray Mamerto Esquiú,01369,044091,0,0,29,131,110,5,0,0,0,0,0
03,011,Pomán,01382,044142,0,0,2,131,55,4,0,0,0,0,0
03,013,Belén,01413,044251,0,0,26,117,131,3,0,0,0,0,0
03,016,Santa María,01442,044372,0,0,80,131,58,11,NA,NA,NA,NA,NA
03,001,Capital,01289,043461,0,0,0,87,130,8,0,0,0,0,0
03,001,Capital,01290,043484,0,0,40,130,78,12,0,0,0,0,0
03,001,Capital,01291,043557,0,0,1,130,76,16,0,0,0,0,0
03,001,Capital,01292,043602,0,0,31,130,89,9,0,0,0,0,0
03,001,Capital,01295,043663,0,0,44,130,68,20,0,0,0,0,0
03,001,Capital,01295,043713,0,0,24,130,78,22,0,0,0,0,0
03,001,Capital,01295,043726,0,0,32,130,83,21,0,0,0,0,0
03,001,Capital,01295,043727,0,0,0,130,68,16,0,0,0,0,0
03,001,Capital,01295,043764,0,0,35,130,64,24,0,0,0,0,0
03,001,Capital,01296,043795,0,0,0,130,78,16,0,0,0,0,0
03,001,Capital,01297,043818,0,0,25,130,92,22,0,0,0,0,0
03,002,Capayán,01301,043841,0,0,0,130,19,1,0,0,0,0,0
03,003,La Paz,01318,043900,0,0,43,130,86,24,0,0,0,0,0
03,003,La Paz,01318,043905,0,0,48,130,77,20,0,0,0,0,0
03,007,Paclin,01354,043998,0,0,33,130,96,2,0,0,0,0,0
03,008,Valle Viejo,01361,044029,0,0,40,130,95,8,0,0,0,0,0
03,008,Valle Viejo,01364,044062,0,0,36,130,97,6,0,0,0,0,0
03,008,Valle Viejo,01365,044075,0,0,41,130,91,7,0,0,0,0,0
03,009,Fray Mamerto Esquiú,01369,044102,0,0,32,130,107,3,0,0,0,0,0
03,011,Pomán,01385,044153,0,0,28,130,95,2,0,0,0,0,0
03,013,Belén,01400,044216,0,0,0,130,125,0,0,0,0,0,0
03,013,Belén,01413,044262,0,0,0,130,110,3,0,0,0,0,0
03,015,Tinogasta,01422,044298,0,0,11,130,123,2,0,0,0,0,0
03,015,Tinogasta,01422,044302,0,0,2,130,112,0,0,0,0,0,0
03,016,Santa María,01443,044404,0,0,36,130,94,4,NA,NA,NA,NA,NA
03,001,Capital,01291,043508,0,0,0,129,70,16,0,0,0,0,0
03,001,Capital,01291,043579,0,0,34,129,69,22,0,0,0,0,0
03,001,Capital,01295,043679,0,0,33,129,84,15,0,0,0,0,0
03,001,Capital,01297,043822,0,0,29,129,105,11,0,0,0,0,0
03,004,Ancasti,01322,043932,0,0,42,129,74,2,0,0,0,0,0
03,008,Valle Viejo,01361,044030,0,0,44,129,98,10,0,0,0,0,0
03,008,Valle Viejo,01364,044061,0,0,2,129,93,8,0,0,0,0,0
03,008,Valle Viejo,01365,044077,0,0,43,129,97,12,0,0,0,0,0
03,009,Fray Mamerto Esquiú,01369,044099,0,0,41,129,99,2,0,0,0,0,0
03,011,Pomán,01385,044151,0,0,37,129,75,2,0,0,0,0,0
03,012,Andalgalá,01391,044188,0,0,34,129,101,4,0,0,0,0,0
03,012,Andalgalá,01392,044199,0,0,33,129,104,3,0,0,0,0,0
03,013,Belén,01409,044236,0,0,43,129,63,7,0,0,0,0,0
03,013,Belén,01413,044269,0,0,51,129,105,1,0,0,0,0,0
03,015,Tinogasta,01432,044329,0,0,31,129,67,13,0,0,0,0,0
03,016,Santa María,01443,044408,0,0,4,129,92,3,NA,NA,NA,NA,NA
03,001,Capital,01290,043473,0,0,32,128,83,18,0,0,0,0,0
03,001,Capital,01290,043476,0,0,24,128,80,13,0,0,0,0,0
03,001,Capital,01291,043516,0,0,0,128,82,18,0,0,0,0,0
03,001,Capital,01291,043551,0,0,0,128,73,15,0,0,0,0,0
03,001,Capital,01291,043559,0,0,35,128,65,13,0,0,0,0,0
03,001,Capital,01295,043697,0,0,0,128,79,0,0,0,0,0,0
03,001,Capital,01295,043755,0,0,1,128,93,6,0,0,0,0,0
03,001,Capital,01296,043794,0,0,37,128,84,17,0,0,0,0,0
03,001,Capital,01297,043819,0,0,20,128,82,19,0,0,0,0,0
03,008,Valle Viejo,01361,044023,0,0,0,128,101,4,0,0,0,0,0
03,012,Andalgalá,01391,044187,0,0,27,104,128,6,0,0,0,0,0
03,013,Belén,01400,044215,0,0,0,122,128,1,0,0,0,0,0
03,013,Belén,01413,044267,0,0,0,128,123,1,0,0,0,0,0
03,013,Belén,01413,044278,0,0,32,111,128,0,0,0,0,0,0
03,016,Santa María,01443,044386,0,0,47,128,85,9,NA,NA,NA,NA,NA
03,016,Santa María,01443,044396,0,0,30,128,113,7,NA,NA,NA,NA,NA
03,001,Capital,01291,043497,0,0,0,127,72,28,0,0,0,0,0
03,001,Capital,01291,043526,0,0,0,127,71,18,0,0,0,0,0
03,001,Capital,01295,043676,0,0,0,127,75,11,0,0,0,0,0
03,001,Capital,01296,043809,0,0,26,127,78,16,0,0,0,0,0
03,002,Capayán,01304,043860,0,0,33,127,61,6,0,0,0,0,0
03,003,La Paz,01318,043893,0,0,35,127,76,28,0,0,0,0,0
03,003,La Paz,01318,043902,0,0,42,127,68,26,0,0,0,0,0
03,003,La Paz,01320,043927,0,0,0,127,81,3,0,0,0,0,0
03,011,Pomán,01385,044147,0,0,30,127,97,1,0,0,0,0,0
03,015,Tinogasta,01422,044296,0,0,11,122,127,1,0,0,0,0,0
03,016,Santa María,01441,044364,0,0,5,127,16,6,NA,NA,NA,NA,NA
03,001,Capital,01290,043479,0,0,26,126,96,13,0,0,0,0,0
03,001,Capital,01291,043501,0,0,0,126,74,13,0,0,0,0,0
03,001,Capital,01291,043507,0,0,0,126,69,0,0,0,0,0,0
03,001,Capital,01291,043521,0,0,0,126,76,20,0,0,0,0,0
03,001,Capital,01291,043558,0,0,34,126,81,17,0,0,0,0,0
03,001,Capital,01291,043586,0,0,3,126,63,11,0,0,0,0,0
03,001,Capital,01294,043634,0,0,34,126,88,17,0,0,0,0,0
03,001,Capital,01295,043650,0,0,0,126,92,9,0,0,0,0,0
03,001,Capital,01296,043788,0,0,30,126,90,13,0,0,0,0,0
03,001,Capital,01297,043821,0,0,32,126,107,12,0,0,0,0,0
03,002,Capayán,01304,043857,0,0,0,126,72,9,0,0,0,0,0
03,003,La Paz,01312,043872,0,0,23,126,67,5,0,0,0,0,0
03,008,Valle Viejo,01361,044024,0,0,0,126,80,15,0,0,0,0,0
03,016,Santa María,01443,044390,0,0,38,126,81,9,NA,NA,NA,NA,NA
03,001,Capital,01290,043466,0,0,33,125,97,12,0,0,0,0,0
03,001,Capital,01291,043511,0,0,0,125,74,19,0,0,0,0,0
03,001,Capital,01291,043537,0,0,0,125,72,18,0,0,0,0,0
03,001,Capital,01295,043651,0,0,30,81,125,17,0,0,0,0,0
03,001,Capital,01295,043664,0,0,38,125,82,21,0,0,0,0,0
03,001,Capital,01295,043683,0,0,37,125,83,15,0,0,0,0,0
03,001,Capital,01295,043684,0,0,41,125,86,11,0,0,0,0,0
03,001,Capital,01295,043752,0,0,0,125,69,8,0,0,0,0,0
03,001,Capital,01296,043776,0,0,1,125,81,13,0,0,0,0,0
03,001,Capital,01296,043800,0,0,41,125,66,18,0,0,0,0,0
03,003,La Paz,01318,043907,0,0,52,125,73,19,0,0,0,0,0
03,003,La Paz,01318,043917,0,0,47,125,81,21,0,0,0,0,0
03,010,Ambato,01378,044132,0,0,19,125,4,39,0,0,0,0,0
03,011,Pomán,01382,044140,0,0,0,125,55,5,0,0,0,0,0
03,012,Andalgalá,01391,044181,0,0,36,125,79,4,0,0,0,0,0
03,012,Andalgalá,01391,044182,0,0,38,125,93,3,0,0,0,0,0
03,012,Andalgalá,01391,044183,0,0,31,125,109,1,0,0,0,0,0
03,013,Belén,01413,044270,0,0,49,125,112,3,0,0,0,0,0
03,015,Tinogasta,01432,044342,0,0,3,125,69,16,0,0,0,0,0
03,016,Santa María,01436,044353,0,0,25,125,64,7,NA,NA,NA,NA,NA
03,001,Capital,01290,043482,0,0,39,124,76,14,0,0,0,0,0
03,001,Capital,01290,043488,0,0,33,124,70,33,0,0,0,0,0
03,001,Capital,01294,043642,0,0,24,124,98,15,0,0,0,0,0
03,001,Capital,01295,043655,0,0,33,124,83,18,0,0,0,0,0
03,001,Capital,01295,043656,0,0,22,124,84,19,0,0,0,0,0
03,001,Capital,01295,043667,0,0,34,124,87,10,0,0,0,0,0
03,001,Capital,01295,043705,0,0,32,124,88,18,0,0,0,0,0
03,001,Capital,01295,043719,0,0,35,124,87,16,0,0,0,0,0
03,001,Capital,01295,043751,0,0,21,124,82,19,0,0,0,0,0
03,001,Capital,01297,043814,0,0,1,124,105,3,0,0,0,0,0
03,002,Capayán,01304,043861,0,0,44,124,57,10,0,0,0,0,0
03,002,Capayán,01308,043866,0,0,66,124,6,0,0,0,0,0,0
03,003,La Paz,01316,043888,0,0,0,124,55,1,0,0,0,0,0
03,003,La Paz,01320,043928,0,0,3,124,84,0,0,0,0,0,0
03,004,Ancasti,01326,043936,0,0,0,124,88,0,0,0,0,0,0
03,007,Paclin,01352,043994,0,0,17,124,66,1,0,0,0,0,0
03,007,Paclin,01352,043995,0,0,25,124,70,1,0,0,0,0,0
03,008,Valle Viejo,01359,044009,0,0,0,124,79,14,0,0,0,0,0
03,008,Valle Viejo,01365,044074,0,0,0,111,124,6,0,0,0,0,0
03,011,Pomán,01383,044144,0,0,13,124,61,1,0,0,0,0,0
03,012,Andalgalá,01391,044189,0,0,1,124,85,0,0,0,0,0,0
03,013,Belén,01413,044247,0,0,34,117,124,2,0,0,0,0,0
03,013,Belén,01413,044249,0,0,2,116,124,1,0,0,0,0,0
03,013,Belén,01413,044275,0,0,1,120,124,4,0,0,0,0,0
03,015,Tinogasta,01425,044306,0,0,29,124,90,2,0,0,0,0,0
03,001,Capital,01290,043468,0,0,28,123,87,19,0,0,0,0,0
03,001,Capital,01290,043469,0,0,41,123,78,24,0,0,0,0,0
03,001,Capital,01291,043494,0,0,0,123,73,15,0,0,0,0,0
03,001,Capital,01291,043531,0,0,41,123,71,19,0,0,0,0,0
03,001,Capital,01295,043653,0,0,31,123,78,23,0,0,0,0,0
03,001,Capital,01295,043674,0,0,1,123,73,17,0,0,0,0,0
03,001,Capital,01295,043682,0,0,32,123,76,17,0,0,0,0,0
03,001,Capital,01295,043701,0,0,2,123,86,14,0,0,0,0,0
03,001,Capital,01295,043720,0,0,39,123,66,20,0,0,0,0,0
03,001,Capital,01295,043737,0,0,34,123,96,17,0,0,0,0,0
03,001,Capital,01295,043747,0,0,35,123,88,11,0,0,0,0,0
03,001,Capital,01295,043767,0,0,4,123,84,15,0,0,0,0,0
03,001,Capital,01296,043785,0,0,33,123,84,20,0,0,0,0,0
03,001,Capital,01296,043790,0,0,0,123,102,20,0,0,0,0,0
03,002,Capayán,01299,043825,0,0,1,123,61,2,0,0,0,0,0
03,004,Ancasti,01331,043943,0,0,10,123,72,0,0,0,0,0,0
03,007,Paclin,01354,044000,0,0,0,123,92,1,0,0,0,0,0
03,008,Valle Viejo,01361,044035,0,0,3,123,94,9,0,0,0,0,0
03,008,Valle Viejo,01363,044044,0,0,3,123,93,13,0,0,0,0,0
03,008,Valle Viejo,01363,044059,0,0,0,123,99,5,0,0,0,0,0
03,012,Andalgalá,01391,044193,0,0,2,123,102,0,0,0,0,0,0
03,012,Andalgalá,01392,044201,0,0,24,123,104,2,0,0,0,0,0
03,013,Belén,01413,044259,0,0,37,103,123,1,0,0,0,0,0
03,001,Capital,01291,043530,0,0,5,122,76,21,0,0,0,0,0
03,001,Capital,01295,043671,0,0,40,122,88,31,0,0,0,0,0
03,001,Capital,01295,043686,0,0,23,108,122,10,0,0,0,0,0
03,001,Capital,01295,043694,0,0,43,122,88,16,0,0,0,0,0
03,001,Capital,01296,043808,0,0,30,122,85,9,0,0,0,0,0
03,008,Valle Viejo,01361,044016,0,0,0,122,105,13,0,0,0,0,0
03,008,Valle Viejo,01363,044046,0,0,1,122,114,12,NA,NA,NA,NA,NA
03,008,Valle Viejo,01363,044050,0,0,0,122,109,6,0,0,0,0,0
03,009,Fray Mamerto Esquiú,01369,044100,0,0,30,122,114,6,0,0,0,0,0
03,011,Pomán,01380,044137,0,0,43,122,74,2,0,0,0,0,0
03,013,Belén,01413,044279,0,0,0,122,105,3,0,0,0,0,0
03,015,Tinogasta,01431,044318,0,0,11,115,122,1,0,0,0,0,0
03,001,Capital,01290,043477,0,0,31,121,80,18,0,0,0,0,0
03,001,Capital,01292,043590,0,0,40,121,88,4,0,0,0,0,0
03,001,Capital,01295,043645,0,0,24,121,102,12,0,0,0,0,0
03,001,Capital,01295,043669,0,0,41,121,74,22,0,0,0,0,0
03,001,Capital,01295,043740,0,0,28,121,85,17,0,0,0,0,0
03,001,Capital,01295,043756,0,0,0,121,99,14,0,0,0,0,0
03,001,Capital,01296,043779,0,0,35,121,85,17,0,0,0,0,0
03,001,Capital,01296,043806,0,0,45,121,75,16,0,0,0,0,0
03,001,Capital,01297,043815,0,0,41,121,92,10,0,0,0,0,0
03,001,Capital,01297,043816,0,0,28,121,91,14,0,0,0,0,0
03,002,Capayán,01304,043859,0,0,3,121,47,9,0,0,0,0,0
03,003,La Paz,01318,043921,0,0,40,121,78,26,0,0,0,0,0
03,008,Valle Viejo,01361,044020,0,0,46,121,86,9,0,0,0,0,0
03,008,Valle Viejo,01363,044054,0,0,0,121,86,13,0,0,0,0,0
03,012,Andalgalá,01391,044184,0,0,36,121,101,2,0,0,0,0,0
03,012,Andalgalá,01391,044190,0,0,0,121,80,3,0,0,0,0,0
03,013,Belén,01413,044246,0,0,38,98,121,3,0,0,0,0,0
03,016,Santa María,01443,044379,0,0,37,121,94,17,NA,NA,NA,NA,NA
03,001,Capital,01289,043459,0,0,17,106,120,11,0,0,0,0,0
03,001,Capital,01292,043598,0,0,35,120,97,14,0,0,0,0,0
03,001,Capital,01292,043599,0,0,38,120,91,7,0,0,0,0,0
03,001,Capital,01294,043631,0,0,39,120,93,14,0,0,0,0,0
03,001,Capital,01295,043649,0,0,0,120,71,16,0,0,0,0,0
03,001,Capital,01295,043685,0,0,35,120,80,22,0,0,0,0,0
03,001,Capital,01295,043723,0,0,35,120,79,23,0,0,0,0,0
03,001,Capital,01296,043782,0,0,43,120,90,18,0,0,0,0,0
03,001,Capital,01296,043784,0,0,30,120,86,19,0,0,0,0,0
03,001,Capital,01296,043786,0,0,36,120,89,13,0,0,0,0,0
03,001,Capital,01296,043787,0,0,0,120,95,18,0,0,0,0,0
03,001,Capital,01296,043789,0,0,0,120,82,17,0,0,0,0,0
03,003,La Paz,01318,043894,0,0,1,120,69,24,0,0,0,0,0
03,008,Valle Viejo,01361,044015,0,0,0,120,94,12,0,0,0,0,0
03,008,Valle Viejo,01363,044055,0,0,6,120,95,5,0,0,0,0,0
03,009,Fray Mamerto Esquiú,01366,044080,0,0,36,119,120,11,0,0,0,0,0
03,009,Fray Mamerto Esquiú,01369,044101,0,0,36,110,120,8,0,0,0,0,0
03,012,Andalgalá,01391,044177,0,0,36,102,120,2,0,0,0,0,0
03,012,Andalgalá,01392,044202,0,0,0,120,104,3,0,0,0,0,0
03,013,Belén,01413,044260,0,0,42,120,116,4,0,0,0,0,0
03,001,Capital,01289,043462,0,0,33,95,119,13,0,0,0,0,0
03,001,Capital,01292,043596,0,0,25,119,109,21,0,0,0,0,0
03,001,Capital,01294,043640,0,0,32,119,89,8,0,0,0,0,0
03,001,Capital,01295,043688,0,0,33,119,88,19,0,0,0,0,0
03,001,Capital,01295,043750,0,0,36,119,77,21,0,0,0,0,0
03,001,Capital,01295,043762,0,0,0,119,87,18,0,0,0,0,0
03,001,Capital,01295,043763,0,0,38,119,82,14,0,0,0,0,0
03,003,La Paz,01314,043883,0,0,0,119,50,8,0,0,0,0,0
03,003,La Paz,01316,043890,0,0,0,119,44,1,0,0,0,0,0
03,003,La Paz,01318,043911,0,0,43,119,74,24,0,0,0,0,0
03,004,Ancasti,01330,043942,0,0,24,119,82,0,0,0,0,0,0
03,008,Valle Viejo,01363,044049,0,0,37,119,109,14,0,0,0,0,0
03,008,Valle Viejo,01363,044052,0,0,0,119,96,9,0,0,0,0,0
03,008,Valle Viejo,01363,044058,0,0,50,119,111,9,0,0,0,0,0
03,011,Pomán,01385,044152,0,0,39,119,91,2,0,0,0,0,0
03,012,Andalgalá,01391,044196,0,0,28,119,110,0,0,0,0,0,0
03,013,Belén,01412,044245,0,0,0,119,73,4,0,0,0,0,0
03,013,Belén,01413,044253,0,0,39,116,119,6,0,0,0,0,0
03,013,Belén,01413,044257,0,0,25,109,119,4,0,0,0,0,0
03,016,Santa María,01437,044355,0,0,19,119,40,1,NA,NA,NA,NA,NA
03,016,Santa María,01443,044398,0,0,51,119,94,8,NA,NA,NA,NA,NA
03,001,Capital,01290,043474,0,0,21,103,118,13,0,0,0,0,0
03,001,Capital,01290,043483,0,0,0,118,87,12,0,0,0,0,0
03,001,Capital,01292,043595,0,0,34,98,118,16,0,0,0,0,0
03,001,Capital,01294,043639,0,0,4,118,73,18,0,0,0,0,0
03,001,Capital,01295,043728,0,0,32,118,90,9,0,0,0,0,0
03,001,Capital,01296,043770,0,0,32,118,99,22,0,0,0,0,0
03,001,Capital,01296,043783,0,0,36,118,110,14,0,0,0,0,0
03,003,La Paz,01316,043889,0,0,2,118,50,2,0,0,0,0,0
03,007,Paclin,01354,044002,0,0,0,118,106,2,0,0,0,0,0
03,008,Valle Viejo,01365,044078,0,0,35,118,103,9,0,0,0,0,0
03,009,Fray Mamerto Esquiú,01369,044093,0,0,31,118,94,7,0,0,0,0,0
03,011,Pomán,01379,044134,0,0,21,118,49,2,0,0,0,0,0
03,012,Andalgalá,01392,044198,0,0,47,108,118,5,0,0,0,0,0
03,013,Belén,01413,044254,0,0,44,115,118,1,0,0,0,0,0
03,001,Capital,01290,043471,0,0,48,117,82,10,0,0,0,0,0
03,001,Capital,01294,043641,0,0,32,117,92,21,0,0,0,0,0
03,001,Capital,01295,043708,0,0,41,117,87,10,0,0,0,0,0
03,001,Capital,01295,043717,0,0,39,117,74,18,0,0,0,0,0
03,001,Capital,01295,043725,0,0,39,117,78,22,0,0,0,0,0
03,001,Capital,01295,043745,0,0,39,117,91,12,0,0,0,0,0
03,001,Capital,01296,043791,0,0,2,117,93,8,0,0,0,0,0
03,001,Capital,01296,043793,0,0,49,117,86,16,0,0,0,0,0
03,001,Capital,01296,043797,0,0,0,117,104,12,0,0,0,0,0
03,001,Capital,01297,043812,0,0,1,117,110,17,0,0,0,0,0
03,008,Valle Viejo,01365,044070,0,0,0,117,85,4,0,0,0,0,0
03,013,Belén,01413,044250,0,0,55,106,117,1,0,0,0,0,0
03,016,Santa María,01443,044400,0,0,34,117,110,5,NA,NA,NA,NA,NA
03,001,Capital,01290,043480,0,0,34,116,81,12,0,0,0,0,0
03,001,Capital,01292,043601,0,0,18,103,116,10,0,0,0,0,0
03,001,Capital,01295,043654,0,0,26,116,92,17,0,0,0,0,0
03,001,Capital,01295,043698,0,0,36,116,85,19,0,0,0,0,0
03,001,Capital,01295,043731,0,0,0,116,96,16,0,0,0,0,0
03,002,Capayán,01304,043858,0,0,39,116,56,5,0,0,0,0,0
03,006,Santa Rosa,01349,043989,0,0,19,116,10,4,0,0,0,0,0
03,012,Andalgalá,01391,044175,0,0,0,97,116,0,0,0,0,0,0
03,012,Andalgalá,01391,044194,0,0,0,116,116,1,0,0,0,0,0
03,013,Belén,01405,044225,0,0,2,57,116,0,NA,NA,NA,NA,NA
03,013,Belén,01413,044268,0,0,35,116,109,2,0,0,0,0,0
03,015,Tinogasta,01432,044330,0,0,41,116,58,17,0,0,0,0,0
03,001,Capital,01292,043591,0,0,38,106,115,7,0,0,0,0,0
03,001,Capital,01295,043665,0,0,39,115,90,18,0,0,0,0,0
03,001,Capital,01295,043675,0,0,0,115,96,15,0,0,0,0,0
03,001,Capital,01295,043691,0,0,26,115,101,18,0,0,0,0,0
03,001,Capital,01295,043722,0,0,36,115,96,18,0,0,0,0,0
03,001,Capital,01295,043757,0,0,0,115,87,16,0,0,0,0,0
03,001,Capital,01295,043761,0,0,0,115,94,19,0,0,0,0,0
03,001,Capital,01296,043772,0,0,36,115,97,12,0,0,0,0,0
03,001,Capital,01296,043796,0,0,1,115,88,15,0,0,0,0,0
03,001,Capital,01297,043820,0,0,32,115,93,21,0,0,0,0,0
03,002,Capayán,01304,043862,0,0,0,115,67,6,0,0,0,0,0
03,008,Valle Viejo,01364,044063,0,0,42,115,86,13,0,0,0,0,0
03,008,Valle Viejo,01365,044073,0,0,0,103,115,4,0,0,0,0,0
03,009,Fray Mamerto Esquiú,01367,044086,0,0,0,115,48,10,0,0,0,0,0
03,009,Fray Mamerto Esquiú,01369,044097,0,0,41,115,101,5,0,0,0,0,0
03,013,Belén,01413,044277,0,0,49,115,105,1,0,0,0,0,0
03,013,Belén,01414,044282,0,0,24,115,77,3,0,0,0,0,0
03,015,Tinogasta,01418,044286,0,0,2,115,26,6,0,0,0,0,0
03,016,Santa María,01443,044407,0,0,40,115,100,8,NA,NA,NA,NA,NA
03,001,Capital,01289,043464,0,0,23,87,114,13,0,0,0,0,0
03,001,Capital,01290,043475,0,0,0,114,94,17,0,0,0,0,0
03,001,Capital,01291,043564,0,0,38,114,78,17,0,0,0,0,0
03,001,Capital,01294,043638,0,0,41,114,98,11,0,0,0,0,0
03,001,Capital,01295,043646,0,0,33,114,95,17,0,0,0,0,0
03,001,Capital,01295,043659,0,0,40,114,86,21,0,0,0,0,0
03,001,Capital,01295,043661,0,0,34,114,113,16,0,0,0,0,0
03,001,Capital,01295,043712,0,0,31,114,91,12,0,0,0,0,0
03,001,Capital,01295,043721,0,0,33,114,84,28,0,0,0,0,0
03,001,Capital,01295,043738,0,0,32,114,89,24,0,0,0,0,0
03,001,Capital,01295,043760,0,0,31,114,81,27,0,0,0,0,0
03,001,Capital,01296,043771,0,0,43,114,82,18,0,0,0,0,0
03,003,La Paz,01312,043873,0,0,1,114,64,5,0,0,0,0,0
03,003,La Paz,01312,043874,0,0,23,114,63,13,0,0,0,0,0
03,004,Ancasti,01325,043935,0,0,40,107,114,0,0,0,0,0,0
03,005,El Alto,01337,043951,0,0,24,114,8,3,0,0,0,0,0
03,011,Pomán,01385,044150,0,0,28,114,59,1,0,0,0,0,0
03,013,Belén,01413,044274,0,0,42,114,108,4,0,0,0,0,0
03,015,Tinogasta,01425,044308,0,0,19,101,114,2,0,0,0,0,0
03,001,Capital,01289,043465,0,0,22,92,113,10,0,0,0,0,0
03,001,Capital,01290,043489,0,0,32,113,89,18,0,0,0,0,0
03,001,Capital,01295,043681,0,0,39,113,102,14,0,0,0,0,0
03,001,Capital,01295,043716,0,0,36,113,85,29,0,0,0,0,0
03,001,Capital,01295,043748,0,0,28,113,95,12,0,0,0,0,0
03,001,Capital,01295,043765,0,0,33,113,81,18,0,0,0,0,0
03,006,Santa Rosa,01349,043990,0,0,26,113,14,4,0,0,0,0,0
03,012,Andalgalá,01391,044174,0,0,56,113,91,2,0,0,0,0,0
03,016,Santa María,01443,044375,0,0,36,113,97,9,NA,NA,NA,NA,NA
03,001,Capital,01290,043486,0,0,0,112,84,19,0,0,0,0,0
03,001,Capital,01290,043487,0,0,29,112,90,14,0,0,0,0,0
03,001,Capital,01295,043689,0,0,26,112,103,16,0,0,0,0,0
03,001,Capital,01295,043714,0,0,32,112,84,20,0,0,0,0,0
03,001,Capital,01295,043718,0,0,35,112,81,21,0,0,0,0,0
03,001,Capital,01295,043736,0,0,36,112,74,16,0,0,0,0,0
03,001,Capital,01295,043749,0,0,36,112,88,14,0,0,0,0,0
03,008,Valle Viejo,01361,044025,0,0,0,112,108,9,0,0,0,0,0
03,001,Capital,01295,043742,0,0,45,111,76,19,0,0,0,0,0
03,007,Paclin,01351,043993,0,0,1,111,47,0,0,0,0,0,0
03,008,Valle Viejo,01365,044072,0,0,56,111,88,8,0,0,0,0,0
03,013,Belén,01411,044241,0,0,64,111,66,0,0,0,0,0,0
03,013,Belén,01413,044273,0,0,42,111,109,6,0,0,0,0,0
03,001,Capital,01292,043593,0,0,28,110,96,16,0,0,0,0,0
03,001,Capital,01294,043633,0,0,33,110,105,9,0,0,0,0,0
03,001,Capital,01295,043702,0,0,36,110,86,18,0,0,0,0,0
03,001,Capital,01295,043724,0,0,23,110,87,18,0,0,0,0,0
03,001,Capital,01295,043735,0,0,3,110,102,22,0,0,0,0,0
03,001,Capital,01296,043781,0,0,29,110,108,19,0,0,0,0,0
03,005,El Alto,01332,043944,0,0,0,110,49,0,0,0,0,0,0
03,005,El Alto,01337,043950,0,0,23,110,9,5,0,0,0,0,0
03,015,Tinogasta,01420,044288,0,0,11,110,22,4,0,0,0,0,0
03,001,Capital,01295,043715,0,0,30,109,87,20,0,0,0,0,0
03,008,Valle Viejo,01362,044038,0,0,4,109,33,1,0,0,0,0,0
03,012,Andalgalá,01391,044180,0,0,58,109,96,1,0,0,0,0,0
03,012,Andalgalá,01391,044186,0,0,32,106,109,1,0,0,0,0,0
03,001,Capital,01290,043467,0,0,33,108,102,14,0,0,0,0,0
03,001,Capital,01290,043478,0,0,34,108,102,17,0,0,0,0,0
03,001,Capital,01292,043600,0,0,35,108,96,8,0,0,0,0,0
03,001,Capital,01295,043703,0,0,34,108,97,15,0,0,0,0,0
03,001,Capital,01295,043709,0,0,0,108,100,15,0,0,0,0,0
03,001,Capital,01295,043754,0,0,4,108,90,16,0,0,0,0,0
03,003,La Paz,01314,043884,0,0,0,108,71,9,0,0,0,0,0
03,008,Valle Viejo,01359,044008,0,0,1,108,94,14,0,0,0,0,0
03,015,Tinogasta,01425,044307,0,0,0,91,108,1,0,0,0,0,0
03,001,Capital,01292,043592,0,0,44,89,107,10,0,0,0,0,0
03,001,Capital,01295,043670,0,0,32,107,92,15,0,0,0,0,0
03,001,Capital,01295,043700,0,0,25,107,105,20,0,0,0,0,0
03,001,Capital,01295,043711,0,0,38,107,102,18,0,0,0,0,0
03,001,Capital,01295,043743,0,0,37,107,102,20,0,0,0,0,0
03,001,Capital,01296,043804,0,0,35,103,107,12,0,0,0,0,0
03,001,Capital,01297,043810,0,0,0,107,99,12,0,0,0,0,0
03,001,Capital,01294,043643,0,0,31,106,97,12,0,0,0,0,0
03,001,Capital,01295,043666,0,0,36,105,106,24,0,0,0,0,0
03,001,Capital,01297,043817,0,0,3,106,80,25,0,0,0,0,0
03,005,El Alto,01336,043949,0,0,67,106,39,0,0,0,0,0,0
03,011,Pomán,01379,044135,0,0,17,106,53,2,0,0,0,0,0
03,001,Capital,01290,043470,0,0,35,105,100,10,0,0,0,0,0
03,003,La Paz,01318,043915,0,0,0,105,87,16,0,0,0,0,0
03,005,El Alto,01333,043945,0,0,0,105,6,0,0,0,0,0,0
03,001,Capital,01294,043636,0,0,30,104,99,9,0,0,0,0,0
03,001,Capital,01294,043637,0,0,37,91,104,16,0,0,0,0,0
03,001,Capital,01295,043696,0,0,30,104,94,21,0,0,0,0,0
03,004,Ancasti,01330,043941,0,0,34,104,85,0,0,0,0,0,0
03,015,Tinogasta,01432,044338,0,0,28,99,104,14,0,0,0,0,0
03,016,Santa María,01434,044348,0,0,45,104,20,4,NA,NA,NA,NA,NA
03,001,Capital,01295,043693,0,0,38,103,81,26,0,0,0,0,0
03,001,Capital,01295,043741,0,0,25,102,103,5,0,0,0,0,0
03,003,La Paz,01319,043923,0,0,18,103,46,5,0,0,0,0,0
03,001,Capital,01294,043632,0,0,35,102,87,18,0,0,0,0,0
03,013,Belén,01402,044219,0,0,2,94,102,3,0,0,0,0,0
03,001,Capital,01289,043463,0,0,37,89,101,8,0,0,0,0,0
03,001,Capital,01295,043662,0,0,32,101,90,18,0,0,0,0,0
03,008,Valle Viejo,01360,044011,0,0,26,101,10,5,0,0,0,0,0
03,002,Capayán,01299,043824,0,0,0,100,78,5,0,0,0,0,0
03,016,Santa María,01433,044347,0,0,20,99,6,3,NA,NA,NA,NA,NA
03,013,Belén,01410,044240,0,0,14,98,16,4,0,0,0,0,0
03,001,Capital,01292,043594,0,0,27,97,87,14,0,0,0,0,0
03,001,Capital,01295,043680,0,0,51,91,97,20,0,0,0,0,0
03,010,Ambato,01376,044127,0,0,12,97,14,25,0,0,0,0,0
03,015,Tinogasta,01423,044304,0,0,9,97,22,7,0,0,0,0,0
03,006,Santa Rosa,01345,043970,0,0,0,96,12,13,0,0,0,0,0
03,002,Capayán,01303,043855,0,0,19,95,20,5,0,0,0,0,0
03,009,Fray Mamerto Esquiú,01368,044088,0,0,24,95,50,7,0,0,0,0,0
03,001,Capital,01295,043695,0,0,0,0,93,13,0,0,0,0,0
03,010,Ambato,01376,044128,0,0,17,93,14,29,0,0,0,0,0
03,015,Tinogasta,01420,044289,0,0,7,93,36,3,0,0,0,0,0
03,015,Tinogasta,01430,044317,0,0,13,92,93,0,0,0,0,0,0
03,003,La Paz,01319,043922,0,0,19,91,62,4,0,0,0,0,0
03,009,Fray Mamerto Esquiú,01368,044089,0,0,31,89,56,7,0,0,0,0,0
03,003,La Paz,01312,043871,0,0,34,88,83,9,0,0,0,0,0
03,008,Valle Viejo,01358,044007,0,0,19,88,56,4,0,0,0,0,0
03,013,Belén,01411,044242,0,0,87,88,70,0,0,0,0,0,0
03,015,Tinogasta,01428,044314,0,0,4,85,16,3,0,0,0,0,0
03,002,Capayán,01303,043856,0,0,0,84,32,9,0,0,0,0,0
03,004,Ancasti,01329,043939,0,0,0,83,44,0,NA,NA,NA,NA,NA
03,016,Santa María,01439,044358,0,0,0,83,24,1,NA,NA,NA,NA,NA
03,006,Santa Rosa,01343,043968,0,0,1,82,5,8,0,0,0,0,0
03,013,Belén,01407,044227,0,0,6,82,23,0,0,0,0,0,0
03,004,Ancasti,01321,043930,0,0,14,81,72,1,0,0,0,0,0
03,009,Fray Mamerto Esquiú,01369,044090,0,0,38,54,81,3,0,0,0,0,0
03,012,Andalgalá,01394,044204,0,0,1,81,79,2,0,0,0,0,0
03,006,Santa Rosa,01341,043962,0,0,0,80,5,10,0,0,0,0,0
03,003,La Paz,01311,043870,0,0,5,60,76,3,0,0,0,0,0
03,005,El Alto,01335,043948,0,0,12,76,5,1,0,0,0,0,0
03,008,Valle Viejo,01360,044010,0,0,30,76,54,9,0,0,0,0,0
03,004,Ancasti,01321,043931,0,0,25,73,70,1,0,0,0,0,0
03,001,Capital,01295,043766,0,0,0,0,72,0,0,0,0,0,0
03,004,Ancasti,01327,043937,0,0,0,53,72,0,0,0,0,0,0
03,007,Paclin,01355,044004,0,0,0,68,66,1,0,0,0,0,0
03,004,Ancasti,01324,043934,0,0,40,64,49,0,0,0,0,0,0
03,012,Andalgalá,01389,044172,0,0,2,64,4,0,0,0,0,0,0
03,001,Capital,01291,043525,0,0,0,13,63,14,0,0,0,0,0
03,012,Andalgalá,01398,044211,0,0,0,63,45,1,0,0,0,0,0
03,015,Tinogasta,01419,044287,0,0,0,59,22,4,0,0,0,0,0
03,010,Ambato,01374,044124,0,0,6,56,3,17,0,0,0,0,0
03,013,Belén,01417,044285,0,0,0,51,38,0,0,0,0,0,0
03,003,La Paz,01310,043869,0,0,10,47,7,0,0,0,0,0,0
03,010,Ambato,01371,044115,0,0,11,45,5,2,0,0,0,0,0
03,012,Andalgalá,01390,044173,0,0,0,39,19,0,0,0,0,0,0
03,013,Belén,01401,044217,0,0,0,39,36,0,0,0,0,0,0
03,013,Belén,01416,044284,0,0,0,37,5,0,0,0,0,0,0
03,002,Capayán,01302,043850,0,0,0,0,36,6,0,0,0,0,0
03,004,Ancasti,01323,043933,0,0,11,35,28,0,0,0,0,0,0
03,002,Capayán,01298,043823,0,0,13,34,0,0,0,0,0,0,0
03,015,Tinogasta,01424,044305,0,0,0,32,26,1,0,0,0,0,0
03,013,Belén,01399,044212,0,0,0,24,5,0,0,0,0,0,0
03,002,Capayán,01305,043863,0,0,0,19,3,2,0,0,0,0,0
03,012,Andalgalá,01397,044210,0,0,1,17,4,0,0,0,0,0,0
03,013,Belén,01415,044283,0,0,0,1,17,0,0,0,0,0,0
03,004,Ancasti,01328,043938,0,0,8,10,11,0,0,0,0,0,0
03,001,Capital,01290,100185,0,0,0,0,0,0,0,0,0,0,0
03,001,Capital,01290,100186,0,0,0,0,0,0,0,0,0,0,0
03,001,Capital,01290,100187,0,0,0,0,0,0,0,0,0,0,0
03,001,Capital,01291,100188,0,0,0,0,0,0,0,0,0,0,0
03,001,Capital,01291,100189,0,0,0,0,0,0,0,0,0,0,0
03,001,Capital,01291,100190,0,0,0,0,0,0,0,0,0,0,0
03,001,Capital,01291,100191,0,0,0,0,0,0,0,0,0,0,0
03,001,Capital,01291,100192,0,0,0,0,0,0,0,0,0,0,0
03,001,Capital,01291,100193,0,0,0,0,0,0,0,0,0,0,0
03,001,Capital,01291,100194,0,0,0,0,0,0,0,0,0,0,0
03,001,Capital,01291,100195,0,0,0,0,0,0,0,0,0,0,0
03,001,Capital,01291,100196,0,0,0,0,0,0,0,0,0,0,0
03,001,Capital,01291,100197,0,0,0,0,0,0,0,0,0,0,0
03,001,Capital,01291,100198,0,0,0,0,0,0,0,0,0,0,0
03,001,Capital,01291,100199,0,0,0,0,0,0,0,0,0,0,0
03,001,Capital,01291,100200,0,0,0,0,0,0,0,0,0,0,0
03,001,Capital,01291,100201,0,0,0,0,0,0,0,0,0,0,0
03,001,Capital,01293,100202,0,0,0,0,0,0,0,0,0,0,0
03,001,Capital,01293,100203,0,0,0,0,0,0,0,0,0,0,0
03,001,Capital,01295,100204,0,0,0,0,0,0,0,0,0,0,0
03,001,Capital,01295,100205,0,0,0,0,0,0,0,0,0,0,0
03,001,Capital,01295,100206,0,0,0,0,0,0,0,0,0,0,0
03,001,Capital,01295,100207,0,0,0,0,0,0,0,0,0,0,0
03,001,Capital,01295,100208,0,0,0,0,0,0,0,0,0,0,0
03,001,Capital,01296,100209,0,0,0,0,0,0,0,0,0,0,0
03,001,Capital,01296,100210,0,0,0,0,0,0,0,0,0,0,0
03,001,Capital,01296,100211,0,0,0,0,0,0,0,0,0,0,0
03,002,Capayán,01302,100212,0,0,0,0,0,0,0,0,0,0,0
03,003,La Paz,01318,100213,0,0,0,0,0,0,0,0,0,0,0
03,003,La Paz,01318,100214,0,0,0,0,0,0,0,0,0,0,0
03,003,La Paz,01318,100215,0,0,0,0,0,0,0,0,0,0,0
03,006,Santa Rosa,01340,100216,0,0,0,0,0,0,0,0,0,0,0
03,007,Paclin,01352,100217,0,0,0,0,0,0,0,0,0,0,0
03,008,Valle Viejo,01361,100218,0,0,0,0,0,0,0,0,0,0,0
03,008,Valle Viejo,01361,100219,0,0,0,0,0,0,0,0,0,0,0
03,008,Valle Viejo,01363,100220,0,0,0,0,0,0,0,0,0,0,0
03,008,Valle Viejo,01364,100221,0,0,0,0,0,0,0,0,0,0,0
03,008,Valle Viejo,01364,100222,0,0,0,0,0,0,0,0,0,0,0
03,012,Andalgalá,01391,100223,0,0,0,0,0,0,0,0,0,0,0
03,012,Andalgalá,01391,100224,0,0,0,0,0,0,0,0,0,0,0
03,012,Andalgalá,01396,100225,0,0,0,0,0,0,0,0,0,0,0
03,013,Belén,01413,100226,0,0,0,0,0,0,0,0,0,0,0
03,015,Tinogasta,05688,100227,0,0,0,0,0,0,0,0,0,0,0
