codprov,coddepto,depto,circuito,mesa,electores,nulos,blancos,00024,00036,00037,00050,00058,00067
15,001,Confluencia,03652,074219,0,0,33,10,9,82,107,0,53
15,001,Confluencia,03652,074220,0,0,25,19,17,88,117,0,34
15,001,Confluencia,03652,074221,0,0,18,17,28,76,93,0,53
15,001,Confluencia,03652,074222,0,0,8,8,18,72,140,0,43
15,001,Confluencia,03652,074223,0,0,15,17,17,77,126,0,46
15,001,Confluencia,03652,074224,0,0,16,12,8,76,129,0,39
15,001,Confluencia,03652,074225,0,0,21,14,15,77,101,0,48
15,001,Confluencia,03652,074226,0,0,16,14,15,86,94,0,54
15,001,Confluencia,03652,074227,0,0,13,15,17,96,98,0,50
15,001,Confluencia,03652,074228,0,0,14,9,14,93,108,0,48
15,001,Confluencia,03652,074229,0,0,33,12,11,78,89,0,65
15,001,Confluencia,03652,074230,0,0,22,11,15,90,97,0,53
15,001,Confluencia,03652,074231,0,0,21,14,14,86,98,0,57
15,001,Confluencia,03652,074232,0,0,17,12,14,66,115,0,41
15,001,Confluencia,03652,074233,0,0,22,18,16,92,104,0,35
15,001,Confluencia,03652,074234,0,0,22,17,9,107,103,0,38
15,001,Confluencia,03652,074235,0,0,36,10,23,85,72,0,64
15,001,Confluencia,03652,074236,0,0,19,14,29,87,108,0,54
15,001,Confluencia,03652,074237,0,0,19,10,16,104,88,0,60
15,001,Confluencia,03652,074238,0,0,19,12,6,98,96,0,46
15,001,Confluencia,03652,074239,0,0,18,9,24,83,111,0,56
15,001,Confluencia,03652,074240,0,0,32,14,15,88,69,0,62
15,001,Confluencia,03652,074241,0,0,32,21,17,70,107,0,52
15,001,Confluencia,03652,074242,0,0,17,10,20,102,93,0,45
15,001,Confluencia,03652,074243,0,0,29,10,25,76,105,0,51
15,001,Confluencia,03652,074244,0,0,27,11,16,86,91,0,59
15,001,Confluencia,03652,074245,0,0,15,11,16,93,101,0,51
15,001,Confluencia,03652,074246,0,0,21,11,21,93,91,0,59
15,001,Confluencia,03652,074247,0,0,24,19,17,93,93,0,51
15,001,Confluencia,03652,074248,0,0,21,15,25,84,86,0,55
15,001,Confluencia,03652,101003,0,0,0,0,0,0,0,0,0
15,001,Confluencia,03653,074249,0,0,19,10,28,75,98,0,50
15,001,Confluencia,03653,074250,0,0,24,13,15,76,103,0,45
15,001,Confluencia,03653,074251,0,0,23,19,16,84,91,0,47
15,001,Confluencia,03653,074252,0,0,13,14,17,82,106,0,43
15,001,Confluencia,03653,074253,0,0,15,11,12,77,107,0,55
15,001,Confluencia,03653,074254,0,0,17,14,19,85,88,0,46
15,001,Confluencia,03653,074255,0,0,17,12,22,86,106,0,39
15,001,Confluencia,03653,074256,0,0,24,10,14,67,116,0,45
15,001,Confluencia,03653,074257,0,0,11,13,13,75,106,0,44
15,001,Confluencia,03653,074258,0,0,18,9,16,86,98,0,51
15,001,Confluencia,03653,074259,0,0,21,17,14,87,89,0,42
15,001,Confluencia,03653,074260,0,0,10,13,19,85,101,0,43
15,001,Confluencia,03653,074261,0,0,37,12,18,79,83,0,48
15,001,Confluencia,03653,074262,0,0,10,17,13,104,93,0,49
15,001,Confluencia,03653,074263,0,0,18,11,15,78,105,0,43
15,001,Confluencia,03653,074264,0,0,11,18,9,90,103,0,41
15,001,Confluencia,03653,074265,0,0,31,6,19,81,102,0,40
15,001,Confluencia,03653,074266,0,0,19,19,19,78,89,0,50
15,001,Confluencia,03653,074267,0,0,10,18,13,79,109,0,53
15,001,Confluencia,03653,074268,0,0,22,11,16,76,106,0,55
15,001,Confluencia,03654,074269,0,0,11,19,16,71,116,0,44
15,001,Confluencia,03654,074270,0,0,2,10,16,62,139,0,0
15,001,Confluencia,03654,074271,0,0,16,23,14,69,106,0,64
15,001,Confluencia,03654,074272,0,0,14,5,22,88,111,0,47
15,001,Confluencia,03654,074273,0,0,12,13,18,67,124,0,50
15,001,Confluencia,03654,074274,0,0,25,7,15,60,131,0,49
15,001,Confluencia,03654,074275,0,0,16,15,7,77,116,0,42
15,001,Confluencia,03654,074276,0,0,14,15,23,69,120,0,46
15,001,Confluencia,03654,074277,0,0,14,12,16,80,110,0,49
15,001,Confluencia,03654,074278,0,0,6,15,10,80,100,0,57
15,001,Confluencia,03654,074279,0,0,10,8,17,68,112,0,57
15,001,Confluencia,03654,074280,0,0,12,11,22,116,104,0,43
15,001,Confluencia,03654,074281,0,0,16,7,17,59,125,0,46
15,001,Confluencia,03654,074282,0,0,16,18,11,67,119,0,56
15,001,Confluencia,03654,074283,0,0,23,11,14,54,133,0,38
15,001,Confluencia,03654,074284,0,0,18,9,18,62,144,0,39
15,001,Confluencia,03654,074285,0,0,15,10,21,83,110,0,42
15,001,Confluencia,03654,074286,0,0,14,6,11,83,107,0,61
15,001,Confluencia,03654,074287,0,0,15,6,14,67,128,0,40
15,001,Confluencia,03654,074288,0,0,18,19,18,72,114,0,38
15,001,Confluencia,03654,074289,0,0,15,13,17,70,122,0,46
15,001,Confluencia,03654,074290,0,0,12,10,19,77,135,0,42
15,001,Confluencia,03654,074291,0,0,21,11,20,73,111,0,31
15,001,Confluencia,03654,074292,0,0,16,19,20,87,100,0,49
15,001,Confluencia,03654,074293,0,0,7,10,26,65,111,0,55
15,001,Confluencia,03654,074294,0,0,14,17,19,73,114,0,47
15,001,Confluencia,03654,074295,0,0,19,9,16,60,114,0,65
15,001,Confluencia,03654,074296,0,0,13,12,13,85,120,0,53
15,001,Confluencia,03654,074297,0,0,13,10,15,73,110,0,50
15,001,Confluencia,03654,074298,0,0,20,8,21,67,118,0,50
15,001,Confluencia,03654,074299,0,0,22,11,12,70,110,0,57
15,001,Confluencia,03654,074300,0,0,14,16,7,83,123,0,39
15,001,Confluencia,03654,074301,0,0,21,16,17,68,122,0,51
15,001,Confluencia,03654,074302,0,0,21,10,15,80,107,0,49
15,001,Confluencia,03654,074303,0,0,13,12,18,71,124,0,39
15,001,Confluencia,03654,074304,0,0,18,16,24,72,108,0,50
15,001,Confluencia,03654,074305,0,0,20,13,15,74,117,0,41
15,001,Confluencia,03654,074306,0,0,18,14,19,57,123,0,63
15,001,Confluencia,03655,074307,0,0,4,8,16,37,86,0,33
15,001,Confluencia,03655,074308,0,0,7,15,8,40,96,0,26
15,001,Confluencia,03655,074309,0,0,9,11,15,51,94,0,20
15,001,Confluencia,03656,074310,0,0,17,9,31,67,104,0,37
15,001,Confluencia,03656,074311,0,0,16,12,8,84,107,0,46
15,001,Confluencia,03656,074312,0,0,11,8,8,117,76,0,39
15,001,Confluencia,03656,074313,0,0,19,14,13,79,98,0,41
15,001,Confluencia,03656,074314,0,0,18,8,20,73,104,0,38
15,001,Confluencia,03656,074315,0,0,12,15,17,108,81,0,35
15,001,Confluencia,03656,074316,0,0,16,13,20,82,107,0,34
15,001,Confluencia,03656,074317,0,0,22,16,13,67,116,0,38
15,001,Confluencia,03656,074318,0,0,18,15,14,85,97,0,43
15,001,Confluencia,03656,074319,0,0,23,8,21,64,109,0,46
15,001,Confluencia,03656,074320,0,0,23,13,13,102,88,0,34
15,001,Confluencia,03657,074321,0,0,17,10,13,71,140,0,41
15,001,Confluencia,03657,074322,0,0,14,15,15,91,104,0,47
15,001,Confluencia,03657,074323,0,0,9,14,19,83,129,0,33
15,001,Confluencia,03657,074324,0,0,9,14,21,76,127,0,42
15,001,Confluencia,03657,074325,0,0,10,14,18,78,125,0,34
15,001,Confluencia,03657,074326,0,0,20,14,21,78,120,0,36
15,001,Confluencia,03657,074327,0,0,15,13,19,84,110,0,43
15,001,Confluencia,03657,074328,0,0,12,14,5,66,149,0,40
15,001,Confluencia,03657,074329,0,0,13,14,12,87,123,0,44
15,001,Confluencia,03657,074330,0,0,21,8,11,68,137,0,47
15,001,Confluencia,03657,074331,0,0,13,17,12,82,128,0,31
15,001,Confluencia,03657,074332,0,0,13,11,17,75,140,0,47
15,001,Confluencia,03657,074333,0,0,18,10,16,67,121,0,48
15,001,Confluencia,03657,074334,0,0,15,14,16,72,134,0,47
15,001,Confluencia,03657,074335,0,0,19,13,9,69,121,0,53
15,001,Confluencia,03657,074336,0,0,11,12,22,71,120,0,52
15,001,Confluencia,03657,074337,0,0,23,24,14,73,114,0,38
15,001,Confluencia,03657,074338,0,0,15,16,16,80,107,0,46
15,001,Confluencia,03657,074339,0,0,12,10,12,68,115,0,61
15,001,Confluencia,03657,074340,0,0,16,21,13,81,127,0,35
15,001,Confluencia,03657,074341,0,0,14,18,22,75,118,0,32
15,001,Confluencia,03657,074342,0,0,15,11,17,83,120,0,46
15,001,Confluencia,03657,074343,0,0,25,6,14,75,118,0,51
15,001,Confluencia,03657,074344,0,0,16,12,20,72,121,0,52
15,001,Confluencia,03657,074345,0,0,19,13,21,79,112,0,50
15,001,Confluencia,03657,074346,0,0,11,22,21,62,120,0,62
15,001,Confluencia,03657,074347,0,0,15,11,15,62,136,0,59
15,001,Confluencia,03657,074348,0,0,4,19,14,64,102,0,61
15,001,Confluencia,03657,074349,0,0,19,17,12,83,118,0,36
15,001,Confluencia,03658,074350,0,0,12,15,16,49,143,0,34
15,001,Confluencia,03658,074351,0,0,6,13,20,56,141,0,37
15,001,Confluencia,03658,074352,0,0,10,11,10,68,159,0,28
15,001,Confluencia,03658,074353,0,0,11,10,13,67,149,0,36
15,001,Confluencia,03658,074354,0,0,12,13,23,44,145,0,33
15,001,Confluencia,03658,074355,0,0,7,7,9,77,152,0,45
15,001,Confluencia,03658,074356,0,0,11,9,17,44,150,0,35
15,001,Confluencia,03658,074357,0,0,21,13,12,49,141,0,32
15,001,Confluencia,03658,074358,0,0,11,4,17,69,131,0,43
15,001,Confluencia,03658,074359,0,0,13,12,12,42,148,0,45
15,001,Confluencia,03658,074360,0,0,11,7,12,66,170,0,27
15,001,Confluencia,03658,074361,0,0,12,11,11,65,145,0,40
15,001,Confluencia,03658,074362,0,0,10,9,11,51,167,0,35
15,001,Confluencia,03658,074363,0,0,12,9,17,55,145,0,23
15,001,Confluencia,03658,074364,0,0,14,5,20,50,157,0,36
15,001,Confluencia,03658,074365,0,0,15,12,11,57,145,0,26
15,001,Confluencia,03658,074366,0,0,14,7,10,67,169,0,20
15,001,Confluencia,03658,074367,0,0,14,7,9,59,161,0,42
15,001,Confluencia,03658,074368,0,0,10,4,14,60,155,0,41
15,001,Confluencia,03658,074369,0,0,5,15,12,40,159,0,40
15,001,Confluencia,03658,074370,0,0,10,8,11,66,157,0,33
15,001,Confluencia,03658,074371,0,0,11,22,14,50,157,0,33
15,001,Confluencia,03658,074372,0,0,9,12,20,54,150,0,34
15,001,Confluencia,03658,074373,0,0,17,16,20,51,142,0,31
15,001,Confluencia,03658,074374,0,0,18,13,17,61,149,0,33
15,001,Confluencia,03658,074375,0,0,13,14,11,52,149,0,32
15,001,Confluencia,03658,074376,0,0,9,11,16,58,149,0,43
15,001,Confluencia,03658,074377,0,0,15,7,17,57,149,0,41
15,001,Confluencia,03658,074378,0,0,9,10,16,69,148,0,32
15,001,Confluencia,03658,074379,0,0,6,12,11,70,142,0,39
15,001,Confluencia,03658,074380,0,0,10,13,15,50,162,0,38
15,001,Confluencia,03658,074381,0,0,11,8,14,58,150,0,29
15,001,Confluencia,03658,074382,0,0,10,9,14,41,156,0,43
15,001,Confluencia,03658,074383,0,0,12,17,18,50,149,0,31
15,001,Confluencia,03658,074384,0,0,9,10,13,64,135,0,40
15,001,Confluencia,03658,074385,0,0,13,16,10,60,162,0,27
15,001,Confluencia,03658,074386,0,0,19,15,8,59,133,0,37
15,001,Confluencia,03658,074387,0,0,13,11,11,49,159,0,38
15,001,Confluencia,03658,101004,0,0,0,0,0,0,0,0,0
15,001,Confluencia,03659,074388,0,0,18,11,17,63,130,0,45
15,001,Confluencia,03659,074389,0,0,14,11,15,56,143,0,35
15,001,Confluencia,03659,074390,0,0,16,11,27,58,121,0,43
15,001,Confluencia,03659,074391,0,0,12,12,25,52,126,0,65
15,001,Confluencia,03659,074392,0,0,13,11,19,59,139,0,40
15,001,Confluencia,03659,074393,0,0,18,13,20,58,146,0,36
15,001,Confluencia,03659,074394,0,0,17,8,24,67,130,0,40
15,001,Confluencia,03659,074395,0,0,9,14,11,56,155,0,39
15,001,Confluencia,03659,074396,0,0,6,5,20,62,143,0,42
15,001,Confluencia,03659,074397,0,0,14,24,18,56,138,0,30
15,001,Confluencia,03659,074398,0,0,12,7,20,55,152,0,40
15,001,Confluencia,03659,074399,0,0,17,17,26,63,121,0,32
15,001,Confluencia,03659,074400,0,0,10,10,13,81,127,0,45
15,001,Confluencia,03659,074401,0,0,8,16,22,66,127,0,36
15,001,Confluencia,03659,074402,0,0,11,13,22,56,132,0,44
15,001,Confluencia,03659,074403,0,0,9,26,14,52,138,0,50
15,001,Confluencia,03659,074404,0,0,10,12,23,61,148,0,41
15,001,Confluencia,03659,074405,0,0,22,12,20,38,146,0,52
15,001,Confluencia,03659,074406,0,0,11,7,16,70,135,0,41
15,001,Confluencia,03659,074407,0,0,11,11,23,69,111,0,49
15,001,Confluencia,03659,074408,0,0,16,17,22,64,126,0,39
15,001,Confluencia,03659,074409,0,0,19,18,28,49,121,0,44
15,001,Confluencia,03660,074410,0,0,13,12,14,43,146,0,32
15,001,Confluencia,03660,074411,0,0,14,10,8,55,133,0,37
15,001,Confluencia,03660,074412,0,0,19,14,15,33,159,0,32
15,001,Confluencia,03660,074413,0,0,11,8,12,56,129,0,31
15,001,Confluencia,03660,074414,0,0,11,9,11,43,159,0,32
15,001,Confluencia,03660,074415,0,0,10,16,19,41,146,0,34
15,001,Confluencia,03660,074416,0,0,12,10,17,60,149,0,34
15,001,Confluencia,03660,074417,0,0,13,9,10,62,141,0,36
15,001,Confluencia,03660,074418,0,0,12,10,14,51,140,0,41
15,001,Confluencia,03660,074419,0,0,10,5,16,61,132,0,36
15,001,Confluencia,03660,074420,0,0,7,8,12,59,149,0,31
15,001,Confluencia,03660,074421,0,0,16,9,10,52,156,0,32
15,001,Confluencia,03660,074422,0,0,6,10,12,65,138,0,36
15,001,Confluencia,03660,074423,0,0,12,6,16,50,150,0,38
15,001,Confluencia,03660,074424,0,0,15,8,18,50,143,0,35
15,001,Confluencia,03660,074425,0,0,13,9,13,45,140,0,44
15,001,Confluencia,03660,074426,0,0,11,9,17,48,126,0,43
15,001,Confluencia,03660,074427,0,0,12,10,14,55,151,0,26
15,001,Confluencia,03660,074428,0,0,16,12,15,49,149,0,34
15,001,Confluencia,03660,101005,0,0,0,0,0,0,0,0,0
15,001,Confluencia,03660,101006,0,0,0,0,0,0,0,0,0
15,001,Confluencia,03661,074429,0,0,9,10,14,55,148,0,39
15,001,Confluencia,03661,074430,0,0,16,16,16,57,127,0,44
15,001,Confluencia,03661,074431,0,0,17,7,17,53,172,0,29
15,001,Confluencia,03661,074432,0,0,13,9,17,70,132,0,39
15,001,Confluencia,03661,074433,0,0,7,10,13,71,143,0,39
15,001,Confluencia,03661,074434,0,0,9,14,10,70,147,0,34
15,001,Confluencia,03661,074435,0,0,6,11,18,68,146,0,36
15,001,Confluencia,03661,074436,0,0,12,11,10,66,138,0,38
15,001,Confluencia,03661,074437,0,0,14,12,12,66,131,0,36
15,001,Confluencia,03661,074438,0,0,15,9,18,60,152,0,30
15,001,Confluencia,03661,074439,0,0,16,12,12,66,136,0,41
15,001,Confluencia,03661,074440,0,0,8,6,22,62,137,0,41
15,001,Confluencia,03661,074441,0,0,4,15,18,77,120,0,42
15,001,Confluencia,03661,074442,0,0,16,5,14,58,146,0,45
15,001,Confluencia,03661,074443,0,0,16,10,11,70,125,0,35
15,001,Confluencia,03661,074444,0,0,13,13,11,62,135,0,24
15,001,Confluencia,03661,074445,0,0,15,14,18,67,119,0,34
15,001,Confluencia,03661,074446,0,0,8,12,11,72,137,0,43
15,001,Confluencia,03662,074447,0,0,29,16,17,89,70,0,46
15,001,Confluencia,03662,074448,0,0,18,12,18,70,107,0,57
15,001,Confluencia,03662,074449,0,0,16,12,12,82,89,0,60
15,001,Confluencia,03662,074450,0,0,12,9,15,84,114,0,52
15,001,Confluencia,03662,074451,0,0,17,12,15,63,115,0,43
15,001,Confluencia,03662,074452,0,0,16,11,17,79,112,0,50
15,001,Confluencia,03662,074453,0,0,24,8,14,53,118,0,55
15,001,Confluencia,03662,074454,0,0,0,6,11,74,89,0,65
15,001,Confluencia,03662,074455,0,0,19,8,10,95,87,0,53
15,001,Confluencia,03662,074456,0,0,21,6,16,87,100,0,36
15,001,Confluencia,03662,074457,0,0,25,5,17,86,95,0,57
15,001,Confluencia,03662,074458,0,0,22,10,11,95,78,0,55
15,001,Confluencia,03663,074459,0,0,21,13,23,74,98,0,49
15,001,Confluencia,03663,074460,0,0,36,12,8,81,112,0,58
15,001,Confluencia,03663,074461,0,0,20,15,8,85,94,0,54
15,001,Confluencia,03663,074462,0,0,29,10,20,83,93,0,55
15,001,Confluencia,03663,074463,0,0,22,12,17,73,107,0,59
15,001,Confluencia,03663,074464,0,0,15,14,21,80,105,0,47
15,001,Confluencia,03663,074465,0,0,16,21,21,66,100,0,54
15,001,Confluencia,03663,074466,0,0,19,11,23,75,108,0,52
15,001,Confluencia,03663,074467,0,0,27,12,14,76,111,0,51
15,001,Confluencia,03663,074468,0,0,15,13,12,84,121,0,53
15,001,Confluencia,03663,074469,0,0,18,4,13,74,112,0,64
15,001,Confluencia,03663,074470,0,0,24,10,11,67,102,0,55
15,001,Confluencia,03663,074471,0,0,19,7,19,93,95,0,53
15,001,Confluencia,03663,074472,0,0,4,8,15,86,120,0,47
15,001,Confluencia,03663,074473,0,0,2,8,24,100,99,0,53
15,001,Confluencia,03663,074474,0,0,13,13,15,83,98,0,64
15,001,Confluencia,03663,074475,0,0,29,11,21,75,116,0,40
15,001,Confluencia,03663,074476,0,0,9,11,18,67,115,0,54
15,001,Confluencia,03663,074477,0,0,16,12,12,91,107,0,38
15,001,Confluencia,03663,074478,0,0,28,4,14,84,94,0,57
15,001,Confluencia,03663,074479,0,0,21,9,12,87,98,0,50
15,001,Confluencia,03663,074480,0,0,27,12,21,76,103,0,51
15,001,Confluencia,03663,074481,0,0,22,7,17,81,91,0,63
15,001,Confluencia,03663,074482,0,0,14,9,19,91,99,0,60
15,001,Confluencia,03663,074483,0,0,17,18,16,78,104,0,56
15,001,Confluencia,03663,074484,0,0,17,13,17,78,114,0,51
15,001,Confluencia,03663,074485,0,0,18,8,19,84,110,0,58
15,001,Confluencia,03663,074486,0,0,14,11,20,71,110,0,56
15,001,Confluencia,03663,074487,0,0,23,9,18,101,92,0,60
15,001,Confluencia,03663,074488,0,0,30,11,12,87,84,0,59
15,001,Confluencia,03663,074489,0,0,19,9,19,98,88,0,50
15,001,Confluencia,03663,074490,0,0,16,18,22,89,78,0,56
15,001,Confluencia,03663,074491,0,0,22,13,24,75,87,0,70
15,001,Confluencia,03663,074492,0,0,0,5,16,80,100,0,0
15,001,Confluencia,03663,074493,0,0,21,17,23,76,100,0,45
15,001,Confluencia,03663,074494,0,0,14,11,16,89,93,0,66
15,001,Confluencia,03663,074495,0,0,23,8,25,86,95,0,45
15,001,Confluencia,03663,074496,0,0,22,9,21,80,84,0,72
15,001,Confluencia,03663,074497,0,0,17,17,20,96,85,0,49
15,001,Confluencia,03663,074498,0,0,43,4,5,73,91,0,55
15,001,Confluencia,03663,074499,0,0,27,9,13,71,97,0,58
15,001,Confluencia,03663,074500,0,0,7,14,18,90,80,0,77
15,001,Confluencia,03663,074501,0,0,23,10,9,73,117,0,52
15,001,Confluencia,03663,074502,0,0,21,8,14,72,106,0,55
15,001,Confluencia,03663,074503,0,0,21,17,13,85,104,0,38
15,001,Confluencia,03663,074504,0,0,13,19,16,72,92,0,75
15,001,Confluencia,03663,074505,0,0,22,4,14,76,105,0,54
15,001,Confluencia,03663,074506,0,0,16,18,8,78,93,0,63
15,001,Confluencia,03663,101007,0,0,0,0,0,0,0,0,0
15,001,Confluencia,03663,101008,0,0,0,0,0,0,0,0,0
15,001,Confluencia,03663,101009,0,0,0,0,0,0,0,0,0
15,001,Confluencia,03663,101010,0,0,0,0,0,0,0,0,0
15,001,Confluencia,03664,074507,0,0,19,10,12,45,146,0,38
15,001,Confluencia,03664,074508,0,0,13,15,17,48,140,0,36
15,001,Confluencia,03664,074509,0,0,12,12,14,47,152,0,33
15,001,Confluencia,03664,074510,0,0,7,12,5,59,165,0,32
15,001,Confluencia,03664,074511,0,0,15,17,13,53,134,0,42
15,001,Confluencia,03664,074512,0,0,14,14,12,60,144,0,35
15,001,Confluencia,03664,101011,0,0,0,0,0,0,0,0,0
15,001,Confluencia,03665,074513,0,0,32,11,23,99,79,0,54
15,001,Confluencia,03665,074514,0,0,20,13,21,119,89,0,42
15,001,Confluencia,03665,074515,0,0,20,11,18,111,80,0,53
15,001,Confluencia,03665,074516,0,0,17,10,12,93,109,0,58
15,001,Confluencia,03665,074517,0,0,27,13,14,122,56,0,65
15,001,Confluencia,03665,074518,0,0,23,10,17,103,80,0,62
15,001,Confluencia,03665,074519,0,0,0,13,17,104,92,0,61
15,001,Confluencia,03665,074520,0,0,31,19,12,90,83,0,52
15,001,Confluencia,03665,074521,0,0,20,16,14,100,87,0,49
15,001,Confluencia,03665,074522,0,0,26,14,20,98,98,0,39
15,001,Confluencia,03665,074523,0,0,15,8,19,94,84,0,63
15,001,Confluencia,03665,074524,0,0,31,8,22,86,86,0,62
15,001,Confluencia,03665,074525,0,0,26,14,22,88,89,0,51
15,001,Confluencia,03665,074526,0,0,11,13,19,77,98,0,54
15,001,Confluencia,03665,074527,0,0,15,12,23,86,84,0,65
15,001,Confluencia,03665,074528,0,0,7,15,18,122,76,0,66
15,001,Confluencia,03665,074529,0,0,25,14,24,104,82,0,42
15,001,Confluencia,03665,074530,0,0,36,14,20,89,82,0,55
15,001,Confluencia,03665,074531,0,0,26,9,28,90,66,0,63
15,001,Confluencia,03665,074532,0,0,24,17,20,102,79,0,46
15,001,Confluencia,03665,074533,0,0,23,11,16,93,84,0,65
15,001,Confluencia,03665,074534,0,0,23,9,16,110,74,0,50
15,001,Confluencia,03665,074535,0,0,31,12,16,116,83,0,49
15,001,Confluencia,03665,074536,0,0,22,17,12,91,100,0,50
15,001,Confluencia,03665,074537,0,0,10,17,17,98,91,0,60
15,001,Confluencia,03665,074538,0,0,29,5,19,91,90,0,57
15,001,Confluencia,03665,074539,0,0,21,13,17,124,73,0,55
15,001,Confluencia,03665,074540,0,0,1,6,14,97,85,0,50
15,001,Confluencia,03665,074541,0,0,24,11,25,84,83,0,57
15,001,Confluencia,03665,074542,0,0,24,10,21,101,100,0,46
15,001,Confluencia,03665,074543,0,0,16,8,26,91,111,0,34
15,001,Confluencia,03665,074544,0,0,23,19,17,89,101,0,58
15,001,Confluencia,03665,074545,0,0,21,15,14,80,96,0,44
15,001,Confluencia,03665,074546,0,0,27,15,20,81,96,0,49
15,001,Confluencia,03665,074547,0,0,53,13,13,115,71,0,15
15,001,Confluencia,03665,074548,0,0,15,16,16,95,105,0,48
15,001,Confluencia,03665,074549,0,0,23,9,20,89,88,0,52
15,001,Confluencia,03665,074550,0,0,31,21,25,85,77,0,54
15,001,Confluencia,03665,074551,0,0,21,13,19,107,71,0,59
15,001,Confluencia,03665,074552,0,0,28,16,13,94,99,0,54
15,001,Confluencia,03665,074553,0,0,15,13,16,108,95,0,59
15,001,Confluencia,03665,074554,0,0,22,9,22,90,97,0,44
15,001,Confluencia,03665,074555,0,0,22,9,24,84,99,0,64
15,001,Confluencia,03665,074556,0,0,16,15,22,98,90,0,65
15,001,Confluencia,03665,074557,0,0,22,10,18,90,93,0,58
15,001,Confluencia,03665,074558,0,0,20,12,10,118,74,0,54
15,001,Confluencia,03665,074559,0,0,27,8,27,82,98,0,46
15,001,Confluencia,03665,074560,0,0,23,10,19,97,88,0,51
15,001,Confluencia,03665,074561,0,0,18,10,19,97,93,0,56
15,001,Confluencia,03665,074562,0,0,20,12,22,121,76,0,50
15,001,Confluencia,03665,074563,0,0,15,8,18,100,85,0,54
15,001,Confluencia,03665,074564,0,0,32,0,23,109,84,0,49
15,001,Confluencia,03665,074565,0,0,18,9,17,93,77,0,64
15,001,Confluencia,03665,074566,0,0,23,12,17,101,97,0,58
15,001,Confluencia,03665,074567,0,0,23,19,26,103,74,0,50
15,001,Confluencia,03665,074568,0,0,19,14,20,101,93,0,41
15,001,Confluencia,03665,074569,0,0,25,15,18,94,96,0,46
15,001,Confluencia,03665,074570,0,0,20,7,26,100,82,0,51
15,001,Confluencia,03665,074571,0,0,20,12,17,104,77,0,55
15,001,Confluencia,03665,074572,0,0,17,8,19,119,67,0,56
15,001,Confluencia,03665,074573,0,0,16,19,14,93,87,0,47
15,001,Confluencia,03665,074574,0,0,15,19,15,107,95,0,43
15,001,Confluencia,03665,074575,0,0,25,12,14,89,91,0,49
15,001,Confluencia,03665,074576,0,0,28,13,20,101,91,0,50
15,001,Confluencia,03665,074577,0,0,21,17,21,79,89,0,57
15,001,Confluencia,03665,074578,0,0,17,13,29,93,86,0,56
15,001,Confluencia,03665,074579,0,0,22,14,14,118,84,0,50
15,001,Confluencia,03665,074580,0,0,22,6,24,77,88,0,78
15,001,Confluencia,03665,074581,0,0,26,17,12,86,95,0,61
15,001,Confluencia,03665,074582,0,0,26,10,12,97,94,0,55
15,001,Confluencia,03665,074583,0,0,27,12,25,96,85,0,41
15,001,Confluencia,03665,074584,0,0,28,9,14,79,100,0,66
15,001,Confluencia,03665,074585,0,0,23,10,20,103,83,0,54
15,001,Confluencia,03665,074586,0,0,20,11,15,107,81,0,61
15,001,Confluencia,03665,074587,0,0,20,9,17,104,90,0,54
15,001,Confluencia,03665,074588,0,0,22,18,15,111,74,0,50
15,001,Confluencia,03665,074589,0,0,19,7,13,98,87,0,60
15,001,Confluencia,03665,074590,0,0,19,13,22,85,80,0,78
15,001,Confluencia,03665,074591,0,0,24,7,14,94,87,0,57
15,001,Confluencia,03665,074592,0,0,28,12,18,91,90,0,52
15,001,Confluencia,03665,074593,0,0,24,10,22,106,88,0,48
15,001,Confluencia,03665,074594,0,0,29,9,17,97,81,0,61
15,001,Confluencia,03665,074595,0,0,33,10,8,91,88,0,68
15,001,Confluencia,03665,074596,0,0,23,11,13,109,78,0,65
15,001,Confluencia,03665,074597,0,0,29,15,24,94,82,0,53
15,001,Confluencia,03665,074598,0,0,19,17,25,84,98,0,53
15,001,Confluencia,03665,074599,0,0,18,12,22,89,94,0,58
15,001,Confluencia,03665,074600,0,0,28,12,21,81,85,0,67
15,001,Confluencia,03665,074601,0,0,18,9,22,90,92,0,57
15,001,Confluencia,03665,074602,0,0,23,10,13,95,93,0,47
15,001,Confluencia,03665,074603,0,0,34,9,13,113,74,0,50
15,001,Confluencia,03665,074604,0,0,26,11,15,74,98,0,65
15,001,Confluencia,03665,074605,0,0,20,11,19,102,76,0,58
15,001,Confluencia,03665,074606,0,0,24,14,10,104,76,0,0
15,001,Confluencia,03665,074607,0,0,25,12,11,100,88,0,62
15,001,Confluencia,03665,074608,0,0,35,12,19,83,77,0,67
15,001,Confluencia,03665,074609,0,0,23,12,17,94,84,0,53
15,001,Confluencia,03665,074610,0,0,27,7,23,99,84,0,38
15,001,Confluencia,03665,074611,0,0,25,12,16,94,79,0,61
15,001,Confluencia,03665,074612,0,0,21,13,18,102,88,0,46
15,001,Confluencia,03665,074613,0,0,16,13,20,103,83,0,59
15,001,Confluencia,03665,074614,0,0,26,8,13,118,82,0,48
15,001,Confluencia,03665,074615,0,0,21,9,22,84,90,0,60
15,001,Confluencia,03665,074616,0,0,24,16,13,83,82,0,69
15,001,Confluencia,03665,074617,0,0,19,12,18,108,89,0,50
15,001,Confluencia,03665,074618,0,0,15,10,11,114,105,0,38
15,001,Confluencia,03665,074619,0,0,22,11,14,107,88,0,59
15,001,Confluencia,03665,074620,0,0,17,10,15,91,109,0,48
15,001,Confluencia,03665,074621,0,0,17,13,16,105,96,0,54
15,001,Confluencia,03665,074622,0,0,26,20,10,86,101,0,63
15,001,Confluencia,03665,074623,0,0,13,10,25,102,82,0,59
15,001,Confluencia,03665,074624,0,0,25,19,8,95,97,0,45
15,001,Confluencia,03665,074625,0,0,31,17,21,94,87,0,54
15,001,Confluencia,03665,074626,0,0,24,15,23,91,74,0,66
15,001,Confluencia,03665,074627,0,0,19,16,26,82,93,0,58
15,001,Confluencia,03665,074628,0,0,27,14,15,110,85,0,54
15,001,Confluencia,03665,074629,0,0,20,8,18,98,83,0,66
15,001,Confluencia,03665,074630,0,0,24,19,17,93,77,0,61
15,001,Confluencia,03665,074631,0,0,33,9,16,96,99,0,37
15,001,Confluencia,03665,074632,0,0,20,17,14,115,77,0,52
15,001,Confluencia,03665,074633,0,0,17,17,17,105,86,0,49
15,001,Confluencia,03665,074634,0,0,20,12,14,92,107,0,45
15,001,Confluencia,03665,074635,0,0,26,13,20,100,92,0,47
15,001,Confluencia,03665,101012,0,0,0,0,0,0,0,0,0
15,001,Confluencia,03665,101013,0,0,0,0,0,0,0,0,0
15,001,Confluencia,03665,101014,0,0,0,0,0,0,0,0,0
15,001,Confluencia,03666,074636,0,0,32,14,8,102,55,0,77
15,001,Confluencia,03666,074637,0,0,23,8,23,106,48,0,79
15,001,Confluencia,03666,074638,0,0,19,7,14,98,49,0,88
15,001,Confluencia,03666,074639,0,0,24,12,26,95,64,0,66
15,001,Confluencia,03666,074640,0,0,27,12,17,104,60,0,66
15,001,Confluencia,03666,074641,0,0,26,16,24,96,57,0,70
15,001,Confluencia,03666,074642,0,0,24,12,20,115,58,0,64
15,001,Confluencia,03666,074643,0,0,17,4,24,97,57,0,92
15,001,Confluencia,03666,074644,0,0,28,4,21,109,42,0,87
15,001,Confluencia,03666,074645,0,0,32,14,16,102,71,0,65
15,001,Confluencia,03667,074646,0,0,30,10,7,151,31,0,50
15,001,Confluencia,03667,074647,0,0,35,7,6,147,46,0,53
15,001,Confluencia,03667,101015,0,0,0,0,0,0,0,0,0
15,001,Confluencia,03668,074648,0,0,16,12,15,106,89,0,57
15,001,Confluencia,03668,074649,0,0,17,5,10,119,86,0,67
15,001,Confluencia,03668,074650,0,0,29,8,5,111,66,0,69
15,001,Confluencia,03668,074651,0,0,0,9,15,111,51,0,81
15,001,Confluencia,03668,074652,0,0,25,11,13,118,64,0,69
15,001,Confluencia,03668,074653,0,0,20,13,25,104,85,0,59
15,001,Confluencia,03668,074654,0,0,26,8,18,117,49,0,67
15,001,Confluencia,03668,074655,0,0,24,13,22,106,83,0,49
15,001,Confluencia,03668,074656,0,0,19,15,11,102,76,0,65
15,001,Confluencia,03668,074657,0,0,30,7,13,107,83,0,56
15,001,Confluencia,03668,074658,0,0,34,12,12,68,68,0,60
15,001,Confluencia,03668,074659,0,0,20,17,17,92,81,0,64
15,001,Confluencia,03668,074660,0,0,20,6,20,94,72,0,84
15,001,Confluencia,03668,074661,0,0,20,12,17,101,88,0,67
15,001,Confluencia,03668,074662,0,0,18,5,14,107,73,0,72
15,001,Confluencia,03668,074663,0,0,24,14,11,116,88,0,55
15,001,Confluencia,03668,074664,0,0,28,11,10,109,82,0,59
15,001,Confluencia,03668,074665,0,0,13,15,18,111,77,0,49
15,001,Confluencia,03668,074666,0,0,30,14,9,109,83,0,54
15,001,Confluencia,03668,074667,0,0,21,13,26,108,72,0,53
15,001,Confluencia,03668,074668,0,0,26,14,20,117,74,0,50
15,001,Confluencia,03668,074669,0,0,25,16,22,113,77,0,51
15,001,Confluencia,03668,074670,0,0,24,19,17,106,72,0,62
15,001,Confluencia,03668,074671,0,0,18,13,20,101,65,0,72
15,001,Confluencia,03668,074672,0,0,26,15,9,106,89,0,58
15,001,Confluencia,03668,074673,0,0,20,20,16,105,89,0,53
15,001,Confluencia,03668,074674,0,0,31,6,19,115,73,0,54
15,001,Confluencia,03668,074675,0,0,24,14,28,121,67,0,55
15,001,Confluencia,03668,074676,0,0,37,10,15,121,57,0,64
15,001,Confluencia,03668,074677,0,0,13,16,21,84,89,0,63
15,001,Confluencia,03668,074678,0,0,21,7,13,114,77,0,69
15,001,Confluencia,03668,074679,0,0,13,12,18,116,75,0,0
15,001,Confluencia,03668,074680,0,0,17,10,18,81,107,0,61
15,001,Confluencia,03668,074681,0,0,21,8,14,98,81,0,64
15,001,Confluencia,03668,074682,0,0,22,15,13,103,83,0,52
15,001,Confluencia,03668,074683,0,0,18,6,11,107,94,0,56
15,001,Confluencia,03668,074684,0,0,22,13,19,124,65,0,52
15,001,Confluencia,03668,074685,0,0,19,15,20,93,85,0,67
15,001,Confluencia,03668,074686,0,0,22,13,23,93,80,0,70
15,001,Confluencia,03668,074687,0,0,24,12,16,96,57,0,84
15,001,Confluencia,03668,074688,0,0,20,10,9,90,78,0,82
15,001,Confluencia,03668,074689,0,0,22,16,14,122,59,0,58
15,001,Confluencia,03668,074690,0,0,27,15,18,100,77,0,57
15,001,Confluencia,03668,074691,0,0,22,12,16,102,82,0,60
15,001,Confluencia,03668,074692,0,0,0,71,18,12,79,0,0
15,001,Confluencia,03668,074693,0,0,18,10,12,89,89,0,73
15,001,Confluencia,03668,074694,0,0,20,6,19,101,88,0,59
15,001,Confluencia,03668,074695,0,0,24,11,6,107,87,0,60
15,001,Confluencia,03668,074696,0,0,29,12,16,105,88,0,55
15,001,Confluencia,03668,074697,0,0,31,12,12,96,73,0,74
15,001,Confluencia,03668,074698,0,0,23,14,23,90,84,0,56
15,001,Confluencia,03668,074699,0,0,27,16,15,82,80,0,58
15,001,Confluencia,03668,074700,0,0,32,7,23,94,68,0,81
15,001,Confluencia,03668,074701,0,0,27,10,19,114,78,0,50
15,001,Confluencia,03668,074702,0,0,22,11,17,123,68,0,48
15,001,Confluencia,03668,074703,0,0,37,15,19,114,67,0,57
15,001,Confluencia,03668,074704,0,0,14,14,17,105,72,0,68
15,001,Confluencia,03668,074705,0,0,39,39,12,111,73,0,48
15,001,Confluencia,03668,074706,0,0,31,16,14,111,63,0,55
15,001,Confluencia,03668,074707,0,0,21,13,19,91,93,0,72
15,001,Confluencia,03668,074708,0,0,19,15,10,126,76,0,51
15,001,Confluencia,03668,074709,0,0,42,15,16,105,76,0,55
15,001,Confluencia,03668,074710,0,0,30,13,17,114,71,0,57
15,001,Confluencia,03668,074711,0,0,23,8,17,102,86,0,58
15,001,Confluencia,03668,074712,0,0,27,14,15,89,102,0,48
15,001,Confluencia,03668,074713,0,0,19,14,17,106,72,0,64
15,001,Confluencia,03668,074714,0,0,25,13,24,103,74,0,57
15,001,Confluencia,03668,074715,0,0,18,5,14,120,58,0,67
15,001,Confluencia,03668,074716,0,0,23,12,20,109,84,0,56
15,001,Confluencia,03668,074717,0,0,22,12,19,114,61,0,67
15,001,Confluencia,03668,074718,0,0,24,15,17,106,78,0,55
15,001,Confluencia,03668,074719,0,0,19,13,19,124,69,0,61
15,001,Confluencia,03668,074720,0,0,1,16,19,114,61,0,60
15,001,Confluencia,03668,074721,0,0,40,11,13,110,65,0,61
15,001,Confluencia,03668,074722,0,0,30,11,14,96,75,0,65
15,001,Confluencia,03668,074723,0,0,19,14,12,116,81,0,61
15,001,Confluencia,03668,074724,0,0,27,14,12,106,61,0,67
15,001,Confluencia,03668,074725,0,0,18,17,25,104,77,0,68
15,001,Confluencia,03668,074726,0,0,21,10,15,135,61,0,61
15,001,Confluencia,03668,074727,0,0,29,9,18,119,63,0,57
15,001,Confluencia,03668,074728,0,0,20,14,16,90,74,0,71
15,001,Confluencia,03668,074729,0,0,24,13,21,126,66,0,55
15,001,Confluencia,03668,074730,0,0,26,9,22,99,83,0,49
15,001,Confluencia,03668,074731,0,0,18,11,13,105,79,0,51
15,001,Confluencia,03668,074732,0,0,20,14,12,104,78,0,68
15,001,Confluencia,03668,074733,0,0,32,11,24,111,62,0,67
15,001,Confluencia,03668,074734,0,0,34,16,9,114,70,0,61
15,001,Confluencia,03668,074735,0,0,30,12,15,108,62,0,65
15,001,Confluencia,03668,074736,0,0,23,10,22,108,78,0,55
15,001,Confluencia,03668,074737,0,0,32,11,7,113,70,0,51
15,001,Confluencia,03668,074738,0,0,31,7,31,94,80,0,48
15,001,Confluencia,03668,074739,0,0,32,13,18,90,87,0,55
15,001,Confluencia,03668,074740,0,0,24,17,20,104,71,0,53
15,001,Confluencia,03668,074741,0,0,22,7,17,96,93,0,63
15,001,Confluencia,03668,074742,0,0,24,6,19,127,55,0,59
15,001,Confluencia,03668,074743,0,0,32,11,9,116,70,0,52
15,001,Confluencia,03668,074744,0,0,30,14,18,102,72,0,57
15,001,Confluencia,03668,074745,0,0,0,6,21,107,68,0,67
15,001,Confluencia,03668,074746,0,0,27,15,14,107,78,0,57
15,001,Confluencia,03668,074747,0,0,19,12,8,114,68,0,68
15,001,Confluencia,03668,074748,0,0,34,16,8,79,75,0,69
15,001,Confluencia,03668,074749,0,0,34,10,9,109,73,0,66
15,001,Confluencia,03668,074750,0,0,25,13,17,116,62,0,60
15,001,Confluencia,03668,074751,0,0,26,12,21,126,65,0,53
15,001,Confluencia,03668,074752,0,0,37,20,13,106,78,0,48
15,001,Confluencia,03668,074753,0,0,24,12,7,125,86,0,52
15,001,Confluencia,03668,074754,0,0,33,10,11,107,87,0,55
15,001,Confluencia,03668,074755,0,0,30,14,9,122,70,0,59
15,001,Confluencia,03668,074756,0,0,27,15,21,100,75,0,54
15,001,Confluencia,03668,074757,0,0,32,10,20,105,57,0,73
15,001,Confluencia,03668,074758,0,0,23,12,17,97,81,0,50
15,001,Confluencia,03668,074759,0,0,22,10,14,97,81,0,49
15,001,Confluencia,03668,074760,0,0,32,13,15,99,76,0,67
15,001,Confluencia,03668,074761,0,0,25,16,21,106,70,0,52
15,001,Confluencia,03668,074762,0,0,23,13,24,101,70,0,59
15,001,Confluencia,03668,074763,0,0,20,13,12,108,76,0,62
15,001,Confluencia,03668,074764,0,0,34,9,13,96,89,0,0
15,001,Confluencia,03668,074765,0,0,22,10,17,99,80,0,64
15,001,Confluencia,03668,074766,0,0,28,13,20,105,64,0,68
15,001,Confluencia,03668,074767,0,0,26,11,13,98,96,0,61
15,001,Confluencia,03668,074768,0,0,29,11,24,118,56,0,63
15,001,Confluencia,03668,074769,0,0,29,5,16,91,78,0,73
15,001,Confluencia,03668,074770,0,0,18,9,19,100,84,0,69
15,001,Confluencia,03668,074771,0,0,16,14,6,118,82,0,62
15,001,Confluencia,03668,074772,0,0,26,11,19,114,74,0,59
15,001,Confluencia,03668,074773,0,0,23,13,17,99,73,0,65
15,001,Confluencia,03668,074774,0,0,18,6,17,99,102,0,66
15,001,Confluencia,03668,074775,0,0,24,16,17,99,81,0,52
15,001,Confluencia,03668,074776,0,0,34,9,17,122,60,0,60
15,001,Confluencia,03668,101016,0,0,0,0,0,0,0,0,0
15,001,Confluencia,03668,101017,0,0,0,0,0,0,0,0,0
15,001,Confluencia,03668,101018,0,0,0,0,0,0,0,0,0
15,001,Confluencia,03668,101019,0,0,0,0,0,0,0,0,0
15,001,Confluencia,03669,074777,0,0,11,10,10,87,93,0,54
15,001,Confluencia,03669,074778,0,0,21,10,12,99,91,0,45
15,001,Confluencia,03669,074779,0,0,22,11,11,106,70,0,53
15,001,Confluencia,03669,074780,0,0,21,12,15,86,92,0,55
15,001,Confluencia,03669,074781,0,0,9,15,12,96,95,0,47
15,001,Confluencia,03669,074782,0,0,19,13,16,82,87,0,57
15,001,Confluencia,03669,074783,0,0,15,9,10,117,86,0,36
15,001,Confluencia,03669,074784,0,0,23,18,16,74,85,0,40
15,001,Confluencia,03669,074785,0,0,21,6,12,96,80,0,54
15,001,Confluencia,03669,074786,0,0,22,5,9,102,74,0,65
15,001,Confluencia,03669,074787,0,0,14,10,17,90,79,0,58
15,001,Confluencia,03669,074788,0,0,19,9,11,82,101,0,48
15,001,Confluencia,03669,074789,0,0,24,8,10,77,104,0,57
15,001,Confluencia,03669,074790,0,0,20,11,12,85,89,0,42
15,001,Confluencia,03670,074791,0,0,29,8,11,107,65,0,64
15,001,Confluencia,03670,074792,0,0,25,9,14,99,73,0,63
15,001,Confluencia,03670,074793,0,0,21,10,17,101,67,0,75
15,001,Confluencia,03670,074794,0,0,19,15,11,119,69,0,63
15,001,Confluencia,03670,074795,0,0,34,12,9,106,59,0,73
15,001,Confluencia,03670,074796,0,0,30,7,16,106,61,0,76
15,001,Confluencia,03670,074797,0,0,27,9,22,92,79,0,65
15,001,Confluencia,03670,074798,0,0,29,11,12,98,68,0,65
15,001,Confluencia,03670,074799,0,0,20,8,11,114,75,0,54
15,001,Confluencia,03670,074800,0,0,32,12,15,99,67,0,65
15,001,Confluencia,03670,074801,0,0,35,11,17,112,52,0,62
15,001,Confluencia,03670,074802,0,0,31,13,8,99,71,0,64
15,001,Confluencia,03670,074803,0,0,27,13,8,111,73,0,60
15,001,Confluencia,03670,074804,0,0,37,9,11,98,63,0,69
15,001,Confluencia,03670,074805,0,0,44,16,15,79,76,0,66
15,001,Confluencia,03670,074806,0,0,36,14,11,100,89,0,49
15,001,Confluencia,03670,101020,0,0,0,0,0,0,0,0,0
15,001,Confluencia,03671,074807,0,0,34,12,6,124,68,0,49
15,001,Confluencia,03671,074808,0,0,33,15,10,116,80,0,45
15,001,Confluencia,03671,074809,0,0,27,11,15,123,55,0,54
15,001,Confluencia,03671,074810,0,0,20,9,7,142,58,0,62
15,001,Confluencia,03671,074811,0,0,21,0,9,125,66,0,54
15,001,Confluencia,03671,074812,0,0,32,7,12,159,53,0,47
15,001,Confluencia,03671,074813,0,0,18,14,14,148,49,0,0
15,001,Confluencia,03671,074814,0,0,17,22,13,135,63,0,46
15,001,Confluencia,03671,074815,0,0,27,22,10,113,68,0,54
15,001,Confluencia,03671,074816,0,0,33,19,9,101,73,0,56
15,001,Confluencia,03671,074817,0,0,21,14,13,122,59,0,65
15,001,Confluencia,03671,074818,0,0,33,7,4,121,69,0,56
15,001,Confluencia,03671,074819,0,0,20,17,13,127,41,0,67
15,001,Confluencia,03671,074820,0,0,26,16,12,138,52,0,48
15,001,Confluencia,03671,074821,0,0,20,14,19,136,62,0,40
15,001,Confluencia,03671,074822,0,0,30,8,13,123,64,0,47
15,001,Confluencia,03671,074823,0,0,26,12,13,144,58,0,41
15,001,Confluencia,03671,074824,0,0,31,16,9,116,61,0,64
15,001,Confluencia,03671,074825,0,0,19,10,17,131,59,0,49
15,001,Confluencia,03671,074826,0,0,28,12,14,111,64,0,69
15,001,Confluencia,03671,074827,0,0,18,20,16,126,59,0,47
15,001,Confluencia,03671,074828,0,0,19,12,13,113,72,0,59
15,001,Confluencia,03671,074829,0,0,37,9,11,109,52,0,60
15,001,Confluencia,03671,074830,0,0,23,12,20,120,75,0,47
15,001,Confluencia,03671,074831,0,0,0,8,9,122,56,0,66
15,001,Confluencia,03671,074832,0,0,36,17,13,112,65,0,42
15,001,Confluencia,03671,074833,0,0,30,11,7,123,69,0,50
15,001,Confluencia,03671,074834,0,0,25,12,15,112,66,0,49
15,001,Confluencia,03671,074835,0,0,18,20,11,109,69,0,65
15,001,Confluencia,03671,074836,0,0,18,18,11,115,74,0,57
15,001,Confluencia,03671,074837,0,0,18,18,10,101,73,0,58
15,001,Confluencia,03671,074838,0,0,17,16,14,117,73,0,54
15,001,Confluencia,03671,074839,0,0,28,6,14,146,55,0,51
15,001,Confluencia,03671,074840,0,0,0,20,14,116,62,0,62
15,001,Confluencia,03671,074841,0,0,27,16,14,128,48,0,58
15,001,Confluencia,03671,074842,0,0,20,21,17,135,60,0,45
15,001,Confluencia,03671,074843,0,0,33,22,17,107,57,0,48
15,001,Confluencia,03671,074844,0,0,8,17,10,115,74,0,53
15,001,Confluencia,03671,074845,0,0,19,10,16,140,54,0,48
15,001,Confluencia,03671,074846,0,0,0,15,7,165,49,0,36
15,001,Confluencia,03671,074847,0,0,25,0,0,0,0,0,0
15,001,Confluencia,03671,074848,0,0,29,15,8,133,59,0,52
15,001,Confluencia,03671,074849,0,0,26,11,22,99,81,0,53
15,001,Confluencia,03671,074850,0,0,16,16,12,139,44,0,59
15,001,Confluencia,03671,074851,0,0,24,15,21,110,58,0,61
15,001,Confluencia,03671,074852,0,0,35,20,12,113,61,0,70
15,001,Confluencia,03671,074853,0,0,25,19,12,120,58,0,56
15,001,Confluencia,03671,074854,0,0,19,10,16,141,56,0,47
15,001,Confluencia,03671,074855,0,0,30,12,16,136,45,0,51
15,001,Confluencia,03671,074856,0,0,24,19,9,104,59,0,61
15,001,Confluencia,03671,074857,0,0,3,16,6,109,57,0,54
15,001,Confluencia,03671,074858,0,0,0,13,10,122,78,0,34
15,001,Confluencia,03671,074859,0,0,38,13,16,121,51,0,44
15,001,Confluencia,03671,074860,0,0,27,20,19,129,46,0,58
15,001,Confluencia,03671,074861,0,0,36,20,13,109,55,0,62
15,001,Confluencia,03671,074862,0,0,26,14,14,102,92,0,41
15,001,Confluencia,03671,074863,0,0,0,21,25,136,61,0,40
15,001,Confluencia,03671,074864,0,0,0,14,12,138,59,0,49
15,001,Confluencia,03671,074865,0,0,27,7,8,136,61,0,59
15,001,Confluencia,03671,074866,0,0,28,13,9,112,68,0,61
15,001,Confluencia,03671,074867,0,0,3,16,13,127,51,0,64
15,001,Confluencia,03671,074868,0,0,33,14,17,110,54,0,55
15,001,Confluencia,03671,074869,0,0,39,17,12,124,46,0,61
15,001,Confluencia,03671,074870,0,0,21,14,15,118,47,0,78
15,001,Confluencia,03671,074871,0,0,22,11,12,124,51,0,63
15,001,Confluencia,03671,074872,0,0,9,17,10,17,109,0,0
15,001,Confluencia,03671,074873,0,0,29,12,6,133,66,0,48
15,001,Confluencia,03671,074874,0,0,30,10,18,120,53,0,56
15,001,Confluencia,03671,074875,0,0,35,17,11,145,43,0,44
15,001,Confluencia,03671,074876,0,0,28,16,12,107,75,0,56
15,001,Confluencia,03671,074877,0,0,25,11,13,131,49,0,72
15,001,Confluencia,03671,074878,0,0,18,14,6,119,65,0,69
15,001,Confluencia,03671,074879,0,0,26,13,8,119,52,0,64
15,001,Confluencia,03671,074880,0,0,28,15,6,125,79,0,54
15,001,Confluencia,03671,074881,0,0,20,15,14,118,49,0,58
15,001,Confluencia,03671,074882,0,0,16,13,13,116,67,0,69
15,001,Confluencia,03671,074883,0,0,27,21,10,123,50,0,60
15,001,Confluencia,03671,074884,0,0,19,19,17,146,46,0,55
15,001,Confluencia,03671,074885,0,0,26,15,11,123,43,0,77
15,001,Confluencia,03671,074886,0,0,20,16,13,116,63,0,69
15,001,Confluencia,03671,074887,0,0,2,19,14,120,58,0,51
15,001,Confluencia,03671,074888,0,0,30,8,11,112,56,0,62
15,001,Confluencia,03671,101021,0,0,0,0,0,0,0,0,0
15,001,Confluencia,03671,101022,0,0,0,0,0,0,0,0,0
15,001,Confluencia,03671,101023,0,0,0,0,0,0,0,0,0
15,001,Confluencia,03672,074889,0,0,1,6,1,81,14,0,20
15,001,Confluencia,03673,074890,0,0,29,24,5,98,77,0,56
15,001,Confluencia,03673,074891,0,0,24,18,11,110,73,0,64
15,001,Confluencia,03673,074892,0,0,34,8,14,87,96,0,60
15,001,Confluencia,03673,074893,0,0,18,14,15,103,90,0,50
15,001,Confluencia,03673,074894,0,0,21,16,13,85,80,0,67
15,001,Confluencia,03673,074895,0,0,0,15,9,102,87,0,64
15,001,Confluencia,03673,074896,0,0,28,21,17,105,57,0,67
15,001,Confluencia,03673,074897,0,0,23,16,12,95,66,0,78
15,001,Confluencia,03673,074898,0,0,22,14,21,99,58,0,67
15,001,Confluencia,03673,074899,0,0,26,14,7,100,83,0,56
15,001,Confluencia,03673,074900,0,0,18,17,13,110,69,0,61
15,001,Confluencia,03674,074901,0,0,17,10,13,118,58,0,83
15,001,Confluencia,03674,074902,0,0,30,14,13,99,62,0,77
15,001,Confluencia,03674,074903,0,0,36,10,7,109,49,0,75
15,001,Confluencia,03674,074904,0,0,25,16,14,92,60,0,82
15,001,Confluencia,03674,074905,0,0,0,10,14,102,72,0,67
15,001,Confluencia,03674,074906,0,0,24,17,11,108,52,0,66
15,001,Confluencia,03674,074907,0,0,32,13,8,111,58,0,80
15,001,Confluencia,03674,074908,0,0,16,19,10,70,92,0,70
15,001,Confluencia,03674,074909,0,0,25,14,12,98,74,0,77
15,001,Confluencia,03674,074910,0,0,34,19,11,106,49,0,59
15,001,Confluencia,03674,074911,0,0,18,17,10,110,65,0,71
15,001,Confluencia,03674,074912,0,0,39,15,11,104,58,0,73
15,001,Confluencia,03674,074913,0,0,26,12,4,113,52,0,77
15,001,Confluencia,03674,074914,0,0,25,14,14,94,59,0,84
15,001,Confluencia,03674,074915,0,0,27,14,15,113,50,0,75
15,001,Confluencia,03674,074916,0,0,27,8,12,110,73,0,63
15,001,Confluencia,03674,074917,0,0,32,19,6,102,51,0,85
15,001,Confluencia,03674,074918,0,0,24,16,7,113,60,0,75
15,001,Confluencia,03674,074919,0,0,28,17,5,100,48,0,86
15,001,Confluencia,03674,074920,0,0,7,21,17,92,86,0,62
15,001,Confluencia,03674,074921,0,0,17,22,19,90,82,0,56
15,001,Confluencia,03674,074922,0,0,33,18,14,79,74,0,77
15,001,Confluencia,03674,074923,0,0,25,15,13,96,61,0,80
15,001,Confluencia,03674,074924,0,0,20,14,12,102,63,0,88
15,001,Confluencia,03674,074925,0,0,16,23,11,107,62,0,66
15,001,Confluencia,03674,074926,0,0,0,13,10,94,81,0,73
15,001,Confluencia,03674,074927,0,0,24,12,14,93,67,0,74
15,001,Confluencia,03674,074928,0,0,38,22,20,91,54,0,74
15,001,Confluencia,03674,074929,0,0,30,18,3,91,66,0,75
15,001,Confluencia,03674,074930,0,0,0,23,10,106,59,0,75
15,001,Confluencia,03674,074931,0,0,20,13,18,94,56,0,84
15,001,Confluencia,03675,074932,0,0,1,0,1,22,11,0,7
15,001,Confluencia,03676,074933,0,0,20,8,0,68,27,0,91
15,001,Confluencia,03677,074934,0,0,10,1,8,63,43,0,86
15,001,Confluencia,03677,074935,0,0,16,7,4,45,90,0,79
15,001,Confluencia,03677,074936,0,0,12,6,11,46,81,0,102
15,001,Confluencia,03677,074937,0,0,11,9,15,51,80,0,88
15,001,Confluencia,03677,074938,0,0,12,3,9,66,71,0,91
15,001,Confluencia,03678,074939,0,0,31,15,16,96,65,0,54
15,001,Confluencia,03678,074940,0,0,29,13,10,95,67,0,70
15,001,Confluencia,03678,074941,0,0,22,12,13,86,88,0,51
15,001,Confluencia,03678,074942,0,0,20,18,15,89,89,0,63
15,001,Confluencia,03678,074943,0,0,38,17,8,97,67,0,68
15,001,Confluencia,03678,074944,0,0,20,10,13,105,82,0,52
15,001,Confluencia,03678,074945,0,0,20,16,16,99,65,0,58
15,001,Confluencia,03678,074946,0,0,22,13,8,107,72,0,66
15,001,Confluencia,03678,074947,0,0,25,9,6,115,68,0,47
15,001,Confluencia,03678,074948,0,0,23,15,18,104,72,0,57
15,001,Confluencia,03678,074949,0,0,42,19,15,107,61,0,51
15,001,Confluencia,03678,074950,0,0,3,10,13,90,74,0,57
15,001,Confluencia,03678,074951,0,0,0,11,13,123,60,0,44
15,001,Confluencia,03678,074952,0,0,19,9,14,105,73,0,62
15,001,Confluencia,03678,074953,0,0,29,15,19,88,79,0,68
15,001,Confluencia,03678,074954,0,0,2,30,8,70,92,0,44
15,001,Confluencia,03678,074955,0,0,30,16,14,88,78,0,52
15,001,Confluencia,03678,074956,0,0,30,20,15,98,78,0,52
15,001,Confluencia,03678,074957,0,0,26,12,10,105,84,0,58
15,001,Confluencia,03678,074958,0,0,9,11,16,103,73,0,66
15,001,Confluencia,03678,074959,0,0,22,16,10,111,80,0,46
15,001,Confluencia,03678,074960,0,0,0,14,8,115,75,0,62
15,001,Confluencia,03678,074961,0,0,30,11,12,111,55,0,62
15,001,Confluencia,03678,074962,0,0,21,11,12,94,85,0,51
15,001,Confluencia,03679,074963,0,0,15,6,3,67,55,0,67
15,001,Confluencia,03680,074964,0,0,26,8,11,105,84,0,61
15,001,Confluencia,03680,074965,0,0,26,18,11,108,72,0,56
15,001,Confluencia,03680,074966,0,0,19,20,12,107,105,0,44
15,001,Confluencia,03680,074967,0,0,4,24,11,91,108,0,47
15,001,Confluencia,03680,074968,0,0,23,12,11,123,75,0,48
15,001,Confluencia,03680,074969,0,0,25,18,14,109,81,0,54
15,001,Confluencia,03680,074970,0,0,21,14,14,110,85,0,51
15,001,Confluencia,03680,074971,0,0,27,20,15,93,93,0,40
15,001,Confluencia,03680,074972,0,0,24,23,13,107,83,0,58
15,001,Confluencia,03680,074973,0,0,24,15,13,104,94,0,48
15,001,Confluencia,03680,074974,0,0,26,17,13,84,110,0,48
15,001,Confluencia,03680,074975,0,0,26,13,22,120,74,0,56
15,001,Confluencia,03680,074976,0,0,31,15,17,99,75,0,65
15,001,Confluencia,03680,074977,0,0,0,17,24,106,84,0,43
15,001,Confluencia,03680,074978,0,0,30,15,15,111,69,0,60
15,001,Confluencia,03680,074979,0,0,21,10,19,120,94,0,40
15,001,Confluencia,03680,074980,0,0,22,12,24,116,78,0,46
15,001,Confluencia,03680,074981,0,0,36,16,28,104,73,0,42
15,001,Confluencia,03680,074982,0,0,21,20,15,116,84,0,39
15,001,Confluencia,03680,074983,0,0,30,10,10,107,78,0,58
15,001,Confluencia,03680,074984,0,0,23,13,24,84,87,0,58
15,001,Confluencia,03680,074985,0,0,36,22,18,79,97,0,41
15,001,Confluencia,03680,074986,0,0,30,15,13,73,106,0,94
15,001,Confluencia,03680,074987,0,0,24,19,11,91,97,0,59
15,001,Confluencia,03680,074988,0,0,25,15,23,71,113,0,52
15,001,Confluencia,03680,074989,0,0,18,13,15,127,70,0,44
15,001,Confluencia,03680,074990,0,0,22,20,19,88,83,0,63
15,001,Confluencia,03680,074991,0,0,24,13,19,105,81,0,48
15,001,Confluencia,03680,074992,0,0,31,12,9,84,101,0,55
15,001,Confluencia,03680,074993,0,0,14,17,12,104,106,0,60
15,001,Confluencia,03680,074994,0,0,27,9,17,108,82,0,49
15,001,Confluencia,03680,074995,0,0,19,24,20,79,112,0,58
15,001,Confluencia,03680,074996,0,0,23,13,18,95,93,0,61
15,001,Confluencia,03680,074997,0,0,22,13,15,100,100,0,57
15,001,Confluencia,03680,074998,0,0,11,19,19,85,110,0,53
15,001,Confluencia,03680,074999,0,0,22,16,17,97,107,0,42
15,001,Confluencia,03680,075000,0,0,28,12,16,101,106,0,42
15,001,Confluencia,03680,075001,0,0,23,12,15,93,101,0,43
15,001,Confluencia,03680,075002,0,0,23,12,11,106,86,0,50
15,001,Confluencia,03680,075003,0,0,29,16,12,117,82,0,51
15,001,Confluencia,03680,075004,0,0,37,17,8,90,89,0,70
15,001,Confluencia,03680,075005,0,0,30,13,6,102,97,0,49
15,001,Confluencia,03680,075006,0,0,27,14,10,129,76,0,42
15,001,Confluencia,03680,075007,0,0,0,17,15,120,78,0,41
15,001,Confluencia,03680,075008,0,0,22,13,11,91,95,0,54
15,001,Confluencia,03680,075009,0,0,26,15,12,94,95,0,47
15,001,Confluencia,03680,075010,0,0,29,15,8,98,75,0,54
15,001,Confluencia,03680,075011,0,0,18,19,13,96,100,0,42
15,001,Confluencia,03680,075012,0,0,15,9,16,86,94,0,61
15,001,Confluencia,03680,075013,0,0,20,22,13,93,92,0,61
15,001,Confluencia,03680,075014,0,0,18,9,22,107,111,0,34
15,001,Confluencia,03680,075015,0,0,31,14,19,82,90,0,60
15,001,Confluencia,03680,075016,0,0,22,21,18,117,73,0,48
15,001,Confluencia,03680,075017,0,0,20,15,10,117,75,0,57
15,001,Confluencia,03680,075018,0,0,16,11,19,114,81,0,50
15,001,Confluencia,03680,075019,0,0,23,12,14,84,109,0,63
15,001,Confluencia,03680,075020,0,0,25,12,15,103,75,0,67
15,001,Confluencia,03680,075021,0,0,25,14,16,92,86,0,53
15,001,Confluencia,03680,075022,0,0,17,14,19,118,90,0,38
15,001,Confluencia,03680,075023,0,0,0,16,20,111,81,0,41
15,001,Confluencia,03680,075024,0,0,21,20,23,104,93,0,45
15,001,Confluencia,03680,075025,0,0,19,21,24,102,74,0,48
15,001,Confluencia,03680,075026,0,0,24,14,16,104,95,0,43
15,001,Confluencia,03680,075027,0,0,11,17,15,120,86,0,49
15,001,Confluencia,03680,075028,0,0,34,15,11,126,82,0,44
15,001,Confluencia,03680,075029,0,0,21,17,18,106,87,0,48
15,001,Confluencia,03680,075030,0,0,16,9,18,78,121,0,50
15,001,Confluencia,03680,075031,0,0,23,17,15,98,90,0,48
15,001,Confluencia,03680,075032,0,0,17,14,11,98,125,0,47
15,001,Confluencia,03680,075033,0,0,27,8,13,104,97,0,48
15,001,Confluencia,03680,075034,0,0,37,8,9,96,91,0,48
15,001,Confluencia,03680,075035,0,0,26,10,15,103,103,0,45
15,001,Confluencia,03680,075036,0,0,24,11,12,103,91,0,49
15,001,Confluencia,03680,075037,0,0,21,14,16,121,86,0,47
15,001,Confluencia,03680,075038,0,0,15,10,13,86,102,0,49
15,001,Confluencia,03680,075039,0,0,29,21,17,108,69,0,60
15,001,Confluencia,03680,075040,0,0,32,17,8,103,97,0,38
15,001,Confluencia,03680,075041,0,0,29,16,22,108,89,0,46
15,001,Confluencia,03680,075042,0,0,27,22,19,91,94,0,54
15,001,Confluencia,03680,075043,0,0,17,17,12,91,90,0,65
15,001,Confluencia,03680,075044,0,0,22,17,11,111,69,0,57
15,001,Confluencia,03680,075045,0,0,26,9,18,106,99,0,46
15,001,Confluencia,03680,075046,0,0,20,10,11,119,100,0,44
15,001,Confluencia,03680,075047,0,0,36,10,11,108,63,0,67
15,001,Confluencia,03680,075048,0,0,19,9,23,93,107,0,50
15,001,Confluencia,03680,075049,0,0,32,15,17,94,105,0,36
15,001,Confluencia,03680,075050,0,0,26,16,20,103,97,0,29
15,001,Confluencia,03680,075051,0,0,25,13,16,108,74,0,59
15,001,Confluencia,03680,075052,0,0,24,14,12,111,74,0,66
15,001,Confluencia,03680,075053,0,0,27,19,13,101,94,0,45
15,001,Confluencia,03680,075054,0,0,27,17,14,76,96,0,70
15,001,Confluencia,03680,075055,0,0,23,25,18,92,91,0,53
15,001,Confluencia,03680,075056,0,0,19,19,18,93,88,0,57
15,001,Confluencia,03680,075057,0,0,21,13,21,96,106,0,48
15,001,Confluencia,03680,101024,0,0,0,0,0,0,0,0,0
15,001,Confluencia,03680,101025,0,0,0,0,0,0,0,0,0
15,001,Confluencia,03681,075058,0,0,8,7,2,59,30,0,18
15,001,Confluencia,03682,075059,0,0,39,11,13,116,74,0,43
15,001,Confluencia,03682,075060,0,0,28,7,13,129,76,0,46
15,001,Confluencia,03682,075061,0,0,23,11,7,111,80,0,59
15,001,Confluencia,03682,075062,0,0,29,11,16,116,59,0,47
15,001,Confluencia,03682,075063,0,0,17,22,14,125,72,0,39
15,001,Confluencia,03682,075064,0,0,23,15,14,126,74,0,39
15,001,Confluencia,03682,075065,0,0,39,12,9,139,60,0,42
15,001,Confluencia,03682,075066,0,0,29,11,14,111,82,0,42
15,001,Confluencia,03682,075067,0,0,24,12,12,124,79,0,40
15,001,Confluencia,03682,075068,0,0,25,11,12,91,116,0,46
15,001,Confluencia,03682,075069,0,0,21,13,19,103,86,0,48
15,001,Confluencia,03682,075070,0,0,24,18,16,114,88,0,32
15,001,Confluencia,03682,075071,0,0,29,7,17,100,98,0,42
15,001,Confluencia,03682,075072,0,0,34,9,6,124,61,0,54
15,001,Confluencia,03682,075073,0,0,23,20,7,135,70,0,41
15,001,Confluencia,03682,075074,0,0,2,18,16,144,80,0,37
15,001,Confluencia,03682,075075,0,0,24,11,6,129,70,0,54
15,001,Confluencia,03682,075076,0,0,21,11,15,118,68,0,47
15,001,Confluencia,03682,075077,0,0,20,17,11,118,77,0,55
15,001,Confluencia,03682,075078,0,0,22,9,8,98,88,0,52
15,001,Confluencia,03682,075079,0,0,30,8,8,112,74,0,55
15,001,Confluencia,03682,075080,0,0,20,11,14,105,106,0,34
15,001,Confluencia,03682,075081,0,0,13,12,12,115,91,0,50
15,001,Confluencia,03682,075082,0,0,24,15,24,114,81,0,35
15,001,Confluencia,03682,075083,0,0,16,13,8,109,112,0,47
15,001,Confluencia,03682,075084,0,0,22,11,15,112,70,0,50
15,001,Confluencia,03682,075085,0,0,38,13,11,127,64,0,45
15,001,Confluencia,03682,075086,0,0,28,6,12,121,73,0,63
15,001,Confluencia,03682,075087,0,0,23,6,11,114,83,0,46
15,001,Confluencia,03682,075088,0,0,23,7,7,95,102,0,47
15,001,Confluencia,03682,075089,0,0,23,11,15,110,84,0,46
15,001,Confluencia,03682,075090,0,0,24,13,14,118,72,0,49
15,001,Confluencia,03682,075091,0,0,17,13,10,140,71,0,33
15,001,Confluencia,03682,075092,0,0,25,9,13,113,81,0,53
15,001,Confluencia,03682,075093,0,0,13,8,12,131,77,0,46
15,001,Confluencia,03682,075094,0,0,1,13,22,111,54,0,65
15,001,Confluencia,03682,075095,0,0,22,10,15,116,94,0,38
15,001,Confluencia,03682,075096,0,0,0,8,16,124,72,0,53
15,001,Confluencia,03682,075097,0,0,18,16,14,103,77,0,65
15,001,Confluencia,03682,075098,0,0,21,14,11,111,83,0,38
15,001,Confluencia,03682,075099,0,0,21,13,17,103,77,0,59
15,001,Confluencia,03682,075100,0,0,15,13,15,129,79,0,46
15,001,Confluencia,03682,075101,0,0,20,11,12,122,88,0,43
15,001,Confluencia,03682,075102,0,0,32,6,15,89,80,0,60
15,001,Confluencia,03682,075103,0,0,17,18,12,99,69,0,70
15,001,Confluencia,03682,075104,0,0,24,11,9,137,91,0,31
15,001,Confluencia,03682,075105,0,0,22,18,12,108,87,0,48
15,001,Confluencia,03682,075106,0,0,28,17,15,122,55,0,57
15,001,Confluencia,03682,075107,0,0,26,10,10,109,85,0,45
15,001,Confluencia,03682,075108,0,0,17,13,13,115,78,0,51
15,001,Confluencia,03682,075109,0,0,25,12,9,117,76,0,0
15,001,Confluencia,03682,075110,0,0,13,21,20,113,72,0,49
15,001,Confluencia,03682,075111,0,0,1,17,18,130,53,0,52
15,001,Confluencia,03682,075112,0,0,27,16,12,138,70,0,33
15,001,Confluencia,03682,075113,0,0,23,17,21,102,73,0,43
15,001,Confluencia,03682,075114,0,0,27,10,22,109,76,0,46
15,001,Confluencia,03682,075115,0,0,19,15,14,130,64,0,39
15,001,Confluencia,03682,075116,0,0,25,22,16,91,80,0,64
15,001,Confluencia,03682,075117,0,0,25,9,11,123,75,0,53
15,001,Confluencia,03682,075118,0,0,30,12,13,118,70,0,55
15,001,Confluencia,03682,075119,0,0,17,9,7,135,72,0,49
15,001,Confluencia,03682,075120,0,0,25,19,11,126,58,0,52
15,001,Confluencia,03682,075121,0,0,19,12,20,120,71,0,47
15,001,Confluencia,03682,075122,0,0,23,12,14,131,54,0,64
15,001,Confluencia,03682,075123,0,0,24,15,11,130,67,0,53
15,001,Confluencia,03682,075124,0,0,31,17,10,119,78,0,45
15,001,Confluencia,03682,075125,0,0,31,9,13,124,53,0,66
15,001,Confluencia,03682,075126,0,0,18,14,20,112,82,0,36
15,001,Confluencia,03682,075127,0,0,21,13,13,119,75,0,50
15,001,Confluencia,03682,075128,0,0,2,15,14,99,93,0,53
15,001,Confluencia,03682,075129,0,0,25,21,8,111,83,0,45
15,001,Confluencia,03682,075130,0,0,18,6,8,138,58,0,56
15,001,Confluencia,03682,075131,0,0,19,8,12,125,78,0,52
15,001,Confluencia,03682,075132,0,0,33,11,10,140,72,0,40
15,001,Confluencia,03682,075133,0,0,24,10,10,94,104,0,43
15,001,Confluencia,03682,075134,0,0,34,18,14,114,56,0,62
15,001,Confluencia,03682,075135,0,0,30,9,10,101,75,0,63
15,001,Confluencia,03682,075136,0,0,22,14,21,109,74,0,44
15,001,Confluencia,03682,075137,0,0,17,15,14,117,85,0,37
15,001,Confluencia,03682,075138,0,0,35,12,14,131,65,0,43
15,001,Confluencia,03682,075139,0,0,25,14,13,122,60,0,56
15,001,Confluencia,03682,075140,0,0,24,10,7,135,68,0,51
15,001,Confluencia,03682,075141,0,0,26,14,15,112,71,0,50
15,001,Confluencia,03682,075142,0,0,26,7,15,125,75,0,46
15,001,Confluencia,03682,075143,0,0,22,8,17,148,56,0,41
15,001,Confluencia,03682,075144,0,0,35,16,17,98,90,0,51
15,001,Confluencia,03682,075145,0,0,31,13,21,109,71,0,54
15,001,Confluencia,03682,101026,0,0,0,0,0,0,0,0,0
15,001,Confluencia,03682,101027,0,0,0,0,0,0,0,0,0
15,001,Confluencia,03683,075146,0,0,14,12,10,102,65,0,43
15,001,Confluencia,03683,075147,0,0,22,10,7,105,58,0,26
15,001,Confluencia,03684,075148,0,0,22,4,6,120,71,0,57
15,001,Confluencia,03684,075149,0,0,36,6,5,138,50,0,55
15,001,Confluencia,03684,075150,0,0,22,8,7,124,78,0,62
15,001,Confluencia,03684,075151,0,0,32,11,9,115,69,0,58
15,001,Confluencia,03684,075152,0,0,32,6,6,139,59,0,57
15,001,Confluencia,03684,075153,0,0,33,7,9,126,44,0,87
15,001,Confluencia,03684,075154,0,0,31,9,9,155,39,0,74
15,001,Confluencia,03684,075155,0,0,17,9,8,137,60,0,54
15,001,Confluencia,03684,075156,0,0,25,9,10,122,65,0,70
15,001,Confluencia,03684,075157,0,0,32,4,8,111,90,0,55
15,002,Zapala,03685,075158,0,0,17,18,6,80,94,0,35
15,002,Zapala,03685,075159,0,0,29,8,9,95,88,0,25
15,002,Zapala,03685,075160,0,0,20,18,7,103,83,0,28
15,002,Zapala,03685,075161,0,0,28,11,10,87,104,0,31
15,002,Zapala,03685,075162,0,0,24,13,12,99,94,0,27
15,002,Zapala,03685,075163,0,0,19,11,6,94,92,0,25
15,002,Zapala,03685,075164,0,0,19,19,15,70,94,0,18
15,002,Zapala,03685,075165,0,0,11,14,13,95,102,0,33
15,002,Zapala,03685,075166,0,0,18,15,16,71,109,0,26
15,002,Zapala,03686,075167,0,0,35,23,11,89,95,0,31
15,002,Zapala,03686,075168,0,0,32,15,9,145,56,0,37
15,002,Zapala,03686,075169,0,0,22,13,8,103,97,0,45
15,002,Zapala,03686,075170,0,0,28,15,7,80,119,0,38
15,002,Zapala,03686,075171,0,0,41,17,9,93,91,0,46
15,002,Zapala,03686,075172,0,0,26,14,11,113,92,0,39
15,002,Zapala,03686,075173,0,0,32,28,10,107,90,0,38
15,002,Zapala,03686,075174,0,0,30,14,15,121,80,0,28
15,002,Zapala,03686,075175,0,0,18,19,12,113,86,0,42
15,002,Zapala,03686,075176,0,0,3,19,8,98,89,0,35
15,002,Zapala,03686,075177,0,0,31,15,12,110,83,0,32
15,002,Zapala,03686,075178,0,0,26,18,13,94,96,0,41
15,002,Zapala,03686,075179,0,0,28,9,8,112,91,0,43
15,002,Zapala,03686,075180,0,0,35,15,15,107,75,0,34
15,002,Zapala,03686,075181,0,0,16,18,11,114,96,0,28
15,002,Zapala,03686,075182,0,0,19,16,7,136,68,0,39
15,002,Zapala,03686,075183,0,0,42,17,16,95,87,0,46
15,002,Zapala,03686,075184,0,0,36,16,9,101,76,0,42
15,002,Zapala,03686,075185,0,0,31,10,2,3,6,0,47
15,002,Zapala,03686,075186,0,0,24,13,12,122,79,0,41
15,002,Zapala,03686,075187,0,0,1,12,13,113,83,0,38
15,002,Zapala,03686,075188,0,0,30,15,10,98,71,0,57
15,002,Zapala,03686,075189,0,0,45,19,11,86,87,0,39
15,002,Zapala,03686,075190,0,0,28,15,17,124,72,0,32
15,002,Zapala,03686,075191,0,0,31,17,13,110,73,0,37
15,002,Zapala,03686,075192,0,0,26,10,12,110,82,0,39
15,002,Zapala,03686,075193,0,0,29,13,9,125,89,0,42
15,002,Zapala,03686,075194,0,0,9,14,6,102,83,0,45
15,002,Zapala,03686,075195,0,0,29,16,18,113,74,0,31
15,002,Zapala,03686,075196,0,0,35,22,11,106,83,0,24
15,002,Zapala,03686,075197,0,0,22,16,6,127,78,0,36
15,002,Zapala,03687,075198,0,0,17,23,7,93,118,0,31
15,002,Zapala,03687,075199,0,0,16,17,11,110,88,0,47
15,002,Zapala,03687,075200,0,0,2,10,20,101,91,0,47
15,002,Zapala,03687,075201,0,0,20,21,8,106,92,0,40
15,002,Zapala,03687,075202,0,0,24,19,14,93,100,0,40
15,002,Zapala,03687,075203,0,0,13,21,18,88,113,0,39
15,002,Zapala,03687,075204,0,0,22,13,14,88,114,0,36
15,002,Zapala,03687,075205,0,0,40,19,19,85,93,0,40
15,002,Zapala,03687,075206,0,0,29,13,19,91,88,0,38
15,002,Zapala,03687,075207,0,0,38,21,7,84,91,0,41
15,002,Zapala,03687,075208,0,0,32,17,18,81,114,0,33
15,002,Zapala,03687,075209,0,0,25,19,12,101,97,0,30
15,002,Zapala,03687,075210,0,0,9,17,15,96,101,0,39
15,002,Zapala,03687,075211,0,0,28,22,12,87,100,0,42
15,002,Zapala,03687,075212,0,0,3,16,12,105,92,0,40
15,002,Zapala,03687,075213,0,0,21,10,17,68,127,0,36
15,002,Zapala,03687,075214,0,0,22,11,16,76,118,0,49
15,002,Zapala,03687,075215,0,0,15,22,10,101,111,0,27
15,002,Zapala,03687,075216,0,0,28,2,10,118,80,0,0
15,002,Zapala,03687,075217,0,0,30,16,12,117,74,0,41
15,002,Zapala,03687,075218,0,0,22,14,13,111,96,0,34
15,002,Zapala,03687,075219,0,0,32,14,16,113,83,0,39
15,002,Zapala,03687,075220,0,0,22,17,7,94,108,0,38
15,002,Zapala,03687,075221,0,0,36,12,7,101,84,0,48
15,002,Zapala,03687,075222,0,0,24,17,10,111,72,0,47
15,002,Zapala,03687,075223,0,0,26,10,13,132,94,0,24
15,002,Zapala,03687,075224,0,0,23,19,10,121,83,0,56
15,002,Zapala,03687,075225,0,0,19,12,11,91,108,0,43
15,002,Zapala,03687,075226,0,0,26,9,13,73,115,0,50
15,002,Zapala,03687,075227,0,0,33,15,16,102,99,0,31
15,002,Zapala,03687,075228,0,0,16,15,11,102,111,0,50
15,002,Zapala,03687,075229,0,0,19,19,14,103,88,0,40
15,002,Zapala,03687,075230,0,0,28,17,11,115,101,0,36
15,002,Zapala,03687,075231,0,0,25,17,15,92,101,0,37
15,002,Zapala,03687,075232,0,0,13,7,14,97,128,0,27
15,002,Zapala,03687,075233,0,0,2,20,10,99,92,0,30
15,002,Zapala,03687,075234,0,0,17,16,14,91,118,0,39
15,002,Zapala,03687,075235,0,0,17,21,10,90,113,0,32
15,002,Zapala,03687,075236,0,0,24,20,8,84,116,0,36
15,002,Zapala,03687,075237,0,0,19,15,15,102,101,0,26
15,002,Zapala,03687,075238,0,0,34,18,11,97,105,0,37
15,002,Zapala,03687,075239,0,0,21,16,14,90,100,0,42
15,002,Zapala,03687,075240,0,0,3,9,9,116,96,0,35
15,002,Zapala,03688,075241,0,0,3,2,2,19,8,0,15
15,002,Zapala,03689,075242,0,0,13,8,6,108,83,0,56
15,002,Zapala,03689,075243,0,0,20,14,3,124,71,0,52
15,002,Zapala,03689,075244,0,0,13,12,5,123,78,0,40
15,002,Zapala,03689,075245,0,0,11,8,3,128,55,0,74
15,002,Zapala,03689,075246,0,0,8,14,1,133,45,0,59
15,002,Zapala,03689,075247,0,0,18,9,4,108,80,0,48
15,002,Zapala,03689,075248,0,0,13,10,4,110,71,0,75
15,002,Zapala,03690,075249,0,0,27,4,3,55,10,0,104
15,002,Zapala,03690,075250,0,0,24,5,3,55,16,0,103
15,002,Zapala,03691,075251,0,0,19,6,0,83,20,0,83
15,002,Zapala,03692,075252,0,0,33,8,2,103,20,0,117
15,002,Zapala,03693,075253,0,0,21,6,0,72,16,0,79
15,002,Zapala,03694,075254,0,0,22,2,2,106,11,0,112
15,002,Zapala,03695,075255,0,0,6,2,1,44,9,0,37
15,003,Aelo,03696,075256,0,0,33,9,0,0,53,0,48
15,003,Aelo,03696,075257,0,0,25,6,3,116,71,0,51
15,003,Aelo,03696,075258,0,0,34,9,9,108,62,0,46
15,003,Aelo,03696,075259,0,0,35,11,12,122,51,0,44
15,003,Aelo,03696,075260,0,0,25,14,8,128,63,0,47
15,003,Aelo,03696,075261,0,0,39,13,11,109,63,0,46
15,003,Aelo,03696,075262,0,0,21,5,7,127,53,0,46
15,003,Aelo,03696,075263,0,0,26,12,9,119,66,0,43
15,003,Aelo,03696,075264,0,0,22,10,7,117,67,0,47
15,003,Aelo,03696,075265,0,0,28,14,5,131,65,0,43
15,003,Aelo,03696,075266,0,0,15,10,13,125,61,0,43
15,003,Aelo,03696,075267,0,0,0,15,8,110,73,0,46
15,003,Aelo,03696,075268,0,0,22,11,9,134,47,0,50
15,003,Aelo,03696,075269,0,0,49,12,13,95,62,0,46
15,003,Aelo,03696,075270,0,0,68,9,3,71,45,0,95
15,003,Aelo,03696,075271,0,0,31,8,1,139,45,0,52
15,003,Aelo,03696,075272,0,0,37,10,6,104,60,0,59
15,003,Aelo,03696,075273,0,0,33,8,6,125,71,0,51
15,003,Aelo,03696,075274,0,0,31,7,7,106,50,0,77
15,003,Aelo,03696,075275,0,0,34,8,7,109,65,0,48
15,003,Aelo,03697,075276,0,0,0,6,2,53,35,0,0
15,003,Aelo,03697,075277,0,0,27,8,5,55,43,0,99
15,003,Aelo,03697,075278,0,0,0,3,8,53,43,0,121
15,003,Aelo,03697,075279,0,0,1,4,5,68,32,0,103
15,003,Aelo,03697,075280,0,0,5,2,4,56,26,0,125
15,003,Aelo,03697,075281,0,0,27,12,5,67,40,0,100
15,003,Aelo,03697,075282,0,0,7,1,5,81,46,0,109
15,003,Aelo,03697,075283,0,0,19,7,10,76,34,0,103
15,003,Aelo,03697,075284,0,0,21,5,6,70,42,0,91
15,003,Aelo,03697,075285,0,0,40,4,2,82,32,0,95
15,003,Aelo,03697,075286,0,0,11,8,6,65,31,0,129
15,003,Aelo,03697,075287,0,0,11,5,5,79,27,0,104
15,003,Aelo,03697,075288,0,0,14,8,4,81,22,0,96
15,003,Aelo,03697,075289,0,0,15,3,3,55,38,0,108
15,003,Aelo,03697,075290,0,0,1,4,3,62,36,0,99
15,003,Aelo,03697,075291,0,0,38,7,6,70,37,0,77
15,003,Aelo,03698,075292,0,0,0,0,1,17,8,0,26
15,003,Aelo,03699,075293,0,0,1,3,1,19,8,0,100
15,003,Aelo,03700,075294,0,0,16,2,3,43,16,0,33
15,004,Pehuenches,03701,075295,0,0,20,5,5,50,50,0,133
15,004,Pehuenches,03701,075296,0,0,16,11,4,49,55,0,126
15,004,Pehuenches,03701,075297,0,0,23,10,6,54,46,0,121
15,004,Pehuenches,03701,075298,0,0,19,7,2,51,49,0,123
15,004,Pehuenches,03701,075299,0,0,47,5,6,46,54,0,128
15,004,Pehuenches,03701,075300,0,0,18,14,5,38,72,0,116
15,004,Pehuenches,03701,075301,0,0,23,10,9,60,58,0,124
15,004,Pehuenches,03701,075302,0,0,22,6,4,48,58,0,133
15,004,Pehuenches,03701,075303,0,0,23,5,6,46,62,0,138
15,004,Pehuenches,03701,075304,0,0,34,7,3,40,51,0,124
15,004,Pehuenches,03701,075305,0,0,22,5,6,63,56,0,120
15,004,Pehuenches,03701,075306,0,0,25,6,4,50,53,0,135
15,004,Pehuenches,03701,075307,0,0,23,9,6,51,58,0,115
15,004,Pehuenches,03701,075308,0,0,21,5,4,53,57,0,118
15,004,Pehuenches,03701,075309,0,0,21,11,1,50,48,0,136
15,004,Pehuenches,03701,075310,0,0,26,7,4,41,63,0,122
15,004,Pehuenches,03701,075311,0,0,15,10,6,48,47,0,123
15,004,Pehuenches,03701,075312,0,0,10,13,3,57,47,0,108
15,004,Pehuenches,03701,075313,0,0,1,9,6,62,75,0,128
15,004,Pehuenches,03701,075314,0,0,40,8,1,60,41,0,125
15,004,Pehuenches,03701,075315,0,0,16,7,3,62,56,0,128
15,004,Pehuenches,03701,075316,0,0,31,11,6,51,52,0,123
15,004,Pehuenches,03701,075317,0,0,25,5,7,60,59,0,119
15,004,Pehuenches,03701,075318,0,0,21,10,6,45,71,0,112
15,004,Pehuenches,03701,075319,0,0,15,8,3,53,55,0,114
15,004,Pehuenches,03701,075320,0,0,16,11,8,53,52,0,121
15,004,Pehuenches,03701,075321,0,0,26,10,6,54,38,0,140
15,004,Pehuenches,03701,075322,0,0,21,11,6,61,45,0,115
15,004,Pehuenches,03701,075323,0,0,33,8,2,44,51,0,132
15,004,Pehuenches,03701,075324,0,0,33,7,7,55,44,0,128
15,004,Pehuenches,03701,075325,0,0,26,6,6,53,67,0,111
15,004,Pehuenches,03701,075326,0,0,17,5,6,44,77,0,114
15,004,Pehuenches,03701,075327,0,0,15,8,4,49,73,0,109
15,004,Pehuenches,03701,075328,0,0,27,9,4,41,62,0,121
15,004,Pehuenches,03701,075329,0,0,24,5,4,59,45,0,114
15,004,Pehuenches,03701,075330,0,0,27,12,1,53,53,0,119
15,004,Pehuenches,03701,075331,0,0,28,10,6,41,62,0,124
15,004,Pehuenches,03701,075332,0,0,32,4,4,41,62,0,121
15,004,Pehuenches,03701,075333,0,0,16,9,6,46,57,0,131
15,004,Pehuenches,03701,075334,0,0,19,6,5,40,64,0,117
15,004,Pehuenches,03701,075335,0,0,25,7,4,51,53,0,108
15,004,Pehuenches,03701,075336,0,0,20,6,10,61,65,0,103
15,004,Pehuenches,03701,075337,0,0,1,6,2,31,61,0,126
15,004,Pehuenches,03701,075338,0,0,22,7,4,45,62,0,137
15,004,Pehuenches,03701,075339,0,0,24,8,12,46,45,0,131
15,004,Pehuenches,03701,075340,0,0,29,9,3,39,61,0,138
15,004,Pehuenches,03701,075341,0,0,21,2,2,46,72,0,121
15,004,Pehuenches,03701,101028,0,0,0,0,0,0,0,0,0
15,004,Pehuenches,03702,075342,0,0,1,2,0,15,14,0,55
15,004,Pehuenches,03703,075343,0,0,1,0,0,9,3,0,44
15,004,Pehuenches,03704,075344,0,0,6,0,1,9,4,0,30
15,004,Pehuenches,03705,075345,0,0,12,4,5,60,40,0,153
15,004,Pehuenches,03705,075346,0,0,34,2,4,58,37,0,139
15,004,Pehuenches,03705,075347,0,0,23,4,5,62,32,0,139
15,004,Pehuenches,03705,075348,0,0,13,8,5,76,34,0,125
15,004,Pehuenches,03705,075349,0,0,12,11,3,60,33,0,131
15,004,Pehuenches,03705,075350,0,0,18,7,11,49,44,0,134
15,004,Pehuenches,03705,075351,0,0,16,7,3,59,44,0,130
15,004,Pehuenches,03706,075352,0,0,12,3,0,106,22,0,81
15,004,Pehuenches,03706,075353,0,0,2,1,1,107,17,0,84
15,004,Pehuenches,03706,075354,0,0,8,0,5,92,16,0,79
15,004,Pehuenches,03706,075355,0,0,20,5,0,100,21,0,63
15,005,Chos Malal,03707,075356,0,0,21,6,11,94,56,0,76
15,005,Chos Malal,03707,075357,0,0,34,8,13,82,62,0,70
15,005,Chos Malal,03707,075358,0,0,26,7,11,115,52,0,58
15,005,Chos Malal,03707,075359,0,0,11,8,21,92,78,0,54
15,005,Chos Malal,03707,075360,0,0,21,6,10,94,72,0,66
15,005,Chos Malal,03707,075361,0,0,19,13,12,94,83,0,59
15,005,Chos Malal,03707,075362,0,0,29,8,6,95,62,0,68
15,005,Chos Malal,03707,075363,0,0,15,11,5,70,77,0,71
15,005,Chos Malal,03707,075364,0,0,13,9,7,97,78,0,62
15,005,Chos Malal,03707,075365,0,0,19,4,4,112,70,0,70
15,005,Chos Malal,03707,075366,0,0,20,12,14,86,62,0,84
15,005,Chos Malal,03707,075367,0,0,16,3,9,110,48,0,73
15,005,Chos Malal,03707,075368,0,0,17,6,7,92,56,0,79
15,005,Chos Malal,03707,075369,0,0,11,13,14,93,75,0,59
15,005,Chos Malal,03707,075370,0,0,16,16,15,91,68,0,50
15,005,Chos Malal,03707,075371,0,0,13,8,15,101,64,0,63
15,005,Chos Malal,03707,075372,0,0,19,9,12,85,65,0,78
15,005,Chos Malal,03707,075373,0,0,17,16,11,76,67,0,82
15,005,Chos Malal,03707,075374,0,0,17,8,10,82,74,0,59
15,005,Chos Malal,03707,075375,0,0,18,10,11,88,70,0,61
15,005,Chos Malal,03707,075376,0,0,29,10,11,75,64,0,71
15,005,Chos Malal,03707,075377,0,0,15,10,12,116,56,0,56
15,005,Chos Malal,03707,075378,0,0,33,9,7,85,63,0,72
15,005,Chos Malal,03707,075379,0,0,25,7,10,96,54,0,82
15,005,Chos Malal,03707,075380,0,0,18,8,7,107,65,0,71
15,005,Chos Malal,03707,075381,0,0,21,13,15,81,85,0,59
15,005,Chos Malal,03707,075382,0,0,20,8,13,99,67,0,63
15,005,Chos Malal,03707,075383,0,0,16,8,9,95,75,0,54
15,005,Chos Malal,03707,075384,0,0,28,9,5,81,58,0,82
15,005,Chos Malal,03707,075385,0,0,36,9,15,103,66,0,47
15,005,Chos Malal,03707,075386,0,0,10,12,4,94,76,0,51
15,005,Chos Malal,03707,101029,0,0,0,0,0,0,0,0,0
15,005,Chos Malal,03708,075387,0,0,23,2,2,63,6,0,50
15,005,Chos Malal,03709,075388,0,0,9,5,1,61,11,0,86
15,005,Chos Malal,03710,075389,0,0,36,3,2,106,20,0,125
15,005,Chos Malal,03711,075390,0,0,19,7,9,100,10,0,106
15,005,Chos Malal,03711,075391,0,0,26,1,3,98,10,0,113
15,005,Chos Malal,03711,075392,0,0,29,3,5,88,8,0,131
15,005,Chos Malal,03712,075393,0,0,10,5,1,27,3,0,30
15,005,Chos Malal,03713,075394,0,0,1,2,0,14,1,0,8
15,005,Chos Malal,03714,075395,0,0,0,1,0,8,6,0,12
15,005,Chos Malal,03715,075396,0,0,1,1,0,24,4,0,57
15,006,Minas,03716,075397,0,0,20,17,16,124,37,0,58
15,006,Minas,03716,075398,0,0,19,11,11,124,48,0,69
15,006,Minas,03716,075399,0,0,21,12,8,131,55,0,53
15,006,Minas,03716,075400,0,0,22,8,20,128,46,0,63
15,006,Minas,03716,075401,0,0,18,11,9,121,40,0,75
15,006,Minas,03716,075402,0,0,30,15,15,99,46,0,64
15,006,Minas,03716,075403,0,0,22,11,10,126,39,0,75
15,006,Minas,03717,075404,0,0,19,5,1,86,15,0,113
15,006,Minas,03717,075405,0,0,19,7,2,102,19,0,103
15,006,Minas,03718,075406,0,0,12,1,5,59,6,0,70
15,006,Minas,03718,075407,0,0,6,5,3,56,6,0,79
15,006,Minas,03719,075408,0,0,16,8,7,117,22,0,64
15,006,Minas,03719,075409,0,0,13,10,9,116,17,0,66
15,006,Minas,03719,075410,0,0,29,4,10,98,25,0,68
15,006,Minas,03720,075411,0,0,13,0,0,15,4,0,22
15,006,Minas,03721,075412,0,0,17,2,5,82,24,0,116
15,006,Minas,03721,075413,0,0,20,4,8,82,27,0,103
15,006,Minas,03721,075414,0,0,17,4,8,64,35,0,131
15,006,Minas,03721,075415,0,0,21,4,7,76,33,0,108
15,006,Minas,03722,075416,0,0,30,3,1,57,8,0,115
15,006,Minas,03722,075417,0,0,36,4,2,66,9,0,93
15,006,Minas,03723,075418,0,0,35,3,2,39,5,0,139
15,006,Minas,03723,075419,0,0,25,3,1,43,11,0,133
15,006,Minas,05713,101030,0,0,0,0,0,0,0,0,0
15,007,orqun,03724,075420,0,0,25,9,8,155,18,0,63
15,007,orqun,03724,075421,0,0,22,7,9,171,15,0,51
15,007,orqun,03724,075422,0,0,23,3,9,172,21,0,48
15,007,orqun,03724,075423,0,0,22,8,6,172,20,0,54
15,007,orqun,03725,075424,0,0,0,1,1,5,3,0,2
15,007,orqun,03726,075425,0,0,39,8,3,58,25,0,147
15,007,orqun,03726,075426,0,0,46,9,1,59,16,0,141
15,007,orqun,03726,075427,0,0,35,8,6,46,17,0,143
15,007,orqun,03727,075428,0,0,7,4,8,62,70,0,67
15,007,orqun,03727,075429,0,0,15,9,10,77,46,0,86
15,007,orqun,03727,075430,0,0,18,10,10,55,51,0,71
15,007,orqun,03728,075431,0,0,13,6,7,44,24,0,103
15,007,orqun,03728,075432,0,0,16,5,0,46,29,0,102
15,007,orqun,03728,101031,0,0,0,0,0,0,0,0,0
15,007,orqun,03729,075433,0,0,8,6,3,41,9,0,48
15,007,orqun,03730,075434,0,0,3,0,1,13,3,0,15
15,007,orqun,03731,075435,0,0,3,0,0,15,4,0,11
15,007,orqun,03732,075436,0,0,5,2,0,14,3,0,20
15,007,orqun,03733,075437,0,0,3,0,1,104,5,0,145
15,008,Loncopu,03734,075438,0,0,13,15,10,94,57,0,93
15,008,Loncopu,03734,075439,0,0,21,15,9,88,55,0,91
15,008,Loncopu,03734,075440,0,0,10,13,4,85,54,0,105
15,008,Loncopu,03734,075441,0,0,25,30,10,67,53,0,87
15,008,Loncopu,03734,075442,0,0,34,14,9,82,66,0,82
15,008,Loncopu,03734,075443,0,0,38,11,8,84,54,0,84
15,008,Loncopu,03734,075444,0,0,38,10,9,107,37,0,105
15,008,Loncopu,03734,075445,0,0,20,9,7,94,49,0,86
15,008,Loncopu,03734,075446,0,0,25,15,14,77,56,0,81
15,008,Loncopu,03734,075447,0,0,28,12,11,71,58,0,108
15,008,Loncopu,03734,075448,0,0,24,19,6,89,67,0,75
15,008,Loncopu,03734,075449,0,0,43,14,5,98,44,0,98
15,008,Loncopu,03734,101032,0,0,0,0,0,0,0,0,0
15,008,Loncopu,03735,075450,0,0,3,1,2,27,7,0,6
15,008,Loncopu,03736,075451,0,0,0,0,0,4,1,0,35
15,008,Loncopu,03737,075452,0,0,23,2,2,63,5,0,96
15,008,Loncopu,03737,075453,0,0,30,2,2,57,4,0,109
15,008,Loncopu,03738,075454,0,0,13,3,1,58,6,0,95
15,008,Loncopu,03738,075455,0,0,1,1,1,48,4,0,105
15,008,Loncopu,03739,075456,0,0,5,0,0,23,0,0,23
15,008,Loncopu,03740,075457,0,0,12,4,1,47,5,0,63
15,009,Picunches,03741,075458,0,0,26,3,4,90,95,0,49
15,009,Picunches,03741,075459,0,0,0,4,8,88,103,0,50
15,009,Picunches,03741,075460,0,0,20,7,4,113,75,0,41
15,009,Picunches,03741,075461,0,0,20,8,4,107,90,0,31
15,009,Picunches,03741,075462,0,0,20,6,2,89,84,0,54
15,009,Picunches,03741,075463,0,0,29,6,4,98,94,0,39
15,009,Picunches,03741,075464,0,0,24,11,4,93,76,0,50
15,009,Picunches,03741,075465,0,0,4,12,4,89,74,0,49
15,009,Picunches,03741,075466,0,0,14,6,5,99,73,0,53
15,009,Picunches,03741,075467,0,0,13,18,6,84,89,0,42
15,009,Picunches,03741,075468,0,0,15,4,8,127,66,0,41
15,009,Picunches,03741,075469,0,0,35,10,1,98,102,0,31
15,009,Picunches,03741,075470,0,0,17,9,7,72,80,0,60
15,009,Picunches,03741,075471,0,0,20,10,6,86,79,0,58
15,009,Picunches,03741,101033,0,0,0,0,0,0,0,0,0
15,009,Picunches,03742,075472,0,0,1,0,0,7,4,0,15
15,009,Picunches,03743,075473,0,0,33,4,7,61,25,0,125
15,009,Picunches,03743,075474,0,0,28,2,3,47,28,0,149
15,009,Picunches,03743,075475,0,0,27,6,2,51,20,0,133
15,009,Picunches,03744,075476,0,0,5,4,0,14,6,0,69
15,009,Picunches,03745,075477,0,0,5,3,1,8,3,0,25
15,009,Picunches,03746,075478,0,0,9,1,1,31,8,0,32
15,009,Picunches,03747,075479,0,0,2,0,0,3,13,0,6
15,010,Alumin,03748,075480,0,0,21,10,8,63,47,0,115
15,010,Alumin,03748,075481,0,0,18,5,11,67,49,0,110
15,010,Alumin,03748,075482,0,0,21,5,15,63,48,0,122
15,010,Alumin,03748,075483,0,0,5,16,23,63,62,0,103
15,010,Alumin,03748,075484,0,0,20,10,9,69,51,0,103
15,010,Alumin,03748,075485,0,0,1,8,19,74,44,0,95
15,010,Alumin,03748,075486,0,0,30,5,10,64,41,0,127
15,010,Alumin,03748,075487,0,0,16,4,7,63,41,0,136
15,010,Alumin,03748,075488,0,0,16,8,14,76,59,0,103
15,010,Alumin,03748,075489,0,0,20,3,5,47,50,0,147
15,010,Alumin,03748,075490,0,0,12,6,10,64,53,0,120
15,010,Alumin,03748,075491,0,0,14,6,11,73,53,0,92
15,010,Alumin,03748,075492,0,0,16,14,10,55,58,0,117
15,010,Alumin,03749,075493,0,0,8,1,2,28,8,0,58
15,010,Alumin,03750,075494,0,0,12,1,4,25,20,0,32
15,010,Alumin,03751,075495,0,0,27,3,2,43,6,0,128
15,010,Alumin,03751,075496,0,0,17,0,2,48,2,0,147
15,010,Alumin,03751,075497,0,0,23,3,10,48,3,0,126
15,010,Alumin,03752,075498,0,0,0,1,0,19,14,0,7
15,010,Alumin,03753,075499,0,0,2,3,3,24,7,0,33
15,010,Alumin,03754,075500,0,0,11,6,6,52,58,0,77
15,010,Alumin,03754,075501,0,0,9,6,11,41,57,0,86
15,010,Alumin,03754,075502,0,0,12,4,9,48,69,0,83
15,010,Alumin,03754,075503,0,0,19,6,7,65,47,0,77
15,010,Alumin,03754,101034,0,0,0,0,0,0,0,0,0
15,010,Alumin,03755,075504,0,0,4,5,5,63,53,0,98
15,010,Alumin,03756,075505,0,0,10,0,0,0,7,0,23
15,010,Alumin,05714,101035,0,0,0,0,0,0,0,0,0
15,011,Catn Lil,03757,075506,0,0,22,5,4,113,35,0,68
15,011,Catn Lil,03757,075507,0,0,12,7,11,103,19,0,63
15,011,Catn Lil,03757,075508,0,0,23,81,3,2,11,0,23
15,011,Catn Lil,03758,075509,0,0,1,3,0,40,8,0,34
15,011,Catn Lil,03759,075510,0,0,2,1,0,22,3,0,34
15,011,Catn Lil,03760,075511,0,0,1,0,0,15,5,0,6
15,011,Catn Lil,03761,075512,0,0,14,1,7,43,7,0,53
15,011,Catn Lil,03762,075513,0,0,0,1,0,14,5,0,29
15,011,Catn Lil,03763,075514,0,0,1,1,2,39,8,0,10
15,011,Catn Lil,03764,075515,0,0,14,2,4,48,18,0,41
15,012,Picn Leuf,03765,075516,0,0,29,9,7,99,47,0,75
15,012,Picn Leuf,03765,075517,0,0,10,4,4,109,41,0,87
15,012,Picn Leuf,03765,075518,0,0,14,14,1,103,55,0,71
15,012,Picn Leuf,03765,075519,0,0,14,8,7,110,30,0,91
15,012,Picn Leuf,03765,075520,0,0,20,13,11,102,64,0,68
15,012,Picn Leuf,03765,075521,0,0,18,10,5,114,45,0,77
15,012,Picn Leuf,03765,075522,0,0,6,8,7,132,44,0,52
15,012,Picn Leuf,03765,075523,0,0,19,7,7,107,39,0,81
15,012,Picn Leuf,03765,075524,0,0,22,10,4,106,45,0,90
15,012,Picn Leuf,03765,075525,0,0,14,10,11,125,32,0,80
15,012,Picn Leuf,03766,075526,0,0,9,0,2,60,5,0,93
15,012,Picn Leuf,03766,075527,0,0,10,0,2,51,10,0,92
15,012,Picn Leuf,03767,075528,0,0,18,11,13,66,14,0,166
15,013,Colln Cur,03768,075529,0,0,24,4,6,106,41,0,112
15,013,Colln Cur,03768,075530,0,0,18,7,7,75,59,0,97
15,013,Colln Cur,03768,075531,0,0,24,6,6,95,42,0,100
15,013,Colln Cur,03768,075532,0,0,0,6,7,91,47,0,97
15,013,Colln Cur,03768,075533,0,0,19,6,14,112,49,0,80
15,013,Colln Cur,03768,075534,0,0,104,98,8,60,0,0,10
15,013,Colln Cur,03768,075535,0,0,28,5,6,113,38,0,97
15,013,Colln Cur,03768,075536,0,0,17,12,10,78,61,0,102
15,013,Colln Cur,03768,075537,0,0,18,5,5,92,38,0,114
15,013,Colln Cur,03769,075538,0,0,15,3,3,89,18,0,48
15,013,Colln Cur,03769,101036,0,0,0,0,0,0,0,0,0
15,013,Colln Cur,03770,075539,0,0,0,0,1,9,1,0,13
15,013,Colln Cur,03771,075540,0,0,6,0,1,31,6,0,22
15,013,Colln Cur,03772,075541,0,0,0,2,1,50,11,0,52
15,013,Colln Cur,03773,075542,0,0,2,0,0,15,6,0,13
15,014,Huiliches,03774,075543,0,0,19,16,14,104,82,0,50
15,014,Huiliches,03774,075544,0,0,19,16,8,89,67,0,70
15,014,Huiliches,03774,075545,0,0,23,9,8,92,90,0,59
15,014,Huiliches,03774,075546,0,0,18,20,16,84,77,0,57
15,014,Huiliches,03774,075547,0,0,6,16,18,86,83,0,59
15,014,Huiliches,03774,075548,0,0,16,12,8,124,60,0,67
15,014,Huiliches,03774,075549,0,0,23,15,25,90,109,0,64
15,014,Huiliches,03774,075550,0,0,33,14,14,81,87,0,48
15,014,Huiliches,03774,075551,0,0,14,16,15,99,82,0,55
15,014,Huiliches,03774,075552,0,0,9,19,16,78,104,0,38
15,014,Huiliches,03774,075553,0,0,16,13,9,87,88,0,63
15,014,Huiliches,03774,075554,0,0,33,12,10,87,70,0,79
15,014,Huiliches,03774,075555,0,0,11,17,7,113,82,0,59
15,014,Huiliches,03774,075556,0,0,25,12,9,97,78,0,52
15,014,Huiliches,03774,075557,0,0,16,21,12,105,78,0,27
15,014,Huiliches,03774,075558,0,0,25,14,8,105,65,0,64
15,014,Huiliches,03774,075559,0,0,14,14,9,109,96,0,48
15,014,Huiliches,03774,075560,0,0,18,9,11,107,78,0,58
15,014,Huiliches,03774,075561,0,0,19,9,9,93,104,0,50
15,014,Huiliches,03774,075562,0,0,12,9,20,96,87,0,43
15,014,Huiliches,03774,075563,0,0,22,13,21,86,84,0,46
15,014,Huiliches,03774,075564,0,0,24,12,19,85,101,0,51
15,014,Huiliches,03774,075565,0,0,16,13,7,124,62,0,56
15,014,Huiliches,03774,075566,0,0,17,17,12,104,80,0,51
15,014,Huiliches,03774,075567,0,0,19,0,21,108,86,0,49
15,014,Huiliches,03774,075568,0,0,13,9,7,115,82,0,50
15,014,Huiliches,03774,075569,0,0,7,13,15,94,98,0,42
15,014,Huiliches,03774,075570,0,0,20,12,12,112,54,0,80
15,014,Huiliches,03774,075571,0,0,18,18,15,92,81,0,54
15,014,Huiliches,03774,075572,0,0,21,11,9,85,81,0,62
15,014,Huiliches,03774,075573,0,0,28,16,13,83,87,0,58
15,014,Huiliches,03774,075574,0,0,14,10,16,86,91,0,51
15,014,Huiliches,03774,075575,0,0,16,12,14,74,103,0,42
15,014,Huiliches,03774,075576,0,0,16,7,10,118,76,0,49
15,014,Huiliches,03774,075577,0,0,17,8,14,69,104,0,65
15,014,Huiliches,03774,075578,0,0,17,15,12,73,87,0,60
15,014,Huiliches,03775,075579,0,0,15,0,2,47,16,0,25
15,014,Huiliches,03776,075580,0,0,19,4,7,57,13,0,59
15,014,Huiliches,03777,075581,0,0,17,3,0,66,3,0,94
15,014,Huiliches,03777,075582,0,0,15,4,4,62,11,0,78
15,014,Huiliches,03778,075583,0,0,23,3,2,70,10,0,114
15,014,Huiliches,03779,075584,0,0,32,10,0,47,9,0,65
15,014,Huiliches,03779,075585,0,0,24,3,3,66,3,0,77
15,015,Lcar,03780,075586,0,0,15,15,10,51,131,0,27
15,015,Lcar,03780,075587,0,0,14,12,16,74,131,0,29
15,015,Lcar,03780,075588,0,0,8,18,12,78,114,0,33
15,015,Lcar,03780,075589,0,0,23,13,11,67,132,0,17
15,015,Lcar,03780,075590,0,0,14,9,17,67,114,0,28
15,015,Lcar,03780,075591,0,0,22,13,18,70,119,0,24
15,015,Lcar,03780,075592,0,0,23,14,12,92,107,0,25
15,015,Lcar,03780,075593,0,0,18,17,11,106,91,0,18
15,015,Lcar,03780,075594,0,0,16,10,17,72,126,0,21
15,015,Lcar,03780,075595,0,0,15,12,18,69,111,0,27
15,015,Lcar,03780,075596,0,0,19,9,12,90,111,0,25
15,015,Lcar,03780,075597,0,0,19,17,20,68,107,0,21
15,015,Lcar,03780,075598,0,0,19,15,10,90,103,0,13
15,015,Lcar,03780,075599,0,0,17,14,18,58,129,0,25
15,015,Lcar,03780,075600,0,0,17,11,9,89,124,0,21
15,015,Lcar,03780,075601,0,0,13,8,14,81,109,0,31
15,015,Lcar,03780,075602,0,0,19,12,17,81,96,0,17
15,015,Lcar,03780,075603,0,0,22,10,20,63,122,0,21
15,015,Lcar,03780,075604,0,0,32,10,19,75,109,0,33
15,015,Lcar,03780,075605,0,0,21,18,13,91,104,0,15
15,015,Lcar,03780,075606,0,0,20,10,9,75,115,0,31
15,015,Lcar,03780,075607,0,0,25,17,11,92,98,0,20
15,015,Lcar,03780,075608,0,0,16,8,15,69,119,0,30
15,015,Lcar,03780,075609,0,0,17,14,10,96,98,0,31
15,015,Lcar,03780,075610,0,0,21,14,14,92,112,0,28
15,015,Lcar,03780,075611,0,0,29,16,11,88,97,0,23
15,015,Lcar,03780,075612,0,0,16,16,10,74,107,0,19
15,015,Lcar,03780,075613,0,0,28,15,19,82,98,0,17
15,015,Lcar,03780,075614,0,0,15,14,10,93,109,0,28
15,015,Lcar,03780,075615,0,0,11,17,13,74,122,0,19
15,015,Lcar,03780,075616,0,0,21,7,16,87,106,0,31
15,015,Lcar,03780,075617,0,0,17,15,12,70,117,0,30
15,015,Lcar,03780,075618,0,0,11,10,12,59,136,0,21
15,015,Lcar,03780,075619,0,0,4,8,15,73,143,0,16
15,015,Lcar,03780,075620,0,0,19,7,15,85,106,0,30
15,015,Lcar,03780,075621,0,0,17,15,12,101,101,0,31
15,015,Lcar,03780,075622,0,0,18,12,13,65,120,0,30
15,015,Lcar,03781,075623,0,0,11,19,15,73,123,0,38
15,015,Lcar,03781,075624,0,0,17,10,9,99,88,0,44
15,015,Lcar,03781,075625,0,0,19,9,15,93,106,0,21
15,015,Lcar,03781,075626,0,0,18,10,13,69,126,0,33
15,015,Lcar,03781,075627,0,0,7,12,15,65,117,0,43
15,015,Lcar,03781,075628,0,0,13,13,14,85,108,0,42
15,015,Lcar,03781,075629,0,0,16,12,14,86,108,0,44
15,015,Lcar,03781,075630,0,0,26,16,6,103,89,0,39
15,015,Lcar,03781,075631,0,0,18,10,16,87,114,0,31
15,015,Lcar,03781,075632,0,0,8,16,11,93,90,0,31
15,015,Lcar,03781,075633,0,0,22,16,12,72,118,0,33
15,015,Lcar,03781,075634,0,0,6,15,15,72,125,0,27
15,015,Lcar,03781,075635,0,0,35,14,13,109,82,0,33
15,015,Lcar,03781,075636,0,0,17,7,14,65,133,0,26
15,015,Lcar,03781,075637,0,0,27,19,9,91,107,0,32
15,015,Lcar,03781,075638,0,0,27,13,18,73,130,0,23
15,015,Lcar,03781,075639,0,0,16,14,12,72,110,0,31
15,015,Lcar,03781,075640,0,0,17,14,14,67,121,0,35
15,015,Lcar,03781,075641,0,0,25,11,23,69,101,0,41
15,015,Lcar,03781,075642,0,0,20,9,6,88,114,0,26
15,015,Lcar,03781,075643,0,0,22,5,12,74,117,0,44
15,015,Lcar,03781,075644,0,0,18,11,20,96,102,0,40
15,015,Lcar,03781,075645,0,0,14,13,14,78,121,0,21
15,015,Lcar,03781,075646,0,0,18,13,15,70,135,0,18
15,015,Lcar,03781,075647,0,0,22,13,13,98,102,0,25
15,015,Lcar,03781,075648,0,0,21,11,17,78,114,0,39
15,015,Lcar,03781,075649,0,0,17,7,13,88,114,0,34
15,015,Lcar,03781,075650,0,0,14,12,20,84,107,0,28
15,015,Lcar,03781,075651,0,0,28,12,16,96,78,0,33
15,015,Lcar,03781,075652,0,0,23,14,10,80,120,0,30
15,015,Lcar,03781,075653,0,0,14,11,19,85,115,0,28
15,015,Lcar,03781,075654,0,0,17,8,14,107,99,0,30
15,015,Lcar,03781,075655,0,0,13,15,8,88,116,0,29
15,015,Lcar,03781,075656,0,0,20,14,15,76,117,0,28
15,015,Lcar,03781,075657,0,0,22,8,13,81,116,0,24
15,015,Lcar,03781,075658,0,0,27,14,14,80,125,0,28
15,015,Lcar,03781,075659,0,0,22,10,15,76,114,0,32
15,015,Lcar,03781,075660,0,0,13,8,14,84,137,0,26
15,015,Lcar,03781,075661,0,0,15,11,21,73,134,0,23
15,015,Lcar,03781,075662,0,0,22,11,9,80,107,0,38
15,015,Lcar,03781,075663,0,0,19,17,12,112,73,0,33
15,015,Lcar,03781,075664,0,0,23,15,15,67,114,0,36
15,015,Lcar,03781,075665,0,0,12,11,10,70,132,0,23
15,015,Lcar,03782,075666,0,0,8,9,9,68,124,0,17
15,015,Lcar,03783,075667,0,0,19,8,6,109,19,0,22
15,015,Lcar,03784,075668,0,0,0,0,0,11,1,0,2
15,015,Lcar,03785,075669,0,0,9,12,8,96,33,0,23
15,015,Lcar,03786,075670,0,0,5,1,0,7,28,0,0
15,015,Lcar,03787,075671,0,0,7,6,8,39,82,0,27
15,015,Lcar,03788,075672,0,0,0,4,0,4,28,0,1
15,015,Lcar,05715,101037,0,0,0,0,0,0,0,0,0
15,016,Los Lagos,03789,075673,0,0,39,11,6,77,96,0,22
15,016,Los Lagos,03789,075674,0,0,42,12,10,63,108,0,34
15,016,Los Lagos,03789,075675,0,0,48,11,7,94,90,0,25
15,016,Los Lagos,03789,075676,0,0,38,11,13,64,107,0,29
15,016,Los Lagos,03789,075677,0,0,24,13,12,97,90,0,25
15,016,Los Lagos,03789,075678,0,0,47,12,10,78,92,0,30
15,016,Los Lagos,03789,075679,0,0,42,12,12,73,96,0,33
15,016,Los Lagos,03789,075680,0,0,50,16,5,89,81,0,25
15,016,Los Lagos,03789,075681,0,0,31,13,10,59,118,0,21
15,016,Los Lagos,03789,075682,0,0,24,16,5,69,121,0,25
15,016,Los Lagos,03789,075683,0,0,30,17,12,60,112,0,23
15,016,Los Lagos,03789,075684,0,0,36,8,15,66,95,0,29
15,016,Los Lagos,03789,075685,0,0,35,13,11,93,89,0,21
15,016,Los Lagos,03789,075686,0,0,30,13,10,69,105,0,35
15,016,Los Lagos,03789,075687,0,0,61,12,14,70,97,0,29
15,016,Los Lagos,03789,075688,0,0,39,5,11,70,114,0,21
15,016,Los Lagos,03789,075689,0,0,47,11,14,69,99,0,21
15,016,Los Lagos,03789,075690,0,0,45,11,10,64,86,0,51
15,016,Los Lagos,03789,075691,0,0,31,11,16,73,100,0,34
15,016,Los Lagos,03789,075692,0,0,29,10,7,73,96,0,38
15,016,Los Lagos,03789,075693,0,0,1,16,13,65,92,0,49
15,016,Los Lagos,03789,075694,0,0,32,6,13,81,102,0,27
15,016,Los Lagos,03789,075695,0,0,34,10,7,70,102,0,26
15,016,Los Lagos,03789,075696,0,0,35,18,9,91,86,0,25
15,016,Los Lagos,03789,075697,0,0,42,13,7,74,96,0,23
15,016,Los Lagos,03789,075698,0,0,34,17,8,80,92,0,23
15,016,Los Lagos,03789,075699,0,0,34,10,10,56,104,0,38
15,016,Los Lagos,03789,075700,0,0,34,16,8,72,101,0,20
15,016,Los Lagos,03789,075701,0,0,48,15,8,69,106,0,17
15,016,Los Lagos,03789,075702,0,0,43,13,18,69,78,0,28
15,016,Los Lagos,03789,075703,0,0,30,11,11,83,105,0,22
15,016,Los Lagos,03790,075704,0,0,6,0,0,20,12,0,7
15,016,Los Lagos,03791,075705,0,0,15,4,2,55,53,0,93
15,016,Los Lagos,03791,075706,0,0,8,4,7,46,46,0,92
15,016,Los Lagos,03792,075707,0,0,3,7,0,21,9,0,5
15,016,Los Lagos,03793,075708,0,0,9,0,4,8,27,0,8
