codprov,coddepto,depto,circuito,mesa,electores,nulos,blancos,01022,01023,01027,01028,01024,01026,01025,01021
07,015,ESCALANTE,02451,060357,0,0,0,191,23,9,11,8,15,10,7
07,015,ESCALANTE,02454,060444,0,0,190,8,25,10,12,9,3,0,5
07,015,ESCALANTE,02455,060456,0,0,0,176,0,0,5,7,27,4,12
07,015,ESCALANTE,02455,060491,0,0,16,173,12,18,12,0,14,6,7
07,015,ESCALANTE,02455,060476,0,0,37,171,14,14,4,2,5,12,5
07,015,ESCALANTE,02455,060503,0,0,18,171,17,10,3,9,1,1,11
07,015,ESCALANTE,02455,060507,0,0,30,170,4,19,4,6,6,5,6
07,015,ESCALANTE,02455,060502,0,0,23,168,20,7,10,9,9,6,6
07,015,ESCALANTE,02447,060272,0,0,1,167,14,8,3,3,14,4,7
07,015,ESCALANTE,02450,060329,0,0,164,11,32,11,8,0,13,0,0
07,002,BIEDMA,02374,059715,0,0,30,162,13,1,4,16,15,9,15
07,001,RAWSON,02361,059476,0,0,26,159,11,16,8,3,21,8,6
07,002,BIEDMA,02374,059717,0,0,39,159,12,4,3,15,16,4,15
07,015,ESCALANTE,02455,060485,0,0,44,158,10,16,4,3,20,6,15
07,015,ESCALANTE,02455,060500,0,0,0,158,25,20,10,4,10,4,4
07,015,ESCALANTE,02455,060454,0,0,0,157,16,0,0,5,0,0,9
07,002,BIEDMA,02374,059730,0,0,25,155,18,0,2,13,12,10,10
07,015,ESCALANTE,02441,060144,0,0,2,155,25,3,0,11,8,0,12
07,015,ESCALANTE,02451,060352,0,0,6,155,1,21,11,49,9,0,13
07,015,ESCALANTE,02441,060161,0,0,0,154,32,12,4,6,1,7,10
07,002,BIEDMA,02374,059709,0,0,0,153,11,4,8,13,13,5,21
07,002,BIEDMA,02374,059739,0,0,3,153,13,0,6,15,12,9,18
07,015,ESCALANTE,02439,060126,0,0,0,153,0,13,6,8,7,8,5
07,015,ESCALANTE,02439,060128,0,0,0,153,24,7,5,9,12,9,15
07,015,ESCALANTE,02455,060451,0,0,0,153,1,13,15,0,15,0,6
07,015,ESCALANTE,02455,060496,0,0,39,153,16,19,13,3,9,4,8
07,001,RAWSON,02361,059470,0,0,2,152,9,4,4,7,24,6,16
07,001,RAWSON,02361,059489,0,0,32,152,4,16,5,7,25,5,9
07,002,BIEDMA,02374,059714,0,0,41,152,16,1,4,6,20,8,17
07,005,CUSHAMEN,02379,059753,0,0,42,151,22,2,0,11,12,4,14
07,015,ESCALANTE,02439,060133,0,0,0,151,21,16,4,7,13,4,5
07,015,ESCALANTE,02451,060367,0,0,0,151,35,12,3,5,15,6,11
07,015,ESCALANTE,02455,060481,0,0,33,151,19,18,5,5,14,9,6
07,015,ESCALANTE,02455,060482,0,0,58,151,20,20,5,2,8,4,9
07,015,ESCALANTE,02455,060487,0,0,0,151,3,0,0,0,13,0,0
07,015,ESCALANTE,02455,060497,0,0,29,151,19,12,7,8,7,4,8
07,015,ESCALANTE,02455,060506,0,0,64,151,10,4,3,9,5,5,10
07,005,CUSHAMEN,02379,059759,0,0,30,150,6,3,1,14,15,6,15
07,008,TEHUELCHES,02407,059942,0,0,2,150,10,21,3,7,8,1,9
07,015,ESCALANTE,02450,060330,0,0,31,150,20,13,3,7,9,6,14
07,015,ESCALANTE,02450,060336,0,0,32,150,18,17,11,10,9,5,4
07,015,ESCALANTE,02455,060479,0,0,38,150,13,16,9,9,22,5,9
07,005,CUSHAMEN,02378,059750,0,0,5,149,8,5,0,12,21,0,3
07,006,FUTALEUFÚ,02390,059837,0,0,31,149,16,11,2,11,3,0,13
07,015,ESCALANTE,02454,060443,0,0,28,149,24,17,2,14,15,8,6
07,015,ESCALANTE,02455,060473,0,0,38,149,18,15,7,6,13,0,6
07,015,ESCALANTE,02455,060483,0,0,36,149,26,12,4,0,10,3,6
07,015,ESCALANTE,02455,060488,0,0,31,149,16,16,6,2,14,6,4
07,005,CUSHAMEN,02381,059772,0,0,29,148,16,36,3,8,0,4,3
07,015,ESCALANTE,02439,060134,0,0,34,148,14,15,2,6,5,4,8
07,015,ESCALANTE,02441,060156,0,0,33,148,34,11,4,7,11,3,6
07,015,ESCALANTE,02451,060378,0,0,38,148,21,8,7,6,11,6,0
07,015,ESCALANTE,02455,060472,0,0,33,148,26,9,3,1,4,1,10
07,015,ESCALANTE,02439,060127,0,0,148,63,25,0,6,5,0,9,0
07,005,CUSHAMEN,02379,059756,0,0,47,147,14,12,0,13,0,5,8
07,005,CUSHAMEN,02379,059762,0,0,46,147,23,4,1,16,12,1,14
07,015,ESCALANTE,02439,060136,0,0,0,147,29,10,6,11,15,8,15
07,015,ESCALANTE,02455,060486,0,0,46,147,18,15,5,6,11,8,7
07,015,ESCALANTE,02455,060509,0,0,37,147,21,10,9,4,11,12,9
07,015,ESCALANTE,02450,060320,0,0,147,44,0,15,4,6,11,9,9
07,001,RAWSON,02361,059471,0,0,34,146,7,13,3,8,31,7,9
07,002,BIEDMA,02374,059723,0,0,36,146,15,3,6,7,27,7,11
07,001,RAWSON,02361,059472,0,0,17,145,8,12,3,17,25,9,18
07,008,TEHUELCHES,02407,059940,0,0,6,145,11,14,0,15,7,6,9
07,015,ESCALANTE,02455,060462,0,0,47,145,14,18,4,11,11,7,5
07,015,ESCALANTE,02455,060471,0,0,9,145,27,13,13,5,15,5,9
07,015,ESCALANTE,02455,060480,0,0,31,145,23,9,6,3,15,8,9
07,005,CUSHAMEN,02378,059749,0,0,3,144,17,10,2,3,11,5,5
07,006,FUTALEUFÚ,02390,059858,0,0,43,144,26,0,5,16,0,13,12
07,015,ESCALANTE,02435,060093,0,0,1,144,27,9,4,15,19,0,5
07,015,ESCALANTE,02450,060338,0,0,25,144,28,6,4,10,12,4,10
07,015,ESCALANTE,02455,060467,0,0,40,144,17,19,11,5,19,3,6
07,015,ESCALANTE,02455,060492,0,0,32,144,21,12,4,10,7,10,0
07,015,ESCALANTE,02455,060498,0,0,40,144,20,9,9,3,11,9,2
07,002,BIEDMA,02371,059657,0,0,36,143,9,3,8,13,13,7,16
07,006,FUTALEUFÚ,02390,059840,0,0,2,143,14,7,4,26,2,9,12
07,001,RAWSON,02344,059291,0,0,25,142,10,7,7,12,25,6,13
07,001,RAWSON,02361,059479,0,0,26,142,15,13,5,6,32,3,8
07,001,RAWSON,02361,059486,0,0,29,142,5,12,2,11,34,6,6
07,002,BIEDMA,02371,059663,0,0,0,142,13,6,7,13,13,10,13
07,002,BIEDMA,02371,059672,0,0,22,142,15,5,6,18,16,7,20
07,002,BIEDMA,02371,059673,0,0,29,142,13,6,4,6,23,2,30
07,015,ESCALANTE,02441,060142,0,0,37,142,33,17,7,16,7,11,11
07,015,ESCALANTE,02450,060337,0,0,31,142,18,10,7,2,8,5,11
07,015,ESCALANTE,02455,060461,0,0,47,142,14,17,3,4,9,0,10
07,001,RAWSON,02361,059485,0,0,38,141,8,7,3,6,26,10,7
07,002,BIEDMA,02371,059661,0,0,0,141,22,1,4,7,17,4,16
07,002,BIEDMA,02371,059679,0,0,23,141,14,5,8,21,15,7,13
07,002,BIEDMA,02374,059733,0,0,30,141,16,4,7,20,12,7,14
07,002,BIEDMA,02374,059740,0,0,0,141,18,0,5,11,17,1,13
07,005,CUSHAMEN,02379,059755,0,0,43,141,10,4,7,13,5,3,14
07,015,ESCALANTE,02451,060347,0,0,43,141,40,12,5,0,11,13,10
07,001,RAWSON,02348,059352,0,0,34,140,10,8,4,7,26,5,21
07,001,RAWSON,02361,059488,0,0,29,140,6,7,7,2,37,5,8
07,002,BIEDMA,02371,059655,0,0,1,140,27,1,4,17,13,10,18
07,002,BIEDMA,02371,059659,0,0,27,140,14,3,2,14,14,9,13
07,002,BIEDMA,02371,059681,0,0,26,140,10,1,3,8,22,8,18
07,002,BIEDMA,02374,059741,0,0,33,140,18,4,3,17,15,7,16
07,015,ESCALANTE,02439,060129,0,0,38,140,7,14,5,25,11,4,0
07,015,ESCALANTE,02439,060132,0,0,34,140,25,16,2,11,8,7,6
07,015,ESCALANTE,02441,060162,0,0,75,140,0,11,9,0,11,8,14
07,015,ESCALANTE,02450,060331,0,0,28,140,30,13,4,11,7,8,9
07,015,ESCALANTE,02451,060354,0,0,16,140,36,12,11,10,15,7,10
07,015,ESCALANTE,02455,060449,0,0,29,140,13,14,6,4,16,6,12
07,015,ESCALANTE,02455,060464,0,0,40,140,24,18,40,6,16,9,6
07,015,ESCALANTE,02455,060466,0,0,39,140,15,17,11,8,16,6,6
07,001,RAWSON,02348,059356,0,0,7,139,15,10,2,11,40,16,13
07,001,RAWSON,02361,059487,0,0,69,139,9,3,5,2,27,11,11
07,002,BIEDMA,02374,059732,0,0,31,139,12,5,4,7,28,7,16
07,002,BIEDMA,02374,059734,0,0,44,139,27,2,4,9,21,10,16
07,015,ESCALANTE,02448,060292,0,0,4,139,34,17,5,11,16,0,25
07,015,ESCALANTE,02449,060306,0,0,43,139,25,8,2,12,10,11,14
07,015,ESCALANTE,02451,060341,0,0,44,139,24,8,8,5,15,6,11
07,015,ESCALANTE,02451,060342,0,0,37,139,40,5,12,0,11,9,14
07,015,ESCALANTE,02451,060386,0,0,2,139,33,11,0,5,15,5,7
07,001,RAWSON,02361,059473,0,0,0,138,11,10,5,5,28,11,13
07,002,BIEDMA,02374,059712,0,0,28,138,22,4,4,21,15,10,19
07,002,BIEDMA,02374,059720,0,0,34,138,10,5,5,16,22,5,18
07,002,BIEDMA,02374,059727,0,0,0,138,22,2,5,10,24,9,17
07,002,BIEDMA,02374,059737,0,0,0,138,11,6,4,19,26,8,13
07,015,ESCALANTE,02449,060316,0,0,40,138,18,18,2,11,5,6,11
07,015,ESCALANTE,02449,060319,0,0,51,138,17,13,6,3,9,7,11
07,015,ESCALANTE,02450,060326,0,0,79,138,0,10,8,6,11,8,3
07,002,BIEDMA,02369,059579,0,0,37,137,32,5,5,12,14,14,22
07,002,BIEDMA,02371,059684,0,0,31,137,10,4,5,17,8,12,18
07,002,BIEDMA,02374,059722,0,0,45,137,20,3,3,4,19,4,18
07,002,BIEDMA,02374,059725,0,0,37,137,17,0,2,7,26,12,15
07,006,FUTALEUFÚ,02390,059853,0,0,50,137,19,7,4,10,6,11,10
07,015,ESCALANTE,02450,060335,0,0,35,137,30,10,6,2,10,6,8
07,015,ESCALANTE,02451,060362,0,0,34,137,23,15,6,8,7,0,9
07,015,ESCALANTE,02451,060387,0,0,27,137,37,9,8,9,16,11,10
07,015,ESCALANTE,02455,060478,0,0,44,137,20,17,11,9,12,5,7
07,002,BIEDMA,02371,059637,0,0,23,136,10,1,6,7,19,14,17
07,002,BIEDMA,02371,059664,0,0,32,136,30,3,4,9,23,1,11
07,002,BIEDMA,02371,059683,0,0,24,136,16,0,7,9,16,10,20
07,015,ESCALANTE,02455,060475,0,0,39,136,6,16,9,21,18,5,11
07,001,RAWSON,02361,059475,0,0,42,135,4,16,5,5,33,5,15
07,001,RAWSON,02361,059483,0,0,34,135,21,6,6,7,27,8,6
07,002,BIEDMA,02371,059639,0,0,27,135,10,0,3,10,32,9,8
07,002,BIEDMA,02371,059649,0,0,51,135,13,6,5,9,10,12,17
07,015,ESCALANTE,02441,060143,0,0,21,135,43,9,9,13,11,9,6
07,015,ESCALANTE,02449,060304,0,0,53,135,0,10,13,29,20,0,0
07,015,ESCALANTE,02451,060346,0,0,37,135,30,7,10,12,12,8,12
07,015,ESCALANTE,02451,060374,0,0,39,135,34,8,6,5,12,7,16
07,015,ESCALANTE,02455,060460,0,0,31,135,9,19,7,6,18,5,9
07,015,ESCALANTE,02455,060465,0,0,38,135,23,22,11,8,14,6,8
07,002,BIEDMA,02371,059660,0,0,35,134,7,4,7,20,25,14,14
07,002,BIEDMA,02371,059668,0,0,31,134,22,4,9,6,23,8,17
07,002,BIEDMA,02371,059682,0,0,28,134,9,10,3,16,14,7,12
07,008,TEHUELCHES,02408,059944,0,0,8,134,20,13,1,8,3,2,5
07,015,ESCALANTE,02449,060298,0,0,1,134,26,11,0,7,4,6,13
07,015,ESCALANTE,02455,060484,0,0,45,134,20,10,9,5,13,5,9
07,001,RAWSON,02347,059335,0,0,21,13,133,27,12,15,20,9,7
07,001,RAWSON,02361,059478,0,0,31,133,12,11,5,5,36,8,6
07,001,RAWSON,02361,059492,0,0,34,133,12,8,3,5,29,5,12
07,002,BIEDMA,02371,059680,0,0,22,133,23,1,5,15,24,10,14
07,002,BIEDMA,02374,059724,0,0,27,133,18,4,4,9,21,12,14
07,002,BIEDMA,02374,059729,0,0,31,133,16,4,12,6,18,6,18
07,015,ESCALANTE,02441,060147,0,0,52,133,40,19,0,4,8,8,8
07,015,ESCALANTE,02441,060178,0,0,33,133,39,15,3,6,10,6,13
07,015,ESCALANTE,02449,060296,0,0,1,133,22,14,8,6,6,5,9
07,015,ESCALANTE,02450,060324,0,0,39,133,19,18,3,12,17,6,13
07,015,ESCALANTE,02451,060370,0,0,18,133,36,5,4,6,14,7,11
07,015,ESCALANTE,02454,060442,0,0,28,133,25,13,12,9,11,6,15
07,002,BIEDMA,02371,059676,0,0,32,132,19,2,3,20,20,13,14
07,015,ESCALANTE,02441,060148,0,0,39,132,25,16,11,8,8,13,9
07,015,ESCALANTE,02441,060166,0,0,0,132,39,13,7,4,4,9,15
07,015,ESCALANTE,02450,060321,0,0,45,132,25,16,5,8,11,10,14
07,015,ESCALANTE,02450,060339,0,0,41,132,30,14,10,8,12,5,14
07,015,ESCALANTE,02451,060348,0,0,22,132,55,14,6,0,17,9,10
07,015,ESCALANTE,02455,060459,0,0,55,132,21,19,1,5,8,3,7
07,015,ESCALANTE,02455,060463,0,0,33,132,16,24,12,9,12,4,9
07,015,ESCALANTE,02455,060501,0,0,41,132,27,17,4,6,12,3,9
07,001,RAWSON,02361,059474,0,0,37,131,0,12,5,0,32,17,14
07,002,BIEDMA,02371,059662,0,0,33,131,26,3,9,14,17,6,19
07,002,BIEDMA,02374,059711,0,0,46,131,10,2,6,18,14,12,22
07,005,CUSHAMEN,02379,059758,0,0,48,131,16,6,6,15,11,3,8
07,006,FUTALEUFÚ,02390,059851,0,0,27,131,20,4,6,23,6,12,10
07,015,ESCALANTE,02441,060169,0,0,38,131,43,8,9,3,10,9,4
07,015,ESCALANTE,02442,060182,0,0,34,131,29,17,10,8,6,7,14
07,015,ESCALANTE,02449,060301,0,0,23,131,24,12,9,14,12,4,10
07,015,ESCALANTE,02449,060303,0,0,26,131,29,16,4,8,8,0,13
07,015,ESCALANTE,02451,060372,0,0,50,131,36,12,5,9,18,10,8
07,015,ESCALANTE,02451,060373,0,0,32,131,29,10,10,10,23,8,12
07,015,ESCALANTE,02451,060382,0,0,45,131,0,23,10,0,2,0,9
07,015,ESCALANTE,02455,060470,0,0,38,131,18,6,9,0,7,10,12
07,015,ESCALANTE,02455,060493,0,0,27,131,20,24,19,9,11,11,7
07,001,RAWSON,02361,059480,0,0,40,130,16,8,5,12,28,8,0
07,001,RAWSON,02361,059482,0,0,40,130,8,8,1,7,27,7,11
07,002,BIEDMA,02371,059645,0,0,32,130,20,2,5,6,25,17,15
07,002,BIEDMA,02371,059658,0,0,32,130,15,1,4,21,16,9,16
07,002,BIEDMA,02371,059671,0,0,32,130,10,1,3,8,35,8,17
07,002,BIEDMA,02371,059685,0,0,29,130,15,1,12,22,17,6,20
07,002,BIEDMA,02374,059716,0,0,40,130,18,4,1,15,12,16,24
07,002,BIEDMA,02374,059728,0,0,34,130,20,4,2,7,27,8,26
07,015,ESCALANTE,02438,060120,0,0,35,130,31,14,4,9,7,1,6
07,015,ESCALANTE,02439,060130,0,0,0,130,18,10,4,8,8,11,4
07,015,ESCALANTE,02441,060173,0,0,50,130,38,7,4,14,11,8,5
07,015,ESCALANTE,02450,060332,0,0,51,130,28,5,13,9,9,6,10
07,001,RAWSON,02361,059484,0,0,39,129,10,18,3,10,33,4,6
07,001,RAWSON,02361,059490,0,0,31,129,15,16,9,1,31,5,6
07,002,BIEDMA,02371,059646,0,0,0,129,12,5,0,12,35,13,0
07,002,BIEDMA,02371,059666,0,0,0,129,22,2,11,15,23,5,12
07,002,BIEDMA,02371,059675,0,0,30,129,22,5,5,18,22,3,16
07,002,BIEDMA,02374,059710,0,0,33,129,12,3,4,4,22,10,17
07,002,BIEDMA,02374,059721,0,0,40,129,12,5,2,16,21,4,20
07,002,BIEDMA,02374,059731,0,0,32,129,12,2,7,18,31,9,22
07,006,FUTALEUFÚ,02397,059913,0,0,34,129,17,1,5,18,2,10,12
07,006,FUTALEUFÚ,02399,059931,0,0,23,58,8,129,7,5,1,3,15
07,015,ESCALANTE,02441,060165,0,0,40,129,37,17,5,13,9,2,10
07,015,ESCALANTE,02451,060366,0,0,30,129,21,14,4,10,17,5,17
07,015,ESCALANTE,02455,060474,0,0,41,129,0,15,9,29,7,7,10
07,015,ESCALANTE,02455,060499,0,0,39,129,25,10,8,7,17,3,6
07,002,BIEDMA,02369,059589,0,0,19,128,20,3,2,36,9,9,34
07,005,CUSHAMEN,02378,059751,0,0,21,128,4,7,2,17,16,4,8
07,005,CUSHAMEN,02379,059754,0,0,53,128,16,0,1,15,12,3,11
07,015,ESCALANTE,02441,060154,0,0,34,128,55,12,1,12,4,9,3
07,015,ESCALANTE,02449,060300,0,0,0,128,17,1,9,6,13,6,10
07,015,ESCALANTE,02449,060318,0,0,32,128,34,12,6,7,15,8,7
07,015,ESCALANTE,02450,060323,0,0,46,128,29,21,12,10,10,5,8
07,015,ESCALANTE,02451,060340,0,0,35,128,37,13,4,5,13,5,14
07,015,ESCALANTE,02451,060345,0,0,45,128,37,11,6,11,14,6,10
07,015,ESCALANTE,02451,060358,0,0,51,128,23,15,3,11,13,9,2
07,001,RAWSON,02344,059289,0,0,31,127,14,12,6,11,36,9,14
07,002,BIEDMA,02371,059648,0,0,1,127,31,1,1,6,22,0,19
07,002,BIEDMA,02371,059665,0,0,36,127,19,1,5,8,22,15,13
07,002,BIEDMA,02371,059677,0,0,46,127,13,2,5,26,16,7,19
07,002,BIEDMA,02374,059713,0,0,32,127,21,2,7,15,18,9,13
07,008,TEHUELCHES,02407,059941,0,0,24,127,25,10,0,7,21,10,12
07,008,TEHUELCHES,02408,059949,0,0,22,127,19,1,1,15,5,9,11
07,015,ESCALANTE,02439,060135,0,0,0,127,26,15,11,7,12,7,4
07,015,ESCALANTE,02451,060385,0,0,53,127,27,18,8,8,14,3,7
07,015,ESCALANTE,02454,060446,0,0,25,127,25,0,0,0,0,7,0
07,015,ESCALANTE,02455,060489,0,0,43,127,19,19,5,6,15,11,9
07,015,ESCALANTE,02455,060510,0,0,0,127,26,12,10,6,7,3,5
07,005,CUSHAMEN,02379,059752,0,0,48,126,21,3,0,23,9,8,9
07,006,FUTALEUFÚ,02390,059841,0,0,30,126,26,9,11,16,4,14,12
07,015,ESCALANTE,02441,060160,0,0,55,126,50,0,12,8,0,0,10
07,015,ESCALANTE,02441,060172,0,0,55,126,33,9,3,8,5,0,12
07,015,ESCALANTE,02442,060188,0,0,10,126,44,5,4,51,10,7,13
07,015,ESCALANTE,02449,060308,0,0,29,126,26,21,13,6,11,0,9
07,015,ESCALANTE,02449,060309,0,0,38,126,16,15,0,4,13,0,9
07,015,ESCALANTE,02451,060364,0,0,37,126,38,20,9,4,9,7,13
07,015,ESCALANTE,02451,060383,0,0,51,126,48,13,5,5,9,3,13
07,015,ESCALANTE,02454,060439,0,0,1,126,24,11,10,19,15,4,16
07,015,ESCALANTE,02454,060448,0,0,26,126,34,11,8,7,8,5,10
07,001,RAWSON,02344,059290,0,0,3,125,12,10,13,14,36,4,0
07,001,RAWSON,02361,059481,0,0,46,125,12,9,7,10,31,6,10
07,002,BIEDMA,02369,059586,0,0,5,125,24,1,4,27,13,8,34
07,002,BIEDMA,02371,059647,0,0,39,125,13,1,5,9,21,5,21
07,005,CUSHAMEN,02379,059760,0,0,46,125,17,6,3,14,17,6,8
07,005,CUSHAMEN,02379,059763,0,0,48,125,20,4,1,21,12,6,8
07,006,FUTALEUFÚ,02389,059817,0,0,27,125,26,11,5,29,2,20,15
07,014,SARMIENTO,02429,060036,0,0,3,125,13,21,1,11,17,1,5
07,015,ESCALANTE,02441,060176,0,0,49,125,35,13,7,9,9,12,13
07,015,ESCALANTE,02447,060271,0,0,21,125,30,11,7,11,11,7,4
07,015,ESCALANTE,02449,060311,0,0,37,125,28,10,9,2,7,4,5
07,015,ESCALANTE,02449,060312,0,0,35,125,23,23,6,6,10,0,6
07,015,ESCALANTE,02449,060317,0,0,35,125,32,12,4,9,17,7,5
07,015,ESCALANTE,02451,060388,0,0,38,125,37,9,8,10,11,8,11
07,015,ESCALANTE,02454,060440,0,0,25,125,35,18,5,7,9,7,8
07,015,ESCALANTE,02455,060458,0,0,0,125,14,19,9,12,13,6,7
07,001,RAWSON,02361,059477,0,0,37,124,7,9,9,9,33,7,8
07,001,RAWSON,02364,059521,0,0,28,124,17,7,6,12,32,10,16
07,002,BIEDMA,02369,059609,0,0,27,124,31,3,1,19,18,7,23
07,002,BIEDMA,02371,059642,0,0,26,124,11,1,7,23,25,9,17
07,002,BIEDMA,02371,059644,0,0,29,124,16,5,4,13,28,8,18
07,002,BIEDMA,02371,059670,0,0,26,124,16,3,31,17,14,4,16
07,002,BIEDMA,02371,059678,0,0,36,124,14,5,5,10,20,17,22
07,005,CUSHAMEN,02384,059802,0,0,20,124,15,17,2,17,1,12,16
07,005,CUSHAMEN,02387,059810,0,0,26,124,14,30,2,16,0,6,6
07,015,ESCALANTE,02449,060315,0,0,43,124,18,6,6,4,16,9,6
07,015,ESCALANTE,02451,060376,0,0,26,124,34,19,4,9,9,4,14
07,015,ESCALANTE,02454,060447,0,0,36,124,8,9,7,24,16,6,9
07,015,ESCALANTE,02455,060508,0,0,76,124,0,10,7,1,13,4,9
07,005,CUSHAMEN,02379,059757,0,0,44,123,19,3,0,26,9,6,6
07,006,FUTALEUFÚ,02390,059836,0,0,19,123,36,11,0,31,4,15,20
07,006,FUTALEUFÚ,02390,059855,0,0,33,123,17,9,3,36,3,7,7
07,015,ESCALANTE,02441,060145,0,0,33,123,37,17,10,10,12,11,12
07,015,ESCALANTE,02441,060158,0,0,5,123,39,13,4,36,9,12,10
07,002,BIEDMA,02371,059651,0,0,44,122,22,3,3,16,24,10,23
07,002,BIEDMA,02371,059652,0,0,0,122,22,8,7,11,22,8,12
07,005,CUSHAMEN,02378,059748,0,0,28,122,19,5,4,27,20,7,1
07,005,CUSHAMEN,02382,059784,0,0,0,122,8,22,1,18,2,6,10
07,006,FUTALEUFÚ,02390,059846,0,0,20,122,26,11,3,22,3,11,26
07,006,FUTALEUFÚ,02390,059848,0,0,37,122,26,11,1,28,0,5,18
07,006,FUTALEUFÚ,02391,059864,0,0,32,122,17,9,5,27,4,8,14
07,015,ESCALANTE,02441,060151,0,0,39,122,53,10,8,8,7,9,14
07,015,ESCALANTE,02441,060167,0,0,34,122,40,14,2,15,10,9,8
07,015,ESCALANTE,02451,060355,0,0,0,122,35,11,10,5,15,0,14
07,015,ESCALANTE,02451,060369,0,0,48,122,21,12,2,8,16,7,18
07,001,RAWSON,02346,059314,0,0,28,121,12,14,10,28,24,11,12
07,001,RAWSON,02348,059357,0,0,41,121,18,3,4,25,23,15,13
07,002,BIEDMA,02371,059654,0,0,37,121,18,7,3,21,16,12,18
07,002,BIEDMA,02374,059718,0,0,30,121,12,2,5,25,17,11,17
07,006,FUTALEUFÚ,02391,059884,0,0,23,121,34,9,4,37,4,14,17
07,006,FUTALEUFÚ,02397,059911,0,0,46,121,12,7,1,23,3,15,15
07,006,FUTALEUFÚ,02397,059922,0,0,26,121,31,3,3,26,3,12,15
07,015,ESCALANTE,02438,060117,0,0,30,121,41,12,7,8,8,3,7
07,015,ESCALANTE,02441,060150,0,0,45,121,37,11,9,12,16,15,9
07,015,ESCALANTE,02441,060163,0,0,26,121,43,15,11,12,8,12,12
07,015,ESCALANTE,02449,060313,0,0,52,121,20,12,6,6,6,9,6
07,015,ESCALANTE,02450,060328,0,0,44,121,33,12,5,1,11,0,16
07,015,ESCALANTE,02451,060350,0,0,35,121,41,13,9,9,8,9,17
07,015,ESCALANTE,02451,060351,0,0,41,121,45,11,2,12,11,11,0
07,015,ESCALANTE,02453,060424,0,0,38,121,48,10,20,5,12,0,28
07,015,ESCALANTE,02453,060425,0,0,31,121,51,14,7,7,11,5,9
07,015,ESCALANTE,02455,060453,0,0,121,58,0,11,10,2,17,5,3
07,001,RAWSON,02344,059283,0,0,22,120,16,13,7,8,39,12,15
07,001,RAWSON,02361,059491,0,0,29,120,12,8,6,7,35,10,14
07,002,BIEDMA,02369,059601,0,0,30,120,30,4,4,29,11,7,25
07,002,BIEDMA,02371,059638,0,0,0,120,19,2,10,7,18,10,11
07,002,BIEDMA,02371,059650,0,0,0,120,16,2,5,15,22,5,21
07,005,CUSHAMEN,02379,059761,0,0,25,120,22,2,1,16,11,4,24
07,014,SARMIENTO,02431,060048,0,0,45,120,9,11,0,5,12,0,6
07,015,ESCALANTE,02435,060092,0,0,43,120,24,8,3,11,21,4,7
07,015,ESCALANTE,02441,060141,0,0,47,120,40,7,9,6,10,8,8
07,015,ESCALANTE,02441,060177,0,0,27,120,45,5,6,5,9,6,13
07,015,ESCALANTE,02447,060273,0,0,4,120,30,7,6,16,8,7,0
07,015,ESCALANTE,02451,060361,0,0,56,120,40,13,8,6,19,6,0
07,015,ESCALANTE,02453,060412,0,0,32,120,60,9,14,7,13,4,13
07,001,RAWSON,02346,059309,0,0,33,119,22,4,8,16,31,7,9
07,001,RAWSON,02347,059326,0,0,27,119,21,14,6,7,35,19,14
07,002,BIEDMA,02371,059656,0,0,41,119,19,4,4,17,23,7,9
07,002,BIEDMA,02371,059674,0,0,41,119,16,4,16,13,26,12,20
07,002,BIEDMA,02374,059726,0,0,2,119,18,2,8,15,19,15,17
07,006,FUTALEUFÚ,02389,059826,0,0,36,119,26,7,3,29,6,12,18
07,015,ESCALANTE,02448,060279,0,0,32,119,44,15,6,6,10,2,5
07,015,ESCALANTE,02448,060288,0,0,36,119,24,11,7,8,13,7,13
07,015,ESCALANTE,02449,060307,0,0,41,119,32,10,3,2,15,0,15
07,015,ESCALANTE,02450,060322,0,0,38,119,4,10,12,33,13,3,14
07,015,ESCALANTE,02451,060349,0,0,36,119,22,11,10,10,11,9,6
07,015,ESCALANTE,02455,060455,0,0,3,0,119,8,11,5,20,7,2
07,015,ESCALANTE,02455,060477,0,0,58,119,14,16,5,14,7,0,7
07,001,RAWSON,02347,059324,0,0,20,118,24,10,4,12,47,4,16
07,002,BIEDMA,02370,059634,0,0,19,118,34,0,3,29,16,9,26
07,002,BIEDMA,02371,059653,0,0,28,118,17,2,6,24,22,15,9
07,005,CUSHAMEN,02382,059776,0,0,47,118,15,26,1,18,8,3,6
07,006,FUTALEUFÚ,02391,059869,0,0,21,118,24,9,4,39,2,15,12
07,014,SARMIENTO,02428,060024,0,0,32,118,16,19,0,19,2,5,6
07,015,ESCALANTE,02437,060111,0,0,3,118,55,10,6,8,10,2,14
07,015,ESCALANTE,02449,060310,0,0,0,118,19,0,5,7,12,3,14
07,015,ESCALANTE,02451,060375,0,0,47,118,27,8,7,13,12,4,7
07,015,ESCALANTE,02451,060379,0,0,31,118,25,16,10,11,22,7,7
07,015,ESCALANTE,02453,060405,0,0,26,118,49,7,8,17,9,7,11
07,015,ESCALANTE,02455,060505,0,0,4,118,19,17,6,6,24,9,5
07,002,BIEDMA,02371,059669,0,0,0,117,2,2,6,27,17,10,21
07,002,BIEDMA,02374,059736,0,0,0,117,17,2,11,15,12,7,13
07,014,SARMIENTO,02428,060029,0,0,41,117,17,9,1,15,25,4,3
07,015,ESCALANTE,02440,060138,0,0,39,117,26,13,5,8,7,8,7
07,015,ESCALANTE,02441,060153,0,0,0,117,35,17,6,9,13,11,13
07,015,ESCALANTE,02441,060164,0,0,57,117,13,7,5,32,7,12,17
07,015,ESCALANTE,02441,060175,0,0,0,117,32,9,6,15,12,15,14
07,015,ESCALANTE,02442,060193,0,0,33,117,42,27,4,6,4,9,12
07,015,ESCALANTE,02448,060289,0,0,45,117,33,7,13,10,13,5,13
07,015,ESCALANTE,02454,060441,0,0,30,117,30,13,8,10,9,12,12
07,001,RAWSON,02347,059340,0,0,14,116,11,16,5,20,41,14,17
07,001,RAWSON,02348,059347,0,0,39,116,16,2,2,13,23,9,21
07,002,BIEDMA,02369,059591,0,0,34,116,23,3,5,25,25,9,23
07,002,BIEDMA,02374,059738,0,0,40,116,15,1,11,17,22,9,17
07,006,FUTALEUFÚ,02390,059844,0,0,35,116,13,11,2,31,7,13,23
07,013,RÍO SENGER,02422,060003,0,0,39,116,4,67,0,7,1,2,0
07,015,ESCALANTE,02437,060112,0,0,48,116,45,7,6,10,6,7,10
07,015,ESCALANTE,02440,060139,0,0,37,116,24,13,7,5,9,9,11
07,015,ESCALANTE,02441,060171,0,0,47,116,32,21,6,11,6,15,10
07,015,ESCALANTE,02447,060276,0,0,0,116,8,15,8,24,12,3,9
07,015,ESCALANTE,02450,060327,0,0,42,116,34,16,5,1,10,11,12
07,015,ESCALANTE,02453,060427,0,0,38,116,40,19,10,10,7,9,21
07,005,CUSHAMEN,02382,059781,0,0,0,115,7,23,1,27,8,4,9
07,006,FUTALEUFÚ,02390,059856,0,0,37,115,19,12,2,25,4,14,15
07,008,TEHUELCHES,02408,059946,0,0,17,115,21,3,1,21,4,3,9
07,015,ESCALANTE,02438,060121,0,0,40,115,9,14,11,38,9,9,7
07,015,ESCALANTE,02438,060124,0,0,21,115,32,14,11,4,14,6,13
07,015,ESCALANTE,02447,060267,0,0,30,115,28,13,6,12,12,0,3
07,015,ESCALANTE,02449,060299,0,0,0,115,27,11,2,13,5,2,7
07,015,ESCALANTE,02449,060302,0,0,25,115,16,10,14,26,0,12,10
07,015,ESCALANTE,02451,060368,0,0,33,115,26,5,4,10,13,6,12
07,015,ESCALANTE,02455,060469,0,0,40,115,27,17,10,6,13,5,9
07,001,RAWSON,02364,059523,0,0,37,114,24,14,3,17,32,11,11
07,002,BIEDMA,02369,059615,0,0,38,114,27,3,5,20,23,6,21
07,005,CUSHAMEN,02380,059768,0,0,13,114,14,20,1,11,2,7,10
07,006,FUTALEUFÚ,02397,059924,0,0,13,114,40,3,1,34,2,15,14
07,006,FUTALEUFÚ,02399,059929,0,0,22,66,4,114,1,4,3,2,6
07,012,GAIMAN,02418,059993,0,0,23,114,25,14,5,13,6,6,15
07,014,SARMIENTO,02431,060049,0,0,39,114,13,7,2,10,6,0,2
07,015,ESCALANTE,02438,060116,0,0,38,114,43,14,7,5,2,8,14
07,015,ESCALANTE,02438,060123,0,0,42,114,31,17,15,3,3,9,4
07,015,ESCALANTE,02441,060168,0,0,31,114,45,8,0,15,8,16,13
07,015,ESCALANTE,02450,060325,0,0,44,114,30,17,9,16,9,0,8
07,001,RAWSON,02346,059310,0,0,49,113,14,9,7,8,2,9,13
07,001,RAWSON,02364,059513,0,0,35,113,13,6,9,13,39,13,24
07,006,FUTALEUFÚ,02397,059919,0,0,30,113,22,4,1,29,7,9,20
07,013,RÍO SENGER,02422,060002,0,0,25,113,15,43,2,15,1,4,2
07,015,ESCALANTE,02437,060107,0,0,30,113,55,14,13,10,10,4,10
07,015,ESCALANTE,02440,060140,0,0,35,113,35,7,6,10,8,7,8
07,015,ESCALANTE,02448,060286,0,0,29,113,43,20,12,0,4,0,0
07,015,ESCALANTE,02453,060407,0,0,23,113,40,24,7,4,12,0,0
07,015,ESCALANTE,02453,060434,0,0,0,113,58,14,6,10,11,7,16
07,002,BIEDMA,02369,059580,0,0,3,112,24,3,3,20,15,10,25
07,002,BIEDMA,02371,059643,0,0,36,112,20,0,2,21,17,9,16
07,002,BIEDMA,02372,059694,0,0,29,112,35,5,3,28,13,10,23
07,002,BIEDMA,02374,059719,0,0,33,112,21,1,4,12,29,13,12
07,005,CUSHAMEN,02380,059764,0,0,0,112,3,32,2,0,0,1,6
07,005,CUSHAMEN,02382,059782,0,0,33,112,15,14,1,26,9,6,9
07,006,FUTALEUFÚ,02390,059847,0,0,24,112,24,10,5,27,1,11,18
07,006,FUTALEUFÚ,02397,059920,0,0,24,112,25,1,2,26,1,13,23
07,008,TEHUELCHES,02408,059948,0,0,22,112,16,5,0,23,7,3,9
07,015,ESCALANTE,02437,060098,0,0,24,112,46,7,9,3,9,11,11
07,015,ESCALANTE,02440,060137,0,0,29,112,36,13,0,12,5,10,6
07,015,ESCALANTE,02448,060284,0,0,24,112,31,16,8,14,14,7,11
07,015,ESCALANTE,02448,060290,0,0,38,112,30,7,8,10,17,3,16
07,015,ESCALANTE,02451,060353,0,0,1,112,38,15,9,8,3,11,12
07,015,ESCALANTE,02454,060445,0,0,45,112,27,23,10,5,12,7,15
07,001,RAWSON,02347,059337,0,0,0,111,12,12,4,21,37,10,11
07,002,BIEDMA,02369,059604,0,0,40,111,18,6,4,15,19,11,28
07,005,CUSHAMEN,02381,059773,0,0,35,111,16,54,1,11,1,9,3
07,005,CUSHAMEN,02382,059779,0,0,41,111,34,26,0,15,8,5,16
07,014,SARMIENTO,02429,060041,0,0,35,111,24,7,0,16,16,0,3
07,015,ESCALANTE,02437,060104,0,0,29,111,51,5,5,14,9,5,0
07,015,ESCALANTE,02441,060159,0,0,51,111,31,20,8,12,12,13,10
07,015,ESCALANTE,02443,060200,0,0,0,111,65,13,5,74,9,7,14
07,015,ESCALANTE,02451,060344,0,0,48,111,43,10,9,7,11,9,9
07,015,ESCALANTE,02453,060423,0,0,37,111,49,8,8,2,10,9,15
07,001,RAWSON,02344,059284,0,0,50,110,15,6,7,7,37,6,11
07,001,RAWSON,02348,059346,0,0,40,110,17,1,5,22,18,12,14
07,002,BIEDMA,02369,059583,0,0,21,110,40,0,4,16,14,7,39
07,002,BIEDMA,02369,059593,0,0,32,110,21,3,3,31,24,11,18
07,002,BIEDMA,02371,059640,0,0,27,110,15,3,6,13,28,9,21
07,005,CUSHAMEN,02382,059778,0,0,41,110,19,24,0,25,5,5,8
07,005,CUSHAMEN,02387,059812,0,0,30,110,17,28,1,18,3,16,14
07,006,FUTALEUFÚ,02389,059820,0,0,27,110,31,9,6,28,3,13,9
07,015,ESCALANTE,02437,060108,0,0,0,110,43,11,8,6,13,7,6
07,015,ESCALANTE,02442,060185,0,0,38,110,47,9,0,10,10,10,13
07,015,ESCALANTE,02442,060190,0,0,45,110,38,10,7,14,10,7,21
07,015,ESCALANTE,02448,060278,0,0,34,110,38,11,15,11,4,5,13
07,015,ESCALANTE,02451,060381,0,0,37,110,48,22,8,8,11,7,13
07,015,ESCALANTE,02453,060430,0,0,53,110,42,0,9,7,17,10,9
07,001,RAWSON,02341,059217,0,0,46,109,20,24,6,34,5,5,3
07,001,RAWSON,02344,059282,0,0,29,109,13,9,9,10,32,8,18
07,001,RAWSON,02345,059301,0,0,34,109,14,9,7,10,40,4,15
07,001,RAWSON,02364,059514,0,0,23,109,22,9,5,13,31,12,11
07,001,RAWSON,02364,059520,0,0,25,109,12,6,7,10,49,11,12
07,002,BIEDMA,02369,059584,0,0,28,109,20,1,0,26,19,11,24
07,002,BIEDMA,02369,059602,0,0,35,109,17,2,7,29,22,10,25
07,002,BIEDMA,02371,059667,0,0,32,109,24,6,4,23,29,5,14
07,005,CUSHAMEN,02383,059798,0,0,42,109,11,48,1,20,1,8,4
07,006,FUTALEUFÚ,02397,059916,0,0,27,109,31,4,1,29,1,9,14
07,006,FUTALEUFÚ,02398,059926,0,0,13,109,9,1,1,18,2,6,9
07,015,ESCALANTE,02437,060105,0,0,4,109,36,12,9,11,13,16,16
07,015,ESCALANTE,02441,060152,0,0,23,109,9,11,6,48,13,6,7
07,015,ESCALANTE,02442,060187,0,0,0,71,109,15,1,0,22,0,8
07,015,ESCALANTE,02447,060269,0,0,53,109,23,12,6,6,7,0,17
07,015,ESCALANTE,02455,060468,0,0,28,109,23,18,10,4,23,6,12
07,015,ESCALANTE,02455,060490,0,0,55,109,19,13,14,25,13,3,14
07,001,RAWSON,02344,059288,0,0,28,108,9,7,9,14,42,6,9
07,001,RAWSON,02345,059303,0,0,37,108,19,9,6,16,28,15,17
07,001,RAWSON,02347,059319,0,0,50,108,9,11,15,8,40,13,20
07,002,BIEDMA,02372,059702,0,0,22,108,30,0,8,30,9,20,24
07,005,CUSHAMEN,02384,059803,0,0,15,108,24,20,0,16,0,22,6
07,006,FUTALEUFÚ,02391,059885,0,0,27,108,20,12,4,41,1,12,14
07,014,SARMIENTO,02429,060038,0,0,39,108,14,13,3,14,21,2,9
07,014,SARMIENTO,02429,060040,0,0,43,108,13,8,85,20,14,5,12
07,015,ESCALANTE,02446,060263,0,0,9,62,108,5,5,13,10,0,9
07,015,ESCALANTE,02448,060283,0,0,21,108,36,13,8,10,13,6,26
07,015,ESCALANTE,02451,060343,0,0,58,108,24,18,7,9,17,9,9
07,015,ESCALANTE,02451,060360,0,0,37,108,5,22,3,49,9,8,16
07,015,ESCALANTE,02451,060384,0,0,77,108,10,20,12,5,10,3,0
07,001,RAWSON,02347,059327,0,0,37,107,8,9,15,14,40,9,9
07,001,RAWSON,02349,059365,0,0,37,107,32,8,13,5,24,9,14
07,002,BIEDMA,02369,059599,0,0,3,107,37,1,6,19,22,15,23
07,002,BIEDMA,02369,059606,0,0,30,107,22,3,2,23,19,13,35
07,002,BIEDMA,02372,059696,0,0,23,107,34,2,4,33,15,12,15
07,002,BIEDMA,02372,059704,0,0,28,107,53,3,3,19,0,11,19
07,005,CUSHAMEN,02381,059769,0,0,28,107,11,50,2,6,1,13,5
07,005,CUSHAMEN,02382,059786,0,0,41,107,11,31,0,24,6,12,11
07,006,FUTALEUFÚ,02389,059831,0,0,27,107,17,8,8,29,4,6,20
07,006,FUTALEUFÚ,02390,059850,0,0,19,107,25,10,3,25,7,11,17
07,006,FUTALEUFÚ,02390,059857,0,0,43,107,24,11,8,34,4,5,19
07,006,FUTALEUFÚ,02391,059876,0,0,29,107,26,5,0,46,2,11,13
07,006,FUTALEUFÚ,02397,059914,0,0,1,107,19,4,3,28,1,15,14
07,006,FUTALEUFÚ,02397,059923,0,0,37,107,30,2,4,18,0,14,23
07,012,GAIMAN,02418,059994,0,0,20,107,30,8,2,21,12,5,16
07,013,RÍO SENGER,02422,060004,0,0,22,107,6,84,1,5,1,9,3
07,014,SARMIENTO,02429,060032,0,0,29,107,20,5,3,11,22,1,9
07,014,SARMIENTO,02429,060035,0,0,50,107,30,12,4,19,9,4,7
07,015,ESCALANTE,02433,060087,0,0,29,107,32,11,9,7,12,7,12
07,015,ESCALANTE,02437,060110,0,0,45,107,58,8,9,5,9,4,4
07,015,ESCALANTE,02441,060170,0,0,46,107,44,10,8,8,15,11,12
07,015,ESCALANTE,02441,060174,0,0,40,107,39,5,13,11,10,12,9
07,015,ESCALANTE,02449,060314,0,0,41,107,24,14,15,12,3,8,0
07,015,ESCALANTE,02451,060363,0,0,40,107,27,16,8,11,12,9,13
07,015,ESCALANTE,02451,060365,0,0,31,107,43,17,11,12,22,8,9
07,015,ESCALANTE,02451,060377,0,0,8,107,38,16,11,42,18,5,15
07,014,SARMIENTO,02430,060044,0,0,107,42,0,9,2,43,20,3,1
07,001,RAWSON,02346,059307,0,0,44,106,21,10,8,11,33,9,20
07,001,RAWSON,02347,059332,0,0,53,106,15,11,7,4,45,12,14
07,001,RAWSON,02348,059344,0,0,34,106,15,5,5,14,36,15,16
07,002,BIEDMA,02369,059592,0,0,0,106,20,0,7,26,16,15,25
07,002,BIEDMA,02371,059641,0,0,23,106,23,5,8,22,23,12,16
07,002,BIEDMA,02372,059699,0,0,26,106,39,3,5,23,23,15,16
07,005,CUSHAMEN,02382,059775,0,0,49,106,16,27,1,23,11,8,6
07,006,FUTALEUFÚ,02389,059815,0,0,34,106,26,14,5,19,4,9,24
07,006,FUTALEUFÚ,02397,059915,0,0,28,106,22,6,2,34,6,7,19
07,006,FUTALEUFÚ,02397,059918,0,0,24,106,22,5,1,39,4,13,15
07,006,FUTALEUFÚ,02399,059930,0,0,44,51,8,106,4,13,4,1,19
07,015,ESCALANTE,02448,060277,0,0,29,106,46,14,5,11,5,7,12
07,001,RAWSON,02345,059300,0,0,29,105,16,13,4,19,30,7,15
07,001,RAWSON,02347,059336,0,0,46,105,10,12,11,14,40,7,12
07,001,RAWSON,02348,059355,0,0,27,105,20,7,5,18,41,10,15
07,001,RAWSON,02349,059358,0,0,0,105,17,4,4,17,33,8,18
07,001,RAWSON,02364,059524,0,0,29,105,24,7,4,18,38,16,15
07,002,BIEDMA,02369,059595,0,0,28,105,24,3,3,33,15,12,24
07,002,BIEDMA,02369,059597,0,0,43,105,39,0,2,18,17,0,28
07,002,BIEDMA,02369,059603,0,0,29,105,21,1,8,19,19,15,24
07,002,BIEDMA,02369,059613,0,0,29,105,26,0,6,22,23,12,36
07,002,BIEDMA,02372,059693,0,0,4,105,44,2,1,31,14,14,23
07,002,BIEDMA,02372,059701,0,0,24,105,29,1,8,11,13,13,25
07,005,CUSHAMEN,02380,059765,0,0,2,105,22,14,2,8,5,2,12
07,006,FUTALEUFÚ,02389,059818,0,0,0,105,26,10,3,26,3,16,22
07,006,FUTALEUFÚ,02389,059822,0,0,32,105,39,10,2,28,1,11,19
07,006,FUTALEUFÚ,02389,059830,0,0,20,105,26,16,3,24,6,14,21
07,006,FUTALEUFÚ,02390,059852,0,0,38,105,28,5,4,19,7,15,17
07,006,FUTALEUFÚ,02393,059904,0,0,28,105,35,1,7,32,5,12,22
07,008,TEHUELCHES,02408,059943,0,0,21,105,24,2,3,17,5,0,21
07,014,SARMIENTO,02428,060026,0,0,40,105,20,5,4,26,26,8,3
07,014,SARMIENTO,02429,060039,0,0,53,105,26,5,0,18,14,0,4
07,015,ESCALANTE,02437,060097,0,0,40,105,36,6,5,11,16,3,11
07,015,ESCALANTE,02437,060101,0,0,35,105,51,12,9,7,6,14,5
07,015,ESCALANTE,02442,060186,0,0,2,105,42,17,7,5,16,6,11
07,015,ESCALANTE,02443,060198,0,0,22,105,8,9,8,13,8,11,13
07,015,ESCALANTE,02448,060293,0,0,0,105,37,19,4,15,7,10,8
07,015,ESCALANTE,02453,060433,0,0,32,105,59,14,6,7,13,5,10
07,001,RAWSON,02345,059296,0,0,33,104,16,5,5,11,31,11,16
07,001,RAWSON,02346,059312,0,0,52,104,14,17,8,9,40,8,11
07,001,RAWSON,02364,059511,0,0,25,104,21,2,9,19,33,12,15
07,002,BIEDMA,02369,059594,0,0,34,104,27,6,6,16,16,15,26
07,005,CUSHAMEN,02380,059766,0,0,0,104,21,0,22,10,2,7,14
07,005,CUSHAMEN,02382,059780,0,0,58,104,25,25,0,12,2,7,8
07,005,CUSHAMEN,02387,059811,0,0,28,104,27,33,1,17,2,12,7
07,006,FUTALEUFÚ,02390,059849,0,0,32,104,33,10,11,19,4,14,20
07,006,FUTALEUFÚ,02390,059854,0,0,59,104,27,4,7,31,4,12,3
07,006,FUTALEUFÚ,02391,059886,0,0,27,104,26,13,5,34,4,11,15
07,014,SARMIENTO,02428,060021,0,0,42,104,37,6,1,7,23,2,2
07,015,ESCALANTE,02442,060194,0,0,37,104,42,13,6,8,7,6,15
07,015,ESCALANTE,02443,060197,0,0,32,104,51,18,3,11,7,7,10
07,015,ESCALANTE,02447,060268,0,0,31,104,31,14,4,11,11,8,7
07,015,ESCALANTE,02447,060270,0,0,36,104,22,8,6,8,16,10,14
07,015,ESCALANTE,02448,060285,0,0,0,104,36,0,0,9,0,4,0
07,015,ESCALANTE,02451,060371,0,0,0,104,39,11,9,12,10,9,16
07,015,ESCALANTE,02453,060406,0,0,49,104,0,11,5,56,12,15,7
07,015,ESCALANTE,02453,060411,0,0,27,104,44,12,4,11,17,3,12
07,001,RAWSON,02346,059305,0,0,36,103,21,6,3,12,38,12,15
07,001,RAWSON,02347,059316,0,0,35,103,7,12,3,10,42,10,19
07,001,RAWSON,02347,059330,0,0,54,103,14,13,10,14,32,11,15
07,002,BIEDMA,02370,059630,0,0,34,103,31,3,3,26,21,11,24
07,002,BIEDMA,02370,059635,0,0,25,103,32,1,5,28,8,12,19
07,002,BIEDMA,02372,059687,0,0,22,103,18,4,5,41,19,19,26
07,006,FUTALEUFÚ,02389,059824,0,0,22,103,28,7,5,31,4,7,30
07,006,FUTALEUFÚ,02391,059871,0,0,23,103,2,12,3,12,2,19,9
07,011,F. AMEGHINO,02414,059966,0,0,38,103,11,11,4,8,25,5,7
07,012,GAIMAN,02418,059997,0,0,19,103,17,13,0,26,11,11,17
07,013,RÍO SENGER,02422,060006,0,0,7,103,10,75,1,6,0,5,2
07,014,SARMIENTO,02428,060020,0,0,45,103,28,4,1,15,14,4,17
07,015,ESCALANTE,02441,060149,0,0,42,103,39,12,9,19,14,15,10
07,015,ESCALANTE,02443,060203,0,0,41,103,64,9,3,7,8,10,10
07,015,ESCALANTE,02449,060305,0,0,35,103,30,15,10,3,14,5,16
07,015,ESCALANTE,02453,060426,0,0,35,103,39,10,13,6,9,11,8
07,015,ESCALANTE,02453,060435,0,0,28,103,51,15,15,9,6,11,10
07,015,ESCALANTE,02453,060436,0,0,47,103,53,11,13,8,10,4,9
07,001,RAWSON,02346,059313,0,0,1,102,8,11,6,20,36,13,15
07,002,BIEDMA,02369,059581,0,0,39,102,19,3,9,32,17,13,27
07,002,BIEDMA,02369,059596,0,0,33,102,29,6,6,13,22,10,34
07,005,CUSHAMEN,02383,059799,0,0,36,102,12,48,2,16,2,15,6
07,006,FUTALEUFÚ,02391,059890,0,0,28,102,21,12,4,32,2,14,14
07,006,FUTALEUFÚ,02391,059896,0,0,34,102,32,13,0,37,3,10,11
07,008,TEHUELCHES,02408,059947,0,0,24,102,27,8,3,13,3,7,9
07,014,SARMIENTO,02430,060046,0,0,40,102,28,10,2,14,11,3,6
07,015,ESCALANTE,02437,060099,0,0,49,102,40,12,17,9,5,6,8
07,015,ESCALANTE,02442,060183,0,0,3,102,8,19,2,50,8,15,14
07,015,ESCALANTE,02442,060192,0,0,38,102,40,12,7,11,10,10,21
07,015,ESCALANTE,02453,060413,0,0,0,102,48,14,13,12,12,9,17
07,015,ESCALANTE,02453,060422,0,0,29,102,53,21,13,8,11,6,5
07,001,RAWSON,02341,059237,0,0,102,68,23,7,4,29,3,7,15
07,015,ESCALANTE,02455,060504,0,0,102,92,20,15,1,4,16,3,1
07,001,RAWSON,02347,059322,0,0,27,101,18,11,4,11,49,9,20
07,001,RAWSON,02347,059338,0,0,48,101,22,11,5,14,30,9,15
07,001,RAWSON,02348,059349,0,0,31,101,14,8,4,19,32,11,22
07,001,RAWSON,02365,059528,0,0,24,101,22,10,6,16,38,10,11
07,002,BIEDMA,02369,059585,0,0,5,101,31,2,6,22,19,15,20
07,002,BIEDMA,02369,059588,0,0,21,101,30,2,4,38,17,15,20
07,002,BIEDMA,02370,059624,0,0,25,101,30,2,6,24,15,14,20
07,002,BIEDMA,02372,059692,0,0,41,101,33,1,6,28,11,17,34
07,002,BIEDMA,02372,059697,0,0,32,101,46,5,4,17,14,15,31
07,005,CUSHAMEN,02381,059774,0,0,0,101,23,52,0,11,1,11,7
07,005,CUSHAMEN,02383,059791,0,0,33,101,9,55,1,16,3,16,4
07,006,FUTALEUFÚ,02390,059843,0,0,0,101,29,8,4,33,4,10,20
07,006,FUTALEUFÚ,02391,059882,0,0,21,101,36,14,1,35,6,12,20
07,006,FUTALEUFÚ,02393,059900,0,0,27,101,24,4,3,42,10,13,14
07,006,FUTALEUFÚ,02397,059912,0,0,27,101,36,3,4,26,3,16,13
07,012,GAIMAN,02416,059984,0,0,58,101,30,12,5,33,7,7,6
07,014,SARMIENTO,02428,060028,0,0,45,101,25,7,1,12,19,7,5
07,014,SARMIENTO,02429,060037,0,0,56,101,23,12,1,16,11,0,8
07,015,ESCALANTE,02437,060096,0,0,35,101,50,12,4,8,9,13,12
07,015,ESCALANTE,02437,060113,0,0,42,101,44,5,0,4,9,11,8
07,015,ESCALANTE,02442,060191,0,0,34,101,3,16,8,52,12,13,19
07,015,ESCALANTE,02448,060280,0,0,30,101,46,10,11,9,11,6,10
07,015,ESCALANTE,02448,060281,0,0,26,101,46,10,10,5,9,2,15
07,015,ESCALANTE,02453,060410,0,0,47,101,60,9,11,2,13,6,10
07,001,RAWSON,02344,059292,0,0,60,100,14,13,8,8,52,4,9
07,001,RAWSON,02345,059302,0,0,27,100,18,7,5,18,29,15,13
07,001,RAWSON,02346,059306,0,0,44,100,17,11,6,9,31,9,17
07,001,RAWSON,02347,059341,0,0,44,100,15,3,16,5,37,12,16
07,001,RAWSON,02348,059351,0,0,49,100,20,5,6,19,40,10,14
07,001,RAWSON,02353,059401,0,0,22,100,24,7,9,11,22,11,26
07,002,BIEDMA,02369,059600,0,0,38,100,33,5,6,22,10,18,19
07,002,BIEDMA,02369,059607,0,0,0,100,40,5,0,16,16,14,0
07,002,BIEDMA,02370,059616,0,0,40,100,25,5,2,24,17,0,23
07,002,BIEDMA,02370,059619,0,0,25,100,28,3,7,34,10,13,15
07,002,BIEDMA,02372,059688,0,0,58,100,43,3,6,14,13,12,35
07,005,CUSHAMEN,02382,059785,0,0,44,100,23,24,0,28,2,9,9
07,005,CUSHAMEN,02384,059804,0,0,21,100,23,28,1,17,0,12,7
07,006,FUTALEUFÚ,02389,059827,0,0,35,100,27,16,3,27,1,19,11
07,006,FUTALEUFÚ,02390,059838,0,0,36,100,30,14,1,30,2,0,23
07,006,FUTALEUFÚ,02390,059839,0,0,28,100,42,8,5,24,3,14,21
07,006,FUTALEUFÚ,02390,059842,0,0,30,100,24,11,3,34,5,12,22
07,006,FUTALEUFÚ,02390,059861,0,0,39,100,27,5,2,22,2,10,22
07,006,FUTALEUFÚ,02399,059928,0,0,29,70,23,100,0,0,0,1,13
07,014,SARMIENTO,02428,060023,0,0,40,100,29,8,3,24,21,4,6
07,014,SARMIENTO,02428,060027,0,0,51,100,11,4,4,24,22,3,4
07,015,ESCALANTE,02438,060115,0,0,0,100,35,15,2,12,16,10,5
07,015,ESCALANTE,02443,060199,0,0,24,100,68,13,4,11,9,7,12
07,015,ESCALANTE,02443,060201,0,0,33,100,65,18,8,13,6,6,7
07,015,ESCALANTE,02448,060287,0,0,36,100,37,14,5,7,15,9,8
07,015,ESCALANTE,02452,060399,0,0,100,68,12,2,8,9,9,12,11
07,001,RAWSON,02346,059311,0,0,44,99,19,15,5,19,40,5,16
07,001,RAWSON,02348,059348,0,0,2,99,15,2,9,10,48,13,16
07,002,BIEDMA,02369,059611,0,0,30,99,37,1,3,16,11,19,32
07,002,BIEDMA,02372,059700,0,0,35,99,41,6,10,12,9,15,29
07,005,CUSHAMEN,02381,059771,0,0,4,99,17,42,0,15,2,6,13
07,005,CUSHAMEN,02383,059794,0,0,30,99,13,2,43,32,0,6,7
07,006,FUTALEUFÚ,02390,059845,0,0,40,99,17,8,3,34,5,18,20
07,014,SARMIENTO,02428,060030,0,0,0,99,26,11,1,29,13,5,7
07,015,ESCALANTE,02437,060100,0,0,34,99,55,14,3,14,11,14,8
07,015,ESCALANTE,02437,060106,0,0,2,99,43,11,10,11,6,10,0
07,015,ESCALANTE,02442,060179,0,0,44,99,41,12,6,13,17,7,8
07,001,RAWSON,02347,059320,0,0,37,98,10,17,5,9,61,7,20
07,001,RAWSON,02348,059354,0,0,27,98,21,7,2,13,33,15,17
07,001,RAWSON,02364,059515,0,0,42,98,13,3,8,15,41,6,12
07,001,RAWSON,02364,059516,0,0,41,98,11,9,3,17,51,13,0
07,001,RAWSON,02364,059518,0,0,48,98,17,10,5,17,40,14,16
07,002,BIEDMA,02370,059632,0,0,25,98,24,4,2,28,16,18,15
07,005,CUSHAMEN,02383,059787,0,0,43,98,10,48,1,21,0,8,0
07,006,FUTALEUFÚ,02389,059832,0,0,33,98,20,12,4,25,4,14,28
07,006,FUTALEUFÚ,02389,059835,0,0,23,98,18,11,6,36,9,13,20
07,006,FUTALEUFÚ,02390,059859,0,0,2,98,30,14,1,32,3,18,30
07,014,SARMIENTO,02429,060034,0,0,0,98,34,7,1,11,14,3,5
07,014,SARMIENTO,02430,060047,0,0,47,98,21,15,3,16,15,8,6
07,015,ESCALANTE,02437,060114,0,0,0,98,5,20,10,18,10,8,6
07,015,ESCALANTE,02443,060204,0,0,24,98,66,14,6,19,10,12,0
07,001,RAWSON,02345,059295,0,0,36,97,18,13,5,13,27,11,22
07,001,RAWSON,02345,059299,0,0,40,97,17,6,5,22,26,10,17
07,001,RAWSON,02347,059317,0,0,48,97,25,5,10,14,38,11,15
07,001,RAWSON,02347,059331,0,0,30,97,13,10,9,14,49,4,15
07,001,RAWSON,02347,059333,0,0,5,97,11,26,2,8,46,7,18
07,002,BIEDMA,02369,059614,0,0,30,97,29,1,8,26,14,11,29
07,005,CUSHAMEN,02380,059767,0,0,1,97,16,22,1,18,4,0,7
07,005,CUSHAMEN,02382,059777,0,0,61,97,12,26,4,21,7,9,6
07,006,FUTALEUFÚ,02391,059868,0,0,23,97,35,5,2,23,0,17,19
07,006,FUTALEUFÚ,02391,059878,0,0,29,97,37,10,1,32,3,16,21
07,006,FUTALEUFÚ,02391,059893,0,0,31,97,22,6,1,34,13,6,17
07,009,PASO DE LOS INDIOS,02410,059959,0,0,18,97,26,4,0,15,1,3,12
07,012,GAIMAN,02417,059988,0,0,9,97,26,5,1,28,10,6,12
07,015,ESCALANTE,02437,060102,0,0,0,97,52,11,4,12,4,12,15
07,015,ESCALANTE,02441,060146,0,0,50,97,46,17,9,11,16,8,7
07,015,ESCALANTE,02443,060212,0,0,31,96,97,8,6,7,5,4,8
07,001,RAWSON,02344,059286,0,0,36,96,13,18,0,14,37,9,10
07,001,RAWSON,02347,059342,0,0,30,96,17,9,9,13,45,15,18
07,001,RAWSON,02348,059350,0,0,38,96,15,4,3,11,39,9,17
07,002,BIEDMA,02369,059598,0,0,26,96,35,2,9,15,10,15,25
07,002,BIEDMA,02372,059703,0,0,44,96,34,1,12,25,18,12,19
07,002,BIEDMA,02374,059735,0,0,59,96,11,3,8,15,22,9,19
07,005,CUSHAMEN,02383,059795,0,0,40,96,16,0,1,17,45,10,2
07,014,SARMIENTO,02430,060042,0,0,44,96,31,9,1,13,22,5,7
07,014,SARMIENTO,02431,060050,0,0,33,96,6,15,2,6,14,3,2
07,015,ESCALANTE,02438,060125,0,0,45,96,32,15,9,12,18,10,6
07,015,ESCALANTE,02443,060216,0,0,38,96,63,14,5,8,6,10,15
07,015,ESCALANTE,02453,060414,0,0,0,96,61,10,6,11,6,10,7
07,015,ESCALANTE,02453,060416,0,0,29,96,51,8,9,7,6,7,21
07,001,RAWSON,02347,059323,0,0,32,95,15,17,10,14,36,7,13
07,001,RAWSON,02347,059325,0,0,34,95,11,11,13,18,41,14,18
07,001,RAWSON,02347,059328,0,0,29,95,16,19,5,12,49,12,21
07,001,RAWSON,02347,059339,0,0,30,95,10,17,10,18,49,13,23
07,001,RAWSON,02364,059517,0,0,28,95,29,9,7,12,37,12,16
07,002,BIEDMA,02369,059612,0,0,22,95,42,3,5,12,15,13,14
07,002,BIEDMA,02370,059629,0,0,29,95,30,2,6,35,12,10,22
07,006,FUTALEUFÚ,02391,059888,0,0,18,95,31,10,4,42,6,15,13
07,006,FUTALEUFÚ,02395,059908,0,0,9,95,3,7,0,6,1,0,3
07,012,GAIMAN,02415,059976,0,0,40,95,27,11,0,45,9,4,22
07,012,GAIMAN,02418,059996,0,0,39,95,34,8,0,19,11,5,0
07,014,SARMIENTO,02428,060019,0,0,41,95,25,15,2,18,0,2,6
07,014,SARMIENTO,02428,060025,0,0,68,95,25,11,0,20,10,6,0
07,015,ESCALANTE,02438,060118,0,0,44,95,42,17,6,7,9,6,12
07,015,ESCALANTE,02443,060202,0,0,31,95,56,28,4,9,10,4,9
07,015,ESCALANTE,02443,060219,0,0,26,79,95,12,7,6,6,8,11
07,015,ESCALANTE,02453,060415,0,0,0,95,56,5,16,15,8,8,6
07,015,ESCALANTE,02453,060438,0,0,32,95,56,12,13,9,6,11,27
07,001,RAWSON,02348,059353,0,0,33,94,32,8,11,11,30,12,20
07,001,RAWSON,02353,059399,0,0,47,94,24,4,12,35,29,8,19
07,002,BIEDMA,02369,059578,0,0,30,94,26,3,6,16,18,10,16
07,002,BIEDMA,02370,059620,0,0,16,94,23,6,2,31,16,13,20
07,005,CUSHAMEN,02386,059807,0,0,25,94,12,32,1,9,0,4,4
07,006,FUTALEUFÚ,02397,059917,0,0,26,94,48,5,4,24,3,10,16
07,006,FUTALEUFÚ,02398,059925,0,0,16,94,10,4,3,11,5,3,12
07,006,FUTALEUFÚ,02399,059927,0,0,36,70,3,94,3,4,1,3,12
07,015,ESCALANTE,02432,060062,0,0,22,44,94,7,4,34,4,9,28
07,015,ESCALANTE,02442,060180,0,0,33,94,51,10,5,10,11,7,23
07,015,ESCALANTE,02442,060181,0,0,9,94,47,2,6,50,9,11,14
07,015,ESCALANTE,02442,060184,0,0,1,94,47,5,12,8,14,16,11
07,015,ESCALANTE,02453,060419,0,0,0,94,46,16,7,57,7,0,14
07,005,CUSHAMEN,02381,059770,0,0,94,47,13,51,1,4,1,8,6
07,001,RAWSON,02347,059315,0,0,51,9,23,10,93,6,48,4,12
07,001,RAWSON,02365,059527,0,0,23,93,20,7,3,13,42,43,19
07,002,BIEDMA,02369,059590,0,0,29,93,30,3,6,23,17,20,25
07,006,FUTALEUFÚ,02391,059879,0,0,25,93,33,18,2,25,1,12,12
07,011,F. AMEGHINO,02414,059965,0,0,0,93,15,11,6,11,43,2,3
07,011,F. AMEGHINO,02414,059968,0,0,63,93,15,2,11,9,29,3,0
07,012,GAIMAN,02415,059973,0,0,0,93,24,12,1,28,21,6,13
07,014,SARMIENTO,02428,060022,0,0,32,93,24,11,1,31,16,2,10
07,015,ESCALANTE,02448,060282,0,0,38,93,52,9,7,8,12,3,14
07,015,ESCALANTE,02448,060294,0,0,1,93,14,16,8,35,9,7,0
07,015,ESCALANTE,02448,060295,0,0,38,93,36,12,8,10,14,8,12
07,015,ESCALANTE,02453,060404,0,0,40,93,45,12,4,6,12,10,14
07,015,ESCALANTE,02453,060420,0,0,22,93,66,12,14,13,4,5,7
07,015,ESCALANTE,02453,060421,0,0,36,93,48,12,13,9,9,4,9
07,015,ESCALANTE,02453,060428,0,0,0,93,53,14,12,5,13,5,15
07,015,ESCALANTE,02455,060457,0,0,2,93,18,14,11,9,10,6,9
07,001,RAWSON,02363,059510,0,0,34,92,29,4,10,28,35,18,33
07,002,BIEDMA,02369,059587,0,0,35,92,24,5,1,36,20,12,30
07,002,BIEDMA,02372,059686,0,0,31,92,52,1,4,12,25,12,23
07,005,CUSHAMEN,02383,059793,0,0,33,92,15,37,4,15,3,20,5
07,006,FUTALEUFÚ,02389,059825,0,0,30,92,34,12,5,33,3,18,16
07,006,FUTALEUFÚ,02390,059860,0,0,0,92,40,6,6,16,2,9,16
07,006,FUTALEUFÚ,02391,059887,0,0,23,92,24,3,1,37,5,10,26
07,007,LANGUIÑEO,02402,059934,0,0,54,68,0,92,2,17,1,0,3
07,012,GAIMAN,02418,059992,0,0,23,92,26,12,5,35,13,5,10
07,015,ESCALANTE,02432,060052,0,0,17,67,92,8,1,23,2,6,21
07,015,ESCALANTE,02433,060089,0,0,21,92,42,18,5,9,24,8,8
07,015,ESCALANTE,02437,060109,0,0,41,92,52,11,8,11,8,9,13
07,015,ESCALANTE,02443,060220,0,0,48,92,62,6,4,14,2,9,9
07,015,ESCALANTE,02443,060221,0,0,34,92,65,11,4,16,10,10,10
07,015,ESCALANTE,02453,060432,0,0,43,92,52,10,8,14,13,6,14
07,001,RAWSON,02363,059500,0,0,31,91,38,7,10,28,28,15,24
07,001,RAWSON,02364,059519,0,0,27,91,17,8,7,17,52,8,7
07,001,RAWSON,02364,059522,0,0,39,91,21,3,5,16,32,17,14
07,005,CUSHAMEN,02383,059797,0,0,38,91,18,49,0,19,2,10,6
07,006,FUTALEUFÚ,02389,059828,0,0,43,91,27,10,3,16,4,13,21
07,006,FUTALEUFÚ,02391,059865,0,0,28,91,32,10,4,40,1,13,16
07,006,FUTALEUFÚ,02393,059906,0,0,26,91,39,4,3,37,5,9,23
07,008,TEHUELCHES,02408,059945,0,0,21,91,23,6,1,17,5,4,11
07,012,GAIMAN,02416,059979,0,0,33,91,52,17,1,17,10,10,18
07,015,ESCALANTE,02445,060245,0,0,17,63,91,9,6,12,7,5,10
07,001,RAWSON,02344,059285,0,0,38,90,25,11,9,14,0,6,11
07,001,RAWSON,02345,059297,0,0,26,90,24,5,6,15,35,8,17
07,001,RAWSON,02346,059308,0,0,51,90,15,17,5,17,36,7,21
07,001,RAWSON,02347,059343,0,0,35,90,22,17,10,9,49,14,16
07,001,RAWSON,02349,059360,0,0,30,90,19,9,7,23,25,9,17
07,001,RAWSON,02349,059362,0,0,31,90,29,8,10,26,32,5,17
07,002,BIEDMA,02368,059575,0,0,28,90,34,3,4,49,5,10,23
07,002,BIEDMA,02372,059698,0,0,1,90,31,3,8,34,12,16,21
07,006,FUTALEUFÚ,02389,059814,0,0,33,90,31,9,7,27,7,12,16
07,006,FUTALEUFÚ,02389,059821,0,0,25,90,27,9,1,37,2,15,15
07,006,FUTALEUFÚ,02391,059866,0,0,16,90,29,7,1,48,4,9,22
07,006,FUTALEUFÚ,02391,059892,0,0,16,90,27,8,5,37,3,13,15
07,013,RÍO SENGER,02424,060010,0,0,2,90,23,33,7,47,4,0,11
07,015,ESCALANTE,02438,060122,0,0,63,90,34,10,8,28,6,11,0
07,015,ESCALANTE,02443,060215,0,0,29,90,66,20,3,9,5,14,10
07,015,ESCALANTE,02443,060218,0,0,21,90,67,15,7,15,12,9,16
07,015,ESCALANTE,02446,060256,0,0,24,67,90,12,12,12,3,6,9
07,001,RAWSON,02341,059253,0,0,56,89,27,26,5,26,11,8,12
07,001,RAWSON,02344,059293,0,0,0,89,20,7,19,8,36,6,19
07,001,RAWSON,02349,059361,0,0,18,89,22,7,6,23,35,9,21
07,002,BIEDMA,02369,059605,0,0,34,89,39,4,2,16,16,10,19
07,002,BIEDMA,02370,059617,0,0,31,89,29,4,2,23,19,15,29
07,002,BIEDMA,02370,059627,0,0,16,89,31,3,5,35,19,8,30
07,005,CUSHAMEN,02384,059805,0,0,27,89,17,25,0,39,1,10,8
07,006,FUTALEUFÚ,02391,059870,0,0,23,89,32,5,0,50,5,15,13
07,009,PASO DE LOS INDIOS,02410,059957,0,0,18,89,16,5,0,24,3,0,13
07,012,GAIMAN,02416,059985,0,0,44,89,35,8,1,49,15,4,10
07,014,SARMIENTO,02430,060043,0,0,55,89,31,10,3,17,13,4,9
07,015,ESCALANTE,02433,060088,0,0,20,89,51,12,5,4,11,7,9
07,015,ESCALANTE,02443,060224,0,0,0,89,62,15,1,12,8,10,13
07,001,RAWSON,02347,059329,0,0,36,88,14,14,8,12,48,10,12
07,001,RAWSON,02364,059512,0,0,42,88,27,16,5,25,24,12,1
07,002,BIEDMA,02370,059621,0,0,27,88,27,2,3,32,15,13,27
07,002,BIEDMA,02370,059626,0,0,31,88,28,1,5,39,8,7,26
07,002,BIEDMA,02370,059636,0,0,27,88,41,2,4,40,11,10,24
07,005,CUSHAMEN,02383,059800,0,0,39,88,14,45,0,14,0,15,5
07,005,CUSHAMEN,02383,059801,0,0,1,88,25,41,0,11,0,11,4
07,006,FUTALEUFÚ,02389,059816,0,0,24,88,32,11,7,25,2,13,17
07,006,FUTALEUFÚ,02390,059862,0,0,3,88,15,10,4,48,8,10,12
07,006,FUTALEUFÚ,02391,059894,0,0,29,88,24,6,1,38,4,22,20
07,006,FUTALEUFÚ,02393,059903,0,0,0,88,28,4,6,46,3,11,29
07,009,PASO DE LOS INDIOS,02410,059960,0,0,29,88,25,3,1,14,2,0,8
07,014,SARMIENTO,02429,060031,0,0,35,88,30,11,4,13,11,1,2
07,015,ESCALANTE,02442,060196,0,0,40,88,38,9,8,11,7,11,26
07,015,ESCALANTE,02443,060207,0,0,43,68,88,12,4,4,7,9,17
07,015,ESCALANTE,02453,060417,0,0,0,88,50,13,15,11,8,0,13
07,001,RAWSON,02341,059218,0,0,88,60,28,22,5,21,9,2,8
07,001,RAWSON,02341,059232,0,0,88,53,35,14,4,30,9,6,12
07,001,RAWSON,02349,059364,0,0,30,87,31,9,7,10,33,11,16
07,001,RAWSON,02363,059497,0,0,44,87,25,10,11,35,41,9,27
07,001,RAWSON,02365,059531,0,0,43,87,18,13,3,14,40,13,12
07,002,BIEDMA,02367,059551,0,0,1,87,59,2,5,34,8,11,26
07,002,BIEDMA,02370,059622,0,0,23,87,42,2,2,31,11,9,24
07,002,BIEDMA,02372,059691,0,0,0,87,40,2,3,30,16,17,26
07,002,BIEDMA,02372,059695,0,0,32,87,40,1,3,19,19,23,23
07,005,CUSHAMEN,02383,059792,0,0,32,87,18,46,0,19,0,10,7
07,006,FUTALEUFÚ,02397,059921,0,0,26,87,20,4,3,39,4,12,24
07,012,GAIMAN,02415,059974,0,0,38,87,17,13,3,45,9,8,12
07,013,RÍO SENGER,02422,060005,0,0,0,87,8,81,2,8,1,3,4
07,015,ESCALANTE,02444,060233,0,0,22,63,87,9,5,14,8,11,6
07,015,ESCALANTE,02448,060291,0,0,1,87,41,5,8,6,5,8,9
07,001,RAWSON,02339,059200,0,0,61,86,22,20,3,17,7,3,4
07,001,RAWSON,02342,059259,0,0,53,86,23,31,0,17,5,5,6
07,001,RAWSON,02347,059321,0,0,41,86,11,10,7,13,45,13,26
07,002,BIEDMA,02367,059562,0,0,17,86,58,7,1,31,9,23,18
07,002,BIEDMA,02368,059567,0,0,16,86,62,4,5,20,13,14,25
07,005,CUSHAMEN,02383,059788,0,0,33,86,10,47,1,30,2,17,9
07,001,RAWSON,02342,059261,0,0,67,85,17,27,3,18,8,5,9
07,001,RAWSON,02344,059287,0,0,49,85,0,10,6,20,43,13,14
07,001,RAWSON,02345,059298,0,0,26,85,19,9,2,18,58,12,12
07,001,RAWSON,02349,059359,0,0,39,85,22,10,3,31,31,13,18
07,002,BIEDMA,02367,059560,0,0,18,85,57,1,3,46,9,15,22
07,002,BIEDMA,02367,059563,0,0,29,85,46,3,1,38,11,13,29
07,002,BIEDMA,02372,059690,0,0,31,85,67,3,3,7,13,13,25
07,012,GAIMAN,02415,059975,0,0,47,85,18,15,2,34,20,9,10
07,015,ESCALANTE,02432,060081,0,0,24,66,85,5,2,24,2,16,19
07,015,ESCALANTE,02441,060155,0,0,24,85,52,14,11,8,11,8,14
07,015,ESCALANTE,02443,060209,0,0,27,85,78,19,3,4,10,8,9
07,015,ESCALANTE,02443,060211,0,0,36,85,70,9,3,11,10,8,10
07,015,ESCALANTE,02453,060408,0,0,33,85,61,10,11,12,11,6,5
07,015,ESCALANTE,02453,060409,0,0,40,85,61,12,16,16,7,9,0
07,001,RAWSON,02341,059249,0,0,69,84,26,23,5,17,8,5,14
07,001,RAWSON,02349,059368,0,0,44,84,44,5,4,25,41,6,18
07,001,RAWSON,02363,059499,0,0,26,84,29,6,4,30,43,11,28
07,001,RAWSON,02363,059506,0,0,15,84,52,10,9,25,28,9,21
07,002,BIEDMA,02368,059565,0,0,22,84,47,0,4,45,9,3,23
07,002,BIEDMA,02372,059689,0,0,29,84,39,6,3,26,25,20,27
07,006,FUTALEUFÚ,02389,059819,0,0,30,84,29,15,1,38,5,12,23
07,006,FUTALEUFÚ,02391,059872,0,0,38,84,40,10,3,38,2,21,16
07,007,LANGUIÑEO,02404,059937,0,0,27,84,0,24,2,25,15,4,3
07,015,ESCALANTE,02432,060059,0,0,0,63,84,4,3,37,4,16,16
07,015,ESCALANTE,02443,060213,0,0,32,81,84,17,2,5,2,13,14
07,015,ESCALANTE,02443,060225,0,0,32,84,40,11,4,11,6,7,13
07,015,ESCALANTE,02444,060229,0,0,26,84,56,9,1,18,5,9,10
07,015,ESCALANTE,02445,060247,0,0,31,47,84,12,4,10,9,7,20
07,015,ESCALANTE,02453,060437,0,0,50,84,54,11,7,9,8,15,12
07,001,RAWSON,02363,059494,0,0,21,83,39,3,8,28,32,19,28
07,002,BIEDMA,02367,059537,0,0,37,83,56,6,2,29,11,18,23
07,002,BIEDMA,02367,059541,0,0,24,83,51,3,4,32,4,16,34
07,002,BIEDMA,02370,059633,0,0,22,83,29,3,6,29,8,11,22
07,002,BIEDMA,02372,059705,0,0,0,83,40,2,2,25,15,12,28
07,005,CUSHAMEN,02382,059783,0,0,62,83,22,26,1,18,6,14,3
07,006,FUTALEUFÚ,02391,059891,0,0,35,83,43,4,4,37,1,18,23
07,006,FUTALEUFÚ,02393,059905,0,0,21,83,16,2,1,57,0,14,13
07,012,GAIMAN,02417,059990,0,0,4,83,29,9,2,23,5,5,12
07,012,GAIMAN,02419,059998,0,0,23,69,28,9,0,83,10,3,13
07,015,ESCALANTE,02432,060061,0,0,26,57,83,1,3,46,3,13,30
07,015,ESCALANTE,02433,060090,0,0,32,83,38,9,3,5,13,11,11
07,015,ESCALANTE,02452,060390,0,0,0,83,78,12,1,9,6,9,15
07,001,RAWSON,02349,059367,0,0,28,82,28,4,6,18,38,10,15
07,005,CUSHAMEN,02383,059790,0,0,31,82,24,42,0,30,4,16,3
07,006,FUTALEUFÚ,02389,059834,0,0,34,82,40,9,6,27,2,13,19
07,006,FUTALEUFÚ,02391,059895,0,0,22,82,40,10,5,38,3,13,13
07,006,FUTALEUFÚ,02393,059901,0,0,26,82,29,5,2,45,4,21,22
07,009,PASO DE LOS INDIOS,02410,059958,0,0,15,82,21,6,2,19,7,2,8
07,012,GAIMAN,02416,059987,0,0,43,82,25,13,1,56,16,6,21
07,013,RÍO SENGER,02424,060015,0,0,3,82,29,46,0,14,2,3,5
07,015,ESCALANTE,02432,060084,0,0,19,63,82,3,1,29,0,14,29
07,015,ESCALANTE,02443,060208,0,0,57,38,82,16,4,12,8,2,15
07,015,ESCALANTE,02444,060232,0,0,38,54,82,0,0,8,9,7,15
07,015,ESCALANTE,02446,060262,0,0,0,0,82,16,7,14,5,16,15
07,015,ESCALANTE,02452,060393,0,0,25,66,82,11,6,14,8,6,11
07,015,ESCALANTE,02452,060397,0,0,17,80,82,10,4,11,4,6,19
07,001,RAWSON,02341,059242,0,0,82,61,24,31,9,15,9,5,10
07,001,RAWSON,02345,059304,0,0,34,81,22,5,8,12,39,9,21
07,001,RAWSON,02363,059496,0,0,31,81,42,2,11,28,37,10,30
07,002,BIEDMA,02367,059539,0,0,17,81,69,2,4,35,11,7,26
07,002,BIEDMA,02367,059550,0,0,30,81,52,1,8,36,11,9,24
07,006,FUTALEUFÚ,02391,059873,0,0,19,81,34,12,8,47,2,12,15
07,006,FUTALEUFÚ,02391,059889,0,0,18,81,27,7,7,38,6,16,19
07,011,F. AMEGHINO,02414,059969,0,0,66,81,20,11,9,10,32,1,2
07,012,GAIMAN,02416,059982,0,0,31,81,23,16,9,44,19,8,19
07,012,GAIMAN,02419,059999,0,0,27,81,41,10,1,52,7,7,7
07,015,ESCALANTE,02443,060206,0,0,36,81,78,11,3,9,7,6,10
07,015,ESCALANTE,02443,060217,0,0,33,81,74,13,5,10,4,16,12
07,015,ESCALANTE,02445,060242,0,0,27,81,79,9,6,5,2,7,10
07,015,ESCALANTE,02446,060261,0,0,0,15,81,0,5,8,6,12,8
07,015,ESCALANTE,02452,060401,0,0,0,66,81,10,5,12,6,8,12
07,015,ESCALANTE,02452,060402,0,0,25,81,65,14,9,16,10,5,18
07,001,RAWSON,02354,059413,0,0,27,80,30,6,11,27,28,11,11
07,001,RAWSON,02354,059415,0,0,20,80,33,7,2,28,25,13,21
07,002,BIEDMA,02367,059561,0,0,0,80,43,4,3,34,12,16,31
07,002,BIEDMA,02368,059566,0,0,23,80,52,3,1,42,9,12,17
07,006,FUTALEUFÚ,02389,059833,0,0,24,80,39,8,4,27,5,13,19
07,006,FUTALEUFÚ,02391,059863,0,0,27,80,39,9,3,43,5,13,13
07,006,FUTALEUFÚ,02391,059874,0,0,25,80,39,9,3,39,0,18,18
07,006,FUTALEUFÚ,02391,059881,0,0,23,80,44,6,2,33,7,12,26
07,006,FUTALEUFÚ,02391,059898,0,0,32,80,34,4,7,32,4,8,26
07,011,F. AMEGHINO,02414,059967,0,0,51,80,23,10,6,7,31,5,4
07,015,ESCALANTE,02432,060067,0,0,23,63,80,2,1,24,3,8,32
07,015,ESCALANTE,02432,060080,0,0,18,54,80,4,5,53,3,6,18
07,015,ESCALANTE,02443,060205,0,0,20,80,74,16,3,12,8,8,16
07,015,ESCALANTE,02445,060250,0,0,33,80,58,4,2,10,7,7,14
07,015,ESCALANTE,02446,060257,0,0,22,80,73,5,3,9,6,3,15
07,015,ESCALANTE,02446,060258,0,0,20,80,66,13,4,9,5,5,14
07,015,ESCALANTE,02446,060259,0,0,80,8,80,12,8,7,8,3,19
07,015,ESCALANTE,02452,060398,0,0,21,80,70,16,1,10,7,8,9
07,015,ESCALANTE,02453,060431,0,0,47,80,58,15,9,10,16,6,11
07,001,RAWSON,02341,059252,0,0,80,74,21,3,0,30,38,7,6
07,002,BIEDMA,02368,059572,0,0,19,79,77,2,1,11,8,11,26
07,006,FUTALEUFÚ,02392,059899,0,0,11,79,25,1,0,19,1,9,13
07,015,ESCALANTE,02432,060071,0,0,18,58,79,3,3,37,0,11,20
07,015,ESCALANTE,02443,060223,0,0,39,79,72,12,7,15,8,12,13
07,015,ESCALANTE,02452,060392,0,0,29,79,78,11,2,8,12,7,9
07,015,ESCALANTE,02452,060396,0,0,31,68,79,7,4,8,14,5,10
07,015,ESCALANTE,02452,060403,0,0,22,79,77,10,7,8,7,5,7
07,015,ESCALANTE,02453,060429,0,0,79,72,45,7,7,6,10,9,0
07,001,RAWSON,02345,059294,0,0,31,78,23,8,7,16,37,9,19
07,001,RAWSON,02349,059363,0,0,0,78,36,4,11,29,21,7,20
07,001,RAWSON,02363,059502,0,0,48,78,38,12,7,22,32,16,22
07,002,BIEDMA,02367,059538,0,0,26,78,48,1,4,39,7,15,26
07,002,BIEDMA,02367,059556,0,0,24,73,78,1,3,20,6,11,27
07,002,BIEDMA,02367,059558,0,0,39,66,78,2,1,30,10,14,23
07,002,BIEDMA,02369,059582,0,0,23,78,35,3,10,30,14,13,33
07,002,BIEDMA,02369,059610,0,0,35,78,47,5,4,27,11,15,22
07,006,FUTALEUFÚ,02389,059829,0,0,33,78,31,12,4,36,3,18,17
07,006,FUTALEUFÚ,02393,059902,0,0,26,78,40,2,4,41,4,13,14
07,006,FUTALEUFÚ,02395,059909,0,0,12,78,3,5,0,4,1,3,5
07,015,ESCALANTE,02432,060070,0,0,21,62,78,5,2,40,2,6,18
07,015,ESCALANTE,02432,060079,0,0,19,55,78,6,2,39,1,11,30
07,015,ESCALANTE,02444,060231,0,0,36,59,78,5,10,4,4,2,13
07,015,ESCALANTE,02445,060244,0,0,39,78,48,6,1,14,6,11,19
07,015,ESCALANTE,02452,060391,0,0,28,77,78,14,4,13,16,8,13
07,001,RAWSON,02353,059396,0,0,0,77,14,9,12,22,30,23,26
07,001,RAWSON,02363,059504,0,0,1,77,33,10,6,25,32,15,20
07,001,RAWSON,02365,059525,0,0,20,77,15,10,5,20,38,11,12
07,002,BIEDMA,02368,059568,0,0,23,77,60,2,2,30,11,10,21
07,002,BIEDMA,02370,059625,0,0,30,77,39,4,4,20,21,8,21
07,005,CUSHAMEN,02383,059789,0,0,52,77,14,50,0,27,2,10,8
07,006,FUTALEUFÚ,02391,059875,0,0,17,77,33,5,3,35,2,22,22
07,006,FUTALEUFÚ,02391,059880,0,0,31,77,49,7,2,25,2,8,20
07,012,GAIMAN,02415,059972,0,0,28,77,35,18,7,48,20,4,11
07,015,ESCALANTE,02432,060057,0,0,27,52,77,2,0,45,1,13,25
07,015,ESCALANTE,02444,060227,0,0,23,77,64,12,4,16,7,6,13
07,015,ESCALANTE,02446,060254,0,0,0,67,77,1,13,9,27,11,19
07,015,ESCALANTE,02452,060400,0,0,36,58,77,11,6,16,4,5,12
07,001,RAWSON,02341,059234,0,0,77,66,27,27,5,28,7,6,0
07,001,RAWSON,02341,059238,0,0,77,50,15,31,10,25,17,6,6
07,001,RAWSON,02340,059215,0,0,61,76,26,28,8,19,6,9,9
07,001,RAWSON,02348,059345,0,0,37,76,10,6,9,22,48,7,27
07,001,RAWSON,02349,059366,0,0,34,76,31,8,11,15,27,14,9
07,001,RAWSON,02352,059390,0,0,15,76,36,7,6,35,15,14,28
07,001,RAWSON,02353,059398,0,0,35,76,23,13,3,18,23,24,32
07,001,RAWSON,02357,059444,0,0,30,76,54,8,6,19,24,15,22
07,001,RAWSON,02366,059535,0,0,25,76,20,12,5,26,45,17,21
07,002,BIEDMA,02367,059548,0,0,26,76,58,2,3,50,5,14,21
07,002,BIEDMA,02367,059549,0,0,20,76,42,0,1,49,14,16,22
07,002,BIEDMA,02370,059628,0,0,25,76,25,3,5,32,19,15,29
07,006,FUTALEUFÚ,02389,059823,0,0,38,76,35,10,6,33,1,17,18
07,006,FUTALEUFÚ,02391,059883,0,0,39,76,46,5,2,33,5,15,8
07,012,GAIMAN,02416,059983,0,0,43,76,27,9,1,53,10,10,11
07,015,ESCALANTE,02432,060068,0,0,27,43,58,6,3,76,3,6,21
07,015,ESCALANTE,02443,060214,0,0,0,51,72,9,5,76,13,0,12
07,015,ESCALANTE,02444,060236,0,0,26,76,48,10,3,17,5,12,11
07,015,ESCALANTE,02445,060243,0,0,38,59,76,7,6,7,7,9,18
07,015,ESCALANTE,02445,060252,0,0,0,76,64,9,2,17,4,4,15
07,015,ESCALANTE,02446,060260,0,0,23,73,76,12,7,16,3,11,7
07,001,RAWSON,02340,059205,0,0,76,66,29,29,2,21,4,9,9
07,001,RAWSON,02341,059231,0,0,76,55,33,32,13,14,11,3,6
07,015,ESCALANTE,02453,060418,0,0,76,50,45,13,9,6,7,9,15
07,001,RAWSON,02340,059214,0,0,51,75,27,17,0,29,4,8,6
07,001,RAWSON,02341,059224,0,0,55,75,31,26,4,21,15,9,8
07,001,RAWSON,02341,059248,0,0,3,75,22,31,4,29,1,7,14
07,001,RAWSON,02343,059271,0,0,0,75,55,26,6,19,10,11,15
07,001,RAWSON,02356,059429,0,0,20,75,40,7,7,42,4,15,26
07,001,RAWSON,02363,059495,0,0,38,75,47,5,7,15,24,15,24
07,002,BIEDMA,02367,059540,0,0,20,75,54,6,1,39,8,16,25
07,002,BIEDMA,02368,059576,0,0,25,75,48,3,2,29,8,14,36
07,009,PASO DE LOS INDIOS,02410,059956,0,0,14,75,27,9,0,20,10,3,7
07,015,ESCALANTE,02432,060051,0,0,27,75,64,3,2,35,4,15,28
07,015,ESCALANTE,02432,060085,0,0,22,66,75,5,3,31,0,14,29
07,015,ESCALANTE,02437,060103,0,0,53,75,63,9,13,8,13,5,0
07,015,ESCALANTE,02443,060222,0,0,29,0,75,9,6,21,10,13,19
07,015,ESCALANTE,02446,060266,0,0,1,75,59,14,7,9,4,4,15
07,001,RAWSON,02341,059245,0,0,75,56,25,26,7,25,7,6,6
07,001,RAWSON,02341,059240,0,0,67,74,24,26,4,19,16,4,9
07,001,RAWSON,02343,059281,0,0,61,74,38,19,1,31,9,10,11
07,002,BIEDMA,02367,059544,0,0,9,74,59,5,1,35,11,20,25
07,002,BIEDMA,02367,059557,0,0,14,74,41,2,1,47,15,16,25
07,015,ESCALANTE,02432,060083,0,0,31,56,74,3,1,49,2,13,25
07,001,RAWSON,02341,059236,0,0,74,64,22,26,6,23,9,8,8
07,001,RAWSON,02342,059255,0,0,74,55,24,36,6,9,7,0,8
07,001,RAWSON,02342,059257,0,0,74,71,11,34,6,23,4,8,2
07,001,RAWSON,02342,059260,0,0,74,68,19,26,5,13,6,3,17
07,001,RAWSON,02341,059251,0,0,66,73,24,23,3,29,10,15,5
07,001,RAWSON,02343,059267,0,0,47,73,38,23,2,33,7,5,10
07,001,RAWSON,02343,059277,0,0,18,73,38,19,4,41,4,8,15
07,001,RAWSON,02353,059397,0,0,40,73,30,6,6,21,26,13,32
07,001,RAWSON,02354,059412,0,0,28,73,51,8,7,18,14,19,14
07,001,RAWSON,02357,059437,0,0,20,73,48,3,2,38,18,17,18
07,001,RAWSON,02357,059441,0,0,10,73,43,12,6,26,23,16,28
07,001,RAWSON,02363,059498,0,0,0,73,59,5,6,28,30,11,22
07,001,RAWSON,02366,059534,0,0,22,73,27,8,12,19,64,20,10
07,002,BIEDMA,02368,059573,0,0,25,73,32,1,4,56,13,13,23
07,002,BIEDMA,02370,059631,0,0,33,73,43,3,4,38,14,11,17
07,002,BIEDMA,02373,059708,0,0,15,73,35,2,5,18,3,5,13
07,005,CUSHAMEN,02386,059809,0,0,31,73,7,51,1,16,0,11,11
07,006,FUTALEUFÚ,02391,059877,0,0,23,73,44,15,3,27,6,18,24
07,007,LANGUIÑEO,02405,059938,0,0,10,73,10,18,0,1,5,3,0
07,012,GAIMAN,02417,059989,0,0,19,73,30,5,1,27,17,4,11
07,013,RÍO SENGER,02424,060014,0,0,56,73,12,55,2,33,3,3,9
07,015,ESCALANTE,02432,060075,0,0,23,59,73,1,2,50,1,14,21
07,015,ESCALANTE,02443,060210,0,0,33,73,68,17,4,13,9,5,10
07,015,ESCALANTE,02444,060240,0,0,27,61,73,4,0,10,5,9,9
07,015,ESCALANTE,02446,060264,0,0,36,65,73,3,8,14,6,9,8
07,015,ESCALANTE,02451,060356,0,0,73,73,38,16,12,11,5,11,16
07,001,RAWSON,02341,059228,0,0,73,63,20,13,9,27,4,9,11
07,001,RAWSON,02341,059246,0,0,73,52,24,29,7,28,8,11,10
07,001,RAWSON,02340,059204,0,0,51,72,26,20,9,29,7,6,9
07,001,RAWSON,02340,059208,0,0,0,72,43,27,3,25,4,7,16
07,001,RAWSON,02340,059210,0,0,0,72,33,26,2,22,9,5,10
07,001,RAWSON,02341,059247,0,0,65,72,21,30,8,17,15,5,7
07,001,RAWSON,02350,059370,0,0,29,72,42,20,3,38,24,20,22
07,001,RAWSON,02363,059508,0,0,24,72,34,8,7,27,35,23,24
07,001,RAWSON,02366,059533,0,0,24,72,24,12,4,27,44,15,23
07,002,BIEDMA,02367,059543,0,0,20,72,57,4,1,54,6,12,23
07,008,TEHUELCHES,02409,059954,0,0,25,72,6,15,32,7,47,0,1
07,012,GAIMAN,02415,059971,0,0,42,72,17,11,9,53,21,3,11
07,012,GAIMAN,02416,059981,0,0,40,57,38,8,1,72,14,5,15
07,013,RÍO SENGER,02424,060008,0,0,1,72,25,0,1,24,45,5,12
07,015,ESCALANTE,02432,060086,0,0,20,49,72,2,3,60,2,9,21
07,001,RAWSON,02341,059229,0,0,72,59,27,28,2,28,13,5,11
07,001,RAWSON,02341,059222,0,0,61,71,15,26,7,23,11,6,7
07,001,RAWSON,02341,059226,0,0,65,71,25,12,2,22,6,10,6
07,001,RAWSON,02341,059227,0,0,65,71,22,23,4,29,9,11,14
07,001,RAWSON,02342,059256,0,0,1,71,18,27,12,23,6,4,4
07,001,RAWSON,02363,059509,0,0,38,71,42,6,10,38,36,14,19
07,002,BIEDMA,02367,059553,0,0,20,71,69,2,3,44,5,10,23
07,010,MÁRTIRES,02413,059963,0,0,42,71,18,0,0,5,24,0,0
07,015,ESCALANTE,02432,060058,0,0,16,56,71,6,3,52,6,7,21
07,015,ESCALANTE,02444,060237,0,0,33,71,67,0,0,11,0,3,10
07,015,ESCALANTE,02444,060239,0,0,3,71,62,6,4,9,8,7,10
07,015,ESCALANTE,02444,060241,0,0,26,64,71,11,8,6,4,8,15
07,001,RAWSON,02341,059250,0,0,71,61,21,28,6,27,13,12,10
07,001,RAWSON,02342,059258,0,0,71,70,22,22,3,14,11,5,0
07,001,RAWSON,02340,059211,0,0,69,70,33,20,2,17,9,10,10
07,001,RAWSON,02340,059212,0,0,0,70,32,21,5,22,7,4,9
07,001,RAWSON,02341,059223,0,0,0,70,36,25,9,13,6,8,26
07,001,RAWSON,02341,059225,0,0,60,70,24,26,8,28,7,9,9
07,001,RAWSON,02341,059233,0,0,69,70,22,26,4,34,10,7,8
07,001,RAWSON,02352,059387,0,0,39,70,34,4,11,36,29,19,12
07,001,RAWSON,02352,059392,0,0,29,70,45,4,8,21,28,13,32
07,001,RAWSON,02352,059394,0,0,22,70,43,4,5,24,27,9,24
07,002,BIEDMA,02367,059542,0,0,28,70,70,1,3,35,4,19,34
07,002,BIEDMA,02367,059546,0,0,24,70,54,1,1,43,10,17,26
07,002,BIEDMA,02370,059623,0,0,17,70,32,3,3,35,16,11,27
07,002,BIEDMA,02373,059707,0,0,10,70,34,4,0,22,1,9,12
07,015,ESCALANTE,02432,060054,0,0,21,60,70,10,2,37,3,9,24
07,015,ESCALANTE,02432,060066,0,0,18,57,70,3,1,52,1,4,24
07,015,ESCALANTE,02432,060076,0,0,15,69,70,4,2,54,6,8,20
07,015,ESCALANTE,02432,060077,0,0,16,51,63,1,1,70,4,0,16
07,015,ESCALANTE,02444,060226,0,0,37,1,5,6,10,70,26,8,1
07,015,ESCALANTE,02445,060246,0,0,16,66,70,9,3,11,4,9,11
07,015,ESCALANTE,02445,060248,0,0,24,68,70,12,8,9,4,14,11
07,015,ESCALANTE,02445,060249,0,0,15,70,67,8,7,10,9,7,14
07,015,ESCALANTE,02446,060265,0,0,40,70,63,11,6,20,7,9,11
07,001,RAWSON,02340,059213,0,0,67,69,38,29,2,14,9,6,9
07,001,RAWSON,02341,059220,0,0,61,69,28,28,4,26,11,15,10
07,001,RAWSON,02352,059391,0,0,18,69,45,5,7,24,25,15,16
07,001,RAWSON,02354,059407,0,0,1,69,43,9,7,29,23,12,27
07,001,RAWSON,02354,059410,0,0,24,69,23,2,6,44,31,11,22
07,001,RAWSON,02354,059414,0,0,20,69,44,6,10,25,25,8,13
07,002,BIEDMA,02367,059536,0,0,32,69,48,0,5,43,10,10,29
07,002,BIEDMA,02367,059547,0,0,28,69,42,2,2,56,10,16,22
07,002,BIEDMA,02367,059555,0,0,18,69,68,4,1,44,10,10,23
07,012,GAIMAN,02415,059977,0,0,53,69,22,8,2,38,16,6,11
07,015,ESCALANTE,02432,060055,0,0,0,47,69,2,1,68,0,7,35
07,015,ESCALANTE,02432,060063,0,0,12,59,69,4,1,58,2,11,25
07,015,ESCALANTE,02432,060078,0,0,14,54,69,1,2,58,5,10,20
07,015,ESCALANTE,02446,060253,0,0,34,69,65,10,8,16,6,5,14
07,015,ESCALANTE,02446,060255,0,0,23,66,69,12,5,14,5,3,12
07,001,RAWSON,02340,059209,0,0,69,47,29,24,2,25,9,8,10
07,001,RAWSON,02341,059216,0,0,69,62,20,30,8,24,8,7,7
07,001,RAWSON,02341,059254,0,0,69,62,34,27,1,28,8,9,7
07,001,RAWSON,02341,059221,0,0,0,68,26,27,1,23,8,7,7
07,001,RAWSON,02343,059269,0,0,0,68,53,7,5,31,11,6,9
07,001,RAWSON,02343,059274,0,0,55,68,44,18,2,29,8,11,18
07,001,RAWSON,02353,059400,0,0,1,68,16,12,9,24,41,19,23
07,001,RAWSON,02356,059427,0,0,21,51,68,5,4,26,20,12,17
07,001,RAWSON,02357,059435,0,0,32,68,43,6,1,31,23,19,26
07,001,RAWSON,02357,059436,0,0,29,68,46,5,1,34,31,17,21
07,001,RAWSON,02357,059442,0,0,18,68,48,10,2,31,21,17,26
07,001,RAWSON,02362,059493,0,0,21,68,47,2,7,28,12,9,19
07,001,RAWSON,02365,059530,0,0,44,68,29,8,7,12,34,13,14
07,002,BIEDMA,02367,059545,0,0,21,68,66,2,2,36,6,19,33
07,002,BIEDMA,02367,059554,0,0,28,68,53,4,1,50,8,18,31
07,006,FUTALEUFÚ,02394,059907,0,0,2,68,8,2,1,8,2,1,8
07,012,GAIMAN,02416,059980,0,0,52,68,28,9,4,55,12,10,19
07,001,RAWSON,02357,059439,0,0,19,67,50,6,4,36,26,8,19
07,001,RAWSON,02357,059443,0,0,29,67,55,5,6,32,21,15,37
07,001,RAWSON,02359,059466,0,0,17,67,43,6,5,31,18,11,20
07,001,RAWSON,02363,059503,0,0,1,67,48,10,14,23,33,12,19
07,002,BIEDMA,02367,059564,0,0,16,67,59,5,2,40,10,14,21
07,002,BIEDMA,02368,059571,0,0,19,67,45,1,3,44,9,12,28
07,002,BIEDMA,02370,059618,0,0,17,67,59,0,1,27,12,13,26
07,006,FUTALEUFÚ,02391,059897,0,0,25,67,27,8,6,36,1,13,25
07,015,ESCALANTE,02432,060060,0,0,13,67,62,2,0,67,4,8,26
07,015,ESCALANTE,02432,060065,0,0,24,67,65,6,2,60,1,7,29
07,015,ESCALANTE,02452,060394,0,0,35,67,63,11,5,16,10,7,12
07,001,RAWSON,02339,059201,0,0,67,59,15,31,3,7,3,5,10
07,001,RAWSON,02341,059230,0,0,67,54,28,26,3,20,12,7,6
07,004,GASTRE,02376,059744,0,0,67,30,0,8,2,1,18,0,6
07,001,RAWSON,02356,059431,0,0,22,66,51,11,4,30,21,11,14
07,001,RAWSON,02358,059451,0,0,32,57,66,5,5,34,15,6,27
07,001,RAWSON,02359,059460,0,0,21,66,45,7,4,27,15,10,27
07,001,RAWSON,02359,059463,0,0,21,66,35,12,3,28,15,12,26
07,001,RAWSON,02363,059501,0,0,39,66,40,13,11,21,37,26,22
07,001,RAWSON,02363,059505,0,0,41,66,33,11,13,43,33,15,17
07,002,BIEDMA,02368,059574,0,0,29,59,66,2,5,31,12,16,25
07,012,GAIMAN,02415,059978,0,0,38,66,33,17,2,55,6,8,14
07,015,ESCALANTE,02432,060064,0,0,12,61,66,6,3,42,0,14,32
07,015,ESCALANTE,02444,060234,0,0,28,66,65,11,7,12,6,6,8
07,001,RAWSON,02339,059196,0,0,14,65,12,21,5,18,6,7,5
07,001,RAWSON,02341,059219,0,0,64,65,19,31,6,26,8,0,14
07,001,RAWSON,02341,059235,0,0,62,65,17,34,1,30,11,6,10
07,001,RAWSON,02343,059273,0,0,49,65,43,12,3,30,8,7,9
07,001,RAWSON,02350,059373,0,0,31,56,65,1,7,26,15,10,18
07,001,RAWSON,02354,059411,0,0,1,65,45,3,9,21,16,8,20
07,001,RAWSON,02356,059430,0,0,13,50,65,3,3,34,12,11,22
07,001,RAWSON,02357,059438,0,0,26,65,56,9,6,22,15,15,28
07,002,BIEDMA,02368,059570,0,0,17,65,53,3,0,38,11,13,27
07,015,ESCALANTE,02432,060053,0,0,24,65,54,6,0,43,2,12,30
07,015,ESCALANTE,02432,060072,0,0,21,65,61,4,0,61,3,6,27
07,015,ESCALANTE,02434,060091,0,0,26,65,44,6,1,16,24,7,13
07,015,ESCALANTE,02444,060228,0,0,26,50,65,8,7,14,7,4,15
07,001,RAWSON,02339,059198,0,0,65,60,12,25,3,15,11,8,11
07,001,RAWSON,02339,059199,0,0,39,64,23,31,5,13,9,2,11
07,001,RAWSON,02343,059275,0,0,37,64,50,26,2,37,13,11,9
07,001,RAWSON,02343,059280,0,0,50,53,64,18,3,20,5,11,7
07,001,RAWSON,02350,059372,0,0,13,64,50,13,4,34,22,5,14
07,001,RAWSON,02356,059424,0,0,23,64,49,10,5,37,16,13,17
07,001,RAWSON,02357,059440,0,0,27,64,36,14,6,34,16,16,20
07,001,RAWSON,02365,059529,0,0,31,64,23,12,9,9,41,8,15
07,001,RAWSON,02366,059532,0,0,26,61,32,12,4,20,64,15,17
07,002,BIEDMA,02368,059569,0,0,20,64,48,2,5,40,12,11,29
07,008,TEHUELCHES,02409,059953,0,0,21,42,3,13,29,9,64,1,0
07,012,GAIMAN,02416,059986,0,0,54,64,31,12,4,48,13,8,14
07,015,ESCALANTE,02439,060131,0,0,31,64,23,9,2,0,4,0,0
07,015,ESCALANTE,02444,060235,0,0,24,60,64,12,3,19,7,15,6
07,015,ESCALANTE,02444,060238,0,0,21,63,64,17,5,13,6,7,14
07,015,ESCALANTE,02452,060395,0,0,30,0,64,5,9,15,7,2,15
07,015,ESCALANTE,02455,060495,0,0,0,64,5,21,16,0,19,0,0
07,001,RAWSON,02340,059206,0,0,64,56,25,21,3,30,7,10,14
07,001,RAWSON,02343,059263,0,0,35,63,53,30,3,33,4,14,13
07,001,RAWSON,02343,059266,0,0,49,63,61,13,3,35,8,10,8
07,001,RAWSON,02350,059376,0,0,36,63,43,6,4,38,16,14,24
07,001,RAWSON,02358,059448,0,0,13,35,63,8,3,51,17,8,22
07,001,RAWSON,02365,059526,0,0,27,63,20,11,4,28,51,12,14
07,001,RAWSON,02339,059202,0,0,0,62,18,29,4,20,14,0,0
07,001,RAWSON,02343,059272,0,0,1,62,57,11,6,36,11,7,10
07,001,RAWSON,02352,059393,0,0,29,62,48,5,13,24,19,8,18
07,002,BIEDMA,02373,059706,0,0,27,62,31,4,0,19,1,7,9
07,006,FUTALEUFÚ,02391,059867,0,0,25,62,39,8,3,54,5,10,16
07,013,RÍO SENGER,02424,060011,0,0,0,57,10,62,1,50,2,7,10
07,013,RÍO SENGER,02425,060016,0,0,29,62,9,7,0,13,4,0,8
07,014,SARMIENTO,02430,060045,0,0,0,62,28,11,0,9,18,0,0
07,015,ESCALANTE,02445,060251,0,0,39,58,62,9,1,15,5,7,16
07,001,RAWSON,02339,059197,0,0,62,58,15,32,4,18,3,6,6
07,001,RAWSON,02341,059239,0,0,62,56,24,37,7,22,4,8,14
07,010,MÁRTIRES,02413,059964,0,0,62,29,9,3,2,14,21,4,5
07,001,RAWSON,02341,059243,0,0,54,61,25,23,7,26,6,5,17
07,001,RAWSON,02350,059369,0,0,0,61,40,1,2,27,20,17,15
07,001,RAWSON,02351,059385,0,0,27,33,61,8,2,57,13,9,21
07,001,RAWSON,02352,059388,0,0,25,61,30,9,2,32,22,11,33
07,001,RAWSON,02356,059426,0,0,16,61,35,7,5,44,20,17,24
07,001,RAWSON,02356,059433,0,0,17,48,61,6,4,42,16,7,20
07,001,RAWSON,02358,059456,0,0,17,56,61,5,8,37,22,10,22
07,007,LANGUIÑEO,02403,059936,0,0,21,61,22,13,0,11,7,3,7
07,008,TEHUELCHES,02409,059951,0,0,16,45,3,17,30,11,61,0,1
07,013,RÍO SENGER,02424,060009,0,0,0,0,20,61,4,22,1,2,16
07,015,ESCALANTE,02444,060230,0,0,30,40,61,11,7,18,4,5,17
07,001,RAWSON,02350,059374,0,0,18,60,42,6,4,20,23,13,26
07,001,RAWSON,02356,059434,0,0,11,60,54,14,6,45,16,5,19
07,001,RAWSON,02358,059445,0,0,29,43,60,5,1,59,15,11,23
07,001,RAWSON,02358,059449,0,0,2,43,60,8,3,33,36,16,16
07,001,RAWSON,02358,059452,0,0,35,60,43,4,3,43,18,15,23
07,001,RAWSON,02360,059469,0,0,13,60,55,6,7,26,16,11,16
07,006,FUTALEUFÚ,02400,059932,0,0,22,60,2,22,20,6,0,0,1
07,008,TEHUELCHES,02409,059950,0,0,26,60,7,14,35,9,49,0,3
07,015,ESCALANTE,02432,060069,0,0,13,54,60,4,2,55,1,11,26
07,001,RAWSON,02339,059195,0,0,57,59,18,42,5,20,1,5,12
07,001,RAWSON,02343,059262,0,0,45,59,53,22,4,27,5,11,8
07,001,RAWSON,02343,059276,0,0,55,59,52,17,7,31,6,12,23
07,001,RAWSON,02350,059375,0,0,21,46,59,4,5,25,25,10,18
07,001,RAWSON,02351,059383,0,0,17,37,59,9,8,29,11,11,18
07,001,RAWSON,02352,059395,0,0,17,59,44,1,12,29,17,16,21
07,001,RAWSON,02354,059404,0,0,0,59,39,13,8,22,24,17,14
07,001,RAWSON,02358,059453,0,0,24,59,45,9,3,41,19,15,21
07,001,RAWSON,02358,059454,0,0,27,49,59,26,6,29,14,14,17
07,002,BIEDMA,02367,059552,0,0,27,59,59,4,0,36,8,19,26
07,002,BIEDMA,02368,059577,0,0,22,59,41,2,3,45,13,9,23
07,001,RAWSON,02343,059279,0,0,59,55,35,23,2,37,8,8,12
07,001,RAWSON,02340,059203,0,0,0,58,32,30,6,20,6,6,11
07,001,RAWSON,02343,059264,0,0,39,58,37,27,2,30,11,9,13
07,015,ESCALANTE,02432,060074,0,0,25,58,48,3,4,46,1,11,24
07,015,ESCALANTE,02451,060380,0,0,3,58,38,17,4,0,13,12,10
07,003,TELSEN,02375,059742,0,0,58,35,22,11,1,13,12,5,8
07,001,RAWSON,02341,059244,0,0,3,57,27,38,8,26,10,0,3
07,001,RAWSON,02343,059268,0,0,57,57,29,31,3,40,1,9,15
07,001,RAWSON,02350,059378,0,0,21,57,46,8,5,37,24,9,25
07,001,RAWSON,02354,059403,0,0,29,57,41,8,4,30,22,14,26
07,001,RAWSON,02355,059417,0,0,25,57,43,8,3,41,14,9,30
07,001,RAWSON,02355,059419,0,0,9,46,57,3,2,56,10,13,21
07,001,RAWSON,02359,059462,0,0,0,57,31,4,14,33,25,12,29
07,001,RAWSON,02360,059468,0,0,21,45,57,11,3,37,16,6,14
07,006,FUTALEUFÚ,02396,059910,0,0,13,57,1,4,1,3,4,3,2
07,001,RAWSON,02350,059377,0,0,21,56,38,1,7,32,22,13,24
07,001,RAWSON,02354,059402,0,0,35,56,42,4,7,20,30,9,16
07,001,RAWSON,02355,059421,0,0,28,56,39,4,3,52,13,14,12
07,012,GAIMAN,02417,059991,0,0,17,56,32,8,0,47,5,6,16
07,013,RÍO SENGER,02424,060013,0,0,2,56,21,52,0,19,1,0,19
07,015,ESCALANTE,02432,060082,0,0,24,53,56,2,2,47,4,12,17
07,001,RAWSON,02343,059265,0,0,56,0,0,0,0,0,0,0,0
07,001,RAWSON,02340,059207,0,0,50,55,33,24,7,33,3,3,16
07,001,RAWSON,02343,059270,0,0,53,55,38,14,3,28,12,9,13
07,001,RAWSON,02343,059278,0,0,45,50,55,23,5,24,12,4,14
07,001,RAWSON,02350,059379,0,0,23,55,51,5,3,42,22,8,20
07,001,RAWSON,02354,059406,0,0,23,55,47,3,2,31,24,15,22
07,001,RAWSON,02355,059420,0,0,21,53,55,3,3,35,12,8,21
07,001,RAWSON,02356,059425,0,0,18,40,45,9,5,55,7,13,27
07,001,RAWSON,02358,059447,0,0,2,55,45,2,2,44,12,9,31
07,001,RAWSON,02358,059457,0,0,24,55,49,9,3,35,18,7,22
07,001,RAWSON,02359,059464,0,0,24,48,55,7,9,42,21,14,15
07,007,LANGUIÑEO,02401,059933,0,0,37,55,44,5,4,17,29,7,7
07,015,ESCALANTE,02452,060389,0,0,4,0,55,17,0,24,11,9,8
07,001,RAWSON,02355,059416,0,0,19,54,54,1,1,33,18,10,20
07,001,RAWSON,02355,059418,0,0,1,52,54,9,0,43,7,9,19
07,001,RAWSON,02355,059423,0,0,23,40,46,7,1,54,11,12,16
07,001,RAWSON,02358,059450,0,0,20,54,41,8,5,49,19,11,14
07,001,RAWSON,02358,059458,0,0,22,42,54,9,8,49,16,20,21
07,001,RAWSON,02359,059467,0,0,29,47,54,3,8,26,19,7,33
07,007,LANGUIÑEO,02403,059935,0,0,21,54,27,3,2,7,9,4,6
07,001,RAWSON,02354,059405,0,0,4,53,28,5,4,41,13,16,31
07,001,RAWSON,02356,059428,0,0,24,53,43,6,9,29,20,17,19
07,001,RAWSON,02359,059459,0,0,30,53,37,6,7,34,27,16,19
07,002,BIEDMA,02367,059559,0,0,32,53,41,5,4,39,19,14,27
07,001,RAWSON,02351,059380,0,0,18,37,52,11,6,37,6,9,18
07,001,RAWSON,02354,059409,0,0,22,52,44,9,8,26,27,17,19
07,001,RAWSON,02356,059432,0,0,20,46,52,6,6,44,12,18,26
07,001,RAWSON,02358,059455,0,0,15,50,52,8,4,47,24,4,32
07,015,ESCALANTE,02455,060450,0,0,0,52,0,12,8,25,10,7,0
07,001,RAWSON,02354,059408,0,0,20,51,43,5,4,35,20,17,26
07,008,TEHUELCHES,02409,059952,0,0,26,46,14,7,35,12,51,0,0
07,015,ESCALANTE,02432,060073,0,0,37,51,0,5,0,45,3,9,31
07,001,RAWSON,02351,059381,0,0,17,35,49,2,7,50,10,10,11
07,001,RAWSON,02358,059446,0,0,37,47,50,8,5,34,14,13,25
07,001,RAWSON,02359,059461,0,0,20,47,50,9,4,26,24,15,23
07,001,RAWSON,02359,059465,0,0,31,38,50,7,9,30,15,12,25
07,015,ESCALANTE,02442,060189,0,0,21,0,50,15,0,4,9,8,0
07,009,PASO DE LOS INDIOS,02411,059961,0,0,9,49,13,14,1,9,14,0,8
07,015,ESCALANTE,02450,060333,0,0,4,49,0,11,1,0,0,10,6
07,008,TEHUELCHES,02409,059955,0,0,39,40,6,22,34,10,48,0,2
07,001,RAWSON,02351,059382,0,0,11,37,45,2,5,47,10,7,28
07,001,RAWSON,02351,059384,0,0,2,46,47,4,1,46,14,9,14
07,001,RAWSON,02355,059422,0,0,28,44,47,4,6,39,18,11,26
07,015,ESCALANTE,02436,060094,0,0,44,24,47,9,1,26,1,5,5
07,004,GASTRE,02376,059745,0,0,47,37,8,10,1,5,11,2,7
07,001,RAWSON,02350,059371,0,0,17,46,31,10,5,44,25,15,14
07,001,RAWSON,02352,059389,0,0,36,0,43,3,5,28,24,18,21
07,012,GAIMAN,02415,059970,0,0,40,10,22,14,5,42,7,4,10
07,003,TELSEN,02375,059743,0,0,42,35,16,16,1,16,12,3,7
07,004,GASTRE,02376,059746,0,0,41,36,11,6,0,4,18,0,5
07,015,ESCALANTE,02436,060095,0,0,36,32,38,7,3,32,6,3,5
07,001,RAWSON,02347,059334,0,0,35,0,15,10,4,18,37,0,18
07,008,TEHUELCHES,02406,059939,0,0,4,37,6,19,2,21,5,4,4
07,012,GAIMAN,02420,060000,0,0,8,29,37,4,3,14,4,3,14
07,013,RÍO SENGER,02421,060001,0,0,0,32,0,15,2,4,0,0,2
07,013,RÍO SENGER,02423,060007,0,0,13,32,12,30,1,25,6,3,10
07,015,ESCALANTE,02451,060359,0,0,18,6,31,12,8,7,19,5,6
07,006,FUTALEUFÚ,02388,059813,0,0,0,29,0,11,0,3,1,0,2
07,013,RÍO SENGER,02426,060017,0,0,0,28,9,14,0,0,1,0,13
07,015,ESCALANTE,02450,060334,0,0,0,0,25,0,0,8,0,0,0
07,014,SARMIENTO,02427,060018,0,0,4,23,4,17,2,2,0,1,1
07,001,RAWSON,02352,059386,0,0,23,0,0,0,0,0,0,0,0
07,015,ESCALANTE,02455,060452,0,0,3,8,20,9,4,8,19,6,18
07,012,GAIMAN,02418,059995,0,0,18,0,18,10,1,12,13,6,12
07,005,CUSHAMEN,02385,059806,0,0,14,17,0,6,0,0,0,1,1
07,015,ESCALANTE,02449,060297,0,0,0,0,16,12,7,17,14,0,0
07,004,GASTRE,02377,059747,0,0,0,11,1,7,1,0,4,0,0
07,015,ESCALANTE,02447,060274,0,0,0,0,0,7,8,0,6,0,0
07,010,MÁRTIRES,02412,059962,0,0,5,7,2,0,0,1,2,0,0
07,001,RAWSON,02341,059241,0,0,0,0,0,0,0,0,0,0,0
07,001,RAWSON,02347,059318,0,0,0,0,0,0,0,0,0,0,0
07,001,RAWSON,02363,059507,0,0,0,0,0,0,0,0,0,0,0
07,002,BIEDMA,02369,059608,0,0,0,0,0,0,0,0,0,0,0
07,005,CUSHAMEN,02383,059796,0,0,0,0,0,0,0,0,0,0,0
07,005,CUSHAMEN,02386,059808,0,0,0,0,0,0,0,0,0,0,0
07,013,RÍO SENGER,02424,060012,0,0,0,0,0,0,0,0,0,0,0
07,014,SARMIENTO,02429,060033,0,0,0,0,0,0,0,0,0,0,0
07,015,ESCALANTE,02432,060056,0,0,0,0,0,0,0,0,0,0,0
07,015,ESCALANTE,02438,060119,0,0,0,0,0,0,0,0,0,0,0
07,015,ESCALANTE,02441,060157,0,0,0,0,0,0,0,0,0,0,0
07,015,ESCALANTE,02442,060195,0,0,0,0,0,0,0,0,0,0,0
07,015,ESCALANTE,02447,060275,0,0,0,0,0,0,0,0,0,0,0
07,015,ESCALANTE,02455,060494,0,0,0,0,0,0,0,0,0,0,0
