codprov,coddepto,depto,circuito,mesa,electores,nulos,blancos,00036,00037,00050,00058,00087
11,001,Atreuco,03123,065768,0,0,6,1,97,113,0,13
11,001,Atreuco,03123,065769,0,0,12,4,93,128,0,15
11,001,Atreuco,03123,065770,0,0,10,7,86,131,0,18
11,001,Atreuco,03123,065771,0,0,10,7,113,95,0,16
11,001,Atreuco,03123,065772,0,0,0,8,111,107,0,16
11,001,Atreuco,03124,065773,0,0,2,3,133,108,0,22
11,001,Atreuco,03124,065774,0,0,9,4,118,152,0,12
11,001,Atreuco,03124,065775,0,0,6,4,157,98,0,21
11,001,Atreuco,03124,065776,0,0,6,2,130,136,0,7
11,001,Atreuco,03124,065777,0,0,15,4,159,78,0,16
11,001,Atreuco,03124,065778,0,0,12,3,135,120,0,14
11,001,Atreuco,03124,065779,0,0,7,4,128,118,0,19
11,001,Atreuco,03124,065780,0,0,8,10,146,104,0,17
11,001,Atreuco,03124,065781,0,0,14,2,145,104,0,13
11,001,Atreuco,03124,065782,0,0,9,2,133,123,0,13
11,001,Atreuco,03124,065783,0,0,8,4,126,122,0,20
11,001,Atreuco,03124,065784,0,0,4,3,125,120,0,18
11,001,Atreuco,03124,065785,0,0,9,3,113,136,0,19
11,001,Atreuco,03124,065786,0,0,15,5,127,118,0,22
11,001,Atreuco,03125,065787,0,0,7,6,114,111,0,20
11,001,Atreuco,03125,065788,0,0,8,3,137,107,0,10
11,001,Atreuco,03125,065789,0,0,12,3,127,100,0,14
11,001,Atreuco,03125,065790,0,0,9,11,122,108,0,15
11,001,Atreuco,03125,065791,0,0,7,2,131,109,0,6
11,001,Atreuco,03125,065792,0,0,6,5,130,115,0,16
11,001,Atreuco,03125,065793,0,0,9,0,119,125,0,12
11,001,Atreuco,03126,065794,0,0,9,2,164,100,0,18
11,001,Atreuco,03126,065795,0,0,8,4,144,102,0,20
11,001,Atreuco,03127,065796,0,0,5,2,67,88,0,5
11,001,Atreuco,03127,100838,0,0,0,0,0,0,0,0
11,002,Capital,03128,065797,0,0,9,11,160,71,0,14
11,002,Capital,03128,065798,0,0,13,3,132,84,0,14
11,002,Capital,03128,065799,0,0,10,6,136,79,0,15
11,002,Capital,03128,065800,0,0,3,12,159,65,0,11
11,002,Capital,03128,065801,0,0,9,4,125,84,0,22
11,002,Capital,03128,065802,0,0,12,9,105,116,0,14
11,002,Capital,03129,065803,0,0,31,8,135,77,0,15
11,002,Capital,03129,065804,0,0,12,8,134,100,0,16
11,002,Capital,03129,065805,0,0,13,11,146,97,0,16
11,002,Capital,03129,065806,0,0,12,11,139,100,0,17
11,002,Capital,03129,065807,0,0,0,6,134,104,0,12
11,002,Capital,03129,065808,0,0,12,3,156,95,0,18
11,002,Capital,03129,065809,0,0,21,4,138,89,0,14
11,002,Capital,03129,065810,0,0,0,12,151,82,0,17
11,002,Capital,03129,065811,0,0,9,7,178,61,0,23
11,002,Capital,03129,065812,0,0,17,7,166,83,0,15
11,002,Capital,03129,065813,0,0,11,4,155,102,0,9
11,002,Capital,03129,065814,0,0,16,6,142,93,0,21
11,002,Capital,03129,065815,0,0,7,9,155,98,0,14
11,002,Capital,03129,065816,0,0,8,6,123,113,0,16
11,002,Capital,03129,065817,0,0,2,5,108,133,0,14
11,002,Capital,03129,065818,0,0,16,8,113,124,0,13
11,002,Capital,03129,065819,0,0,14,5,146,81,0,17
11,002,Capital,03129,065820,0,0,0,6,185,58,0,14
11,002,Capital,03129,065821,0,0,9,6,142,108,0,12
11,002,Capital,03129,065822,0,0,15,8,118,140,0,14
11,002,Capital,03129,065823,0,0,6,12,161,87,0,12
11,002,Capital,03129,065824,0,0,10,7,136,109,0,19
11,002,Capital,03129,065825,0,0,12,3,152,72,0,22
11,002,Capital,03129,065826,0,0,13,9,147,91,0,13
11,002,Capital,03129,065827,0,0,2,9,122,122,0,22
11,002,Capital,03129,065828,0,0,15,8,146,87,0,15
11,002,Capital,03129,065829,0,0,10,5,136,101,0,14
11,002,Capital,03129,065830,0,0,15,4,148,98,0,11
11,002,Capital,03129,065831,0,0,9,10,117,115,0,20
11,002,Capital,03129,065832,0,0,8,4,121,116,0,20
11,002,Capital,03129,065833,0,0,17,10,133,99,0,15
11,002,Capital,03129,065834,0,0,16,7,136,99,0,18
11,002,Capital,03129,065835,0,0,18,6,160,82,0,18
11,002,Capital,03129,065836,0,0,10,6,148,88,0,14
11,002,Capital,03129,065837,0,0,8,9,163,81,0,20
11,002,Capital,03129,065838,0,0,10,8,125,113,0,11
11,002,Capital,03129,065839,0,0,13,6,134,100,0,16
11,002,Capital,03129,065840,0,0,8,9,147,99,0,20
11,002,Capital,03129,065841,0,0,12,10,138,99,0,19
11,002,Capital,03129,065842,0,0,12,11,128,116,0,19
11,002,Capital,03129,065843,0,0,6,6,153,87,0,15
11,002,Capital,03129,065844,0,0,8,1,148,91,0,25
11,002,Capital,03129,065845,0,0,8,9,121,107,0,20
11,002,Capital,03129,065846,0,0,14,8,148,88,0,12
11,002,Capital,03129,065847,0,0,11,7,146,102,0,17
11,002,Capital,03129,065848,0,0,8,14,142,96,0,8
11,002,Capital,03129,065849,0,0,8,14,162,72,0,15
11,002,Capital,03129,065850,0,0,14,7,168,73,0,13
11,002,Capital,03129,065851,0,0,5,1,172,78,0,20
11,002,Capital,03129,065852,0,0,15,5,147,78,0,21
11,002,Capital,03129,065853,0,0,18,5,116,129,0,15
11,002,Capital,03129,065854,0,0,13,5,108,121,0,20
11,002,Capital,03129,065855,0,0,4,3,146,97,0,18
11,002,Capital,03129,065856,0,0,13,10,145,88,0,21
11,002,Capital,03129,065857,0,0,10,10,138,93,0,23
11,002,Capital,03129,065858,0,0,8,8,143,104,0,15
11,002,Capital,03129,065859,0,0,22,7,157,85,0,1
11,002,Capital,03129,065860,0,0,10,14,123,110,0,21
11,002,Capital,03129,065861,0,0,11,9,133,109,0,22
11,002,Capital,03129,065862,0,0,16,8,135,93,0,21
11,002,Capital,03129,065863,0,0,11,7,161,74,0,15
11,002,Capital,03129,065864,0,0,15,12,162,69,0,17
11,002,Capital,03129,065865,0,0,8,7,145,100,0,16
11,002,Capital,03129,065866,0,0,1,6,174,58,0,22
11,002,Capital,03129,065867,0,0,17,12,141,87,0,13
11,002,Capital,03129,065868,0,0,19,8,137,102,0,20
11,002,Capital,03129,065869,0,0,9,3,137,103,0,31
11,002,Capital,03129,065870,0,0,8,5,126,115,0,19
11,002,Capital,03129,065871,0,0,7,7,128,113,0,18
11,002,Capital,03129,065872,0,0,20,4,154,98,0,13
11,002,Capital,03129,065873,0,0,9,6,140,94,0,22
11,002,Capital,03129,065874,0,0,13,6,135,97,0,16
11,002,Capital,03129,065875,0,0,9,12,130,102,0,12
11,002,Capital,03129,065876,0,0,20,3,192,65,0,11
11,002,Capital,03129,065877,0,0,0,7,134,95,0,18
11,002,Capital,03129,065878,0,0,19,5,148,94,0,19
11,002,Capital,03129,065879,0,0,11,11,132,114,0,18
11,002,Capital,03129,065880,0,0,13,11,144,97,0,14
11,002,Capital,03129,065881,0,0,12,11,165,75,0,17
11,002,Capital,03129,065882,0,0,11,7,170,60,0,26
11,002,Capital,03129,065883,0,0,0,8,134,91,0,14
11,002,Capital,03129,065884,0,0,11,7,158,90,0,16
11,002,Capital,03129,065885,0,0,4,6,130,110,0,9
11,002,Capital,03129,065886,0,0,8,4,131,98,0,20
11,002,Capital,03129,065887,0,0,22,5,175,46,0,8
11,002,Capital,03129,065888,0,0,8,10,149,88,0,19
11,002,Capital,03129,065889,0,0,6,6,135,110,0,19
11,002,Capital,03129,065890,0,0,12,14,129,98,0,21
11,002,Capital,03129,065891,0,0,3,1,163,80,0,18
11,002,Capital,03129,065892,0,0,17,5,133,105,0,19
11,002,Capital,03129,065893,0,0,12,10,155,71,0,20
11,002,Capital,03129,065894,0,0,9,12,154,96,0,14
11,002,Capital,03129,065895,0,0,18,9,107,115,0,18
11,002,Capital,03129,065896,0,0,13,6,149,93,0,20
11,002,Capital,03129,065897,0,0,16,8,167,76,0,14
11,002,Capital,03129,065898,0,0,9,4,176,76,0,11
11,002,Capital,03129,065899,0,0,12,7,163,79,0,17
11,002,Capital,03129,065900,0,0,10,6,160,74,0,19
11,002,Capital,03129,065901,0,0,4,13,129,107,0,22
11,002,Capital,03129,065902,0,0,12,12,144,86,0,19
11,002,Capital,03129,065903,0,0,12,10,128,101,0,15
11,002,Capital,03129,065904,0,0,20,1,146,105,0,13
11,002,Capital,03129,065905,0,0,11,0,154,95,0,21
11,002,Capital,03129,065906,0,0,10,6,139,92,0,20
11,002,Capital,03129,065907,0,0,14,7,135,97,0,20
11,002,Capital,03129,065908,0,0,12,6,131,99,0,19
11,002,Capital,03129,065909,0,0,16,6,156,88,0,14
11,002,Capital,03129,065910,0,0,15,7,155,91,0,15
11,002,Capital,03129,065911,0,0,2,5,160,98,0,14
11,002,Capital,03129,065912,0,0,13,10,127,94,0,19
11,002,Capital,03129,065913,0,0,1,8,166,71,0,19
11,002,Capital,03129,065914,0,0,12,7,138,106,0,13
11,002,Capital,03129,065915,0,0,7,7,165,105,0,23
11,002,Capital,03129,065916,0,0,10,14,153,81,0,17
11,002,Capital,03129,065917,0,0,15,7,130,92,0,25
11,002,Capital,03129,065918,0,0,1,9,155,79,0,15
11,002,Capital,03129,065919,0,0,10,8,166,73,0,21
11,002,Capital,03129,065920,0,0,7,5,127,102,0,17
11,002,Capital,03129,065921,0,0,11,7,149,92,0,16
11,002,Capital,03129,065922,0,0,11,10,152,92,0,13
11,002,Capital,03129,100839,0,0,0,0,0,0,0,0
11,002,Capital,03129,100840,0,0,0,0,0,0,0,0
11,002,Capital,03129,100841,0,0,0,0,0,0,0,0
11,002,Capital,03129,100842,0,0,0,0,0,0,0,0
11,002,Capital,03130,065923,0,0,17,6,0,87,0,0
11,002,Capital,03130,065924,0,0,19,14,141,86,0,24
11,002,Capital,03130,065925,0,0,15,5,161,85,0,21
11,002,Capital,03130,065926,0,0,18,13,171,70,0,16
11,002,Capital,03130,065927,0,0,13,14,146,102,0,18
11,002,Capital,03130,065928,0,0,14,1,125,111,0,10
11,002,Capital,03130,065929,0,0,13,10,168,74,0,14
11,002,Capital,03130,065930,0,0,17,9,142,86,0,22
11,002,Capital,03130,065931,0,0,14,9,167,74,0,21
11,002,Capital,03130,065932,0,0,15,6,147,101,0,18
11,002,Capital,03130,065933,0,0,0,5,175,88,0,15
11,002,Capital,03130,065934,0,0,11,14,179,68,0,9
11,002,Capital,03130,065935,0,0,16,6,133,101,0,23
11,002,Capital,03130,065936,0,0,0,10,140,98,0,30
11,002,Capital,03130,065937,0,0,17,3,142,102,0,21
11,002,Capital,03130,065938,0,0,10,6,154,103,0,17
11,002,Capital,03130,065939,0,0,9,9,126,117,0,16
11,002,Capital,03130,065940,0,0,10,7,141,104,0,16
11,002,Capital,03130,065941,0,0,9,5,131,102,0,23
11,002,Capital,03130,065942,0,0,2,8,134,112,0,24
11,002,Capital,03130,065943,0,0,16,5,188,68,0,15
11,002,Capital,03130,065944,0,0,7,5,151,94,0,19
11,002,Capital,03130,065945,0,0,10,7,158,84,0,18
11,002,Capital,03130,065946,0,0,11,14,139,88,0,21
11,002,Capital,03130,065947,0,0,19,8,153,85,0,22
11,002,Capital,03130,065948,0,0,9,4,129,104,0,18
11,002,Capital,03130,065949,0,0,17,7,149,85,0,17
11,002,Capital,03130,065950,0,0,15,7,150,95,0,20
11,002,Capital,03130,065951,0,0,8,8,152,97,0,18
11,002,Capital,03130,065952,0,0,16,11,141,82,0,22
11,002,Capital,03130,065953,0,0,14,17,163,74,0,18
11,002,Capital,03130,065954,0,0,17,6,141,101,0,22
11,002,Capital,03130,065955,0,0,11,5,142,101,0,17
11,002,Capital,03130,065956,0,0,41,12,139,110,0,17
11,002,Capital,03130,065957,0,0,5,9,148,98,0,17
11,002,Capital,03130,065958,0,0,12,5,159,83,0,18
11,002,Capital,03130,065959,0,0,10,12,173,72,0,23
11,002,Capital,03130,065960,0,0,14,10,148,92,0,19
11,002,Capital,03130,065961,0,0,12,6,136,98,0,19
11,002,Capital,03130,065962,0,0,12,10,168,86,0,19
11,002,Capital,03130,065963,0,0,5,8,142,108,0,18
11,002,Capital,03130,065964,0,0,9,10,109,136,0,19
11,002,Capital,03130,065965,0,0,11,10,145,96,0,14
11,002,Capital,03130,065966,0,0,16,11,132,111,0,18
11,002,Capital,03130,065967,0,0,9,8,149,103,0,19
11,002,Capital,03130,065968,0,0,11,12,146,87,0,20
11,002,Capital,03130,065969,0,0,12,6,174,74,0,19
11,002,Capital,03130,065970,0,0,17,7,142,81,0,21
11,002,Capital,03130,065971,0,0,14,3,157,93,0,21
11,002,Capital,03130,065972,0,0,14,10,165,70,0,16
11,002,Capital,03130,065973,0,0,1,4,162,88,0,20
11,002,Capital,03130,065974,0,0,13,8,152,103,0,13
11,002,Capital,03130,065975,0,0,12,6,158,91,0,26
11,002,Capital,03130,065976,0,0,10,6,147,108,0,18
11,002,Capital,03130,065977,0,0,0,6,173,61,0,24
11,002,Capital,03130,065978,0,0,12,2,168,91,0,15
11,002,Capital,03130,065979,0,0,8,12,157,82,0,21
11,002,Capital,03130,065980,0,0,21,9,168,133,0,15
11,002,Capital,03130,065981,0,0,14,4,162,86,0,15
11,002,Capital,03130,065982,0,0,13,2,157,77,0,16
11,002,Capital,03130,065983,0,0,18,5,144,96,0,18
11,002,Capital,03130,065984,0,0,15,8,147,92,0,21
11,002,Capital,03130,065985,0,0,11,9,147,94,0,19
11,002,Capital,03130,065986,0,0,9,17,125,104,0,19
11,002,Capital,03130,065987,0,0,8,10,148,91,0,15
11,002,Capital,03130,065988,0,0,10,11,157,90,0,22
11,002,Capital,03130,065989,0,0,8,10,118,112,0,23
11,002,Capital,03130,065990,0,0,0,8,152,99,0,20
11,002,Capital,03130,065991,0,0,17,8,147,97,0,14
11,002,Capital,03130,065992,0,0,11,7,155,100,0,19
11,002,Capital,03130,065993,0,0,12,4,151,99,0,26
11,002,Capital,03130,065994,0,0,12,11,137,93,0,25
11,002,Capital,03130,065995,0,0,19,10,160,85,0,19
11,002,Capital,03130,065996,0,0,12,2,175,82,0,14
11,002,Capital,03130,065997,0,0,16,13,148,85,0,21
11,002,Capital,03130,065998,0,0,10,3,163,88,0,17
11,002,Capital,03130,065999,0,0,7,6,131,114,0,16
11,002,Capital,03130,066000,0,0,12,5,152,99,0,16
11,002,Capital,03130,066001,0,0,15,8,162,86,0,22
11,002,Capital,03130,066002,0,0,0,11,128,111,0,20
11,002,Capital,03130,066003,0,0,14,10,123,113,0,17
11,002,Capital,03130,066004,0,0,13,11,143,106,0,16
11,002,Capital,03130,066005,0,0,12,9,142,94,0,20
11,002,Capital,03130,066006,0,0,15,8,146,89,0,18
11,002,Capital,03130,066007,0,0,13,10,171,83,0,12
11,002,Capital,03130,066008,0,0,16,6,160,87,0,19
11,002,Capital,03130,066009,0,0,15,10,146,89,0,20
11,002,Capital,03130,066010,0,0,17,3,185,71,0,11
11,002,Capital,03130,066011,0,0,17,8,145,105,0,15
11,002,Capital,03130,066012,0,0,17,4,149,102,0,16
11,002,Capital,03130,066013,0,0,15,4,157,82,0,18
11,002,Capital,03130,066014,0,0,18,8,148,91,0,25
11,002,Capital,03130,066015,0,0,14,9,138,99,0,21
11,002,Capital,03130,066016,0,0,14,9,162,74,0,20
11,002,Capital,03130,066017,0,0,7,4,175,93,0,11
11,002,Capital,03130,066018,0,0,12,5,132,110,0,29
11,002,Capital,03130,066019,0,0,13,6,155,77,0,21
11,002,Capital,03130,066020,0,0,15,6,174,53,0,20
11,002,Capital,03130,066021,0,0,11,7,155,87,0,15
11,002,Capital,03130,066022,0,0,9,4,147,97,0,26
11,002,Capital,03130,066023,0,0,10,6,126,110,0,15
11,002,Capital,03130,066024,0,0,15,9,154,106,0,19
11,002,Capital,03130,066025,0,0,15,12,134,103,0,14
11,002,Capital,03130,066026,0,0,11,10,155,96,0,16
11,002,Capital,03130,066027,0,0,8,8,130,117,0,24
11,002,Capital,03130,066028,0,0,13,12,140,89,0,15
11,002,Capital,03130,066029,0,0,9,11,159,81,0,20
11,002,Capital,03130,066030,0,0,10,7,152,97,0,18
11,002,Capital,03130,066031,0,0,14,5,177,74,0,19
11,002,Capital,03130,066032,0,0,16,7,161,76,0,21
11,002,Capital,03130,066033,0,0,9,9,151,80,0,18
11,002,Capital,03130,066034,0,0,12,9,127,121,0,19
11,002,Capital,03130,066035,0,0,12,4,144,106,0,21
11,002,Capital,03130,066036,0,0,15,8,130,107,0,28
11,002,Capital,03130,066037,0,0,6,6,153,89,0,23
11,002,Capital,03130,066038,0,0,12,9,126,110,0,22
11,002,Capital,03130,066039,0,0,12,9,169,73,0,12
11,002,Capital,03130,066040,0,0,8,5,144,87,0,27
11,002,Capital,03130,066041,0,0,16,8,151,77,0,33
11,002,Capital,03130,066042,0,0,11,5,131,101,0,26
11,002,Capital,03130,066043,0,0,13,7,140,89,0,21
11,002,Capital,03130,066044,0,0,10,14,165,85,0,19
11,002,Capital,03130,066045,0,0,0,8,166,67,0,18
11,002,Capital,03130,066046,0,0,16,9,181,73,0,18
11,002,Capital,03130,066047,0,0,17,6,135,115,0,14
11,002,Capital,03130,066048,0,0,13,6,164,87,0,19
11,002,Capital,03130,066049,0,0,15,5,131,98,0,19
11,002,Capital,03130,066050,0,0,14,9,148,97,0,15
11,002,Capital,03130,066051,0,0,13,9,165,93,0,9
11,002,Capital,03130,066052,0,0,15,8,173,71,0,18
11,002,Capital,03130,066053,0,0,11,15,147,93,0,18
11,002,Capital,03130,066054,0,0,17,10,153,75,0,16
11,002,Capital,03130,066055,0,0,11,5,146,94,0,15
11,002,Capital,03130,066056,0,0,12,8,133,99,0,30
11,002,Capital,03130,066057,0,0,12,6,152,98,0,17
11,002,Capital,03130,066058,0,0,6,4,165,96,0,10
11,002,Capital,03130,100843,0,0,0,0,0,0,0,0
11,002,Capital,03130,100844,0,0,0,0,0,0,0,0
11,002,Capital,03130,100845,0,0,0,0,0,0,0,0
11,003,Caleu Caleu,03131,066059,0,0,0,0,175,65,0,11
11,003,Caleu Caleu,03131,066060,0,0,9,2,188,58,0,16
11,003,Caleu Caleu,03131,066061,0,0,16,4,156,66,0,13
11,003,Caleu Caleu,03131,066062,0,0,0,5,166,68,0,13
11,003,Caleu Caleu,03131,066063,0,0,7,6,181,62,0,5
11,003,Caleu Caleu,03131,100846,0,0,0,0,0,0,0,0
11,004,Catriló,03132,066064,0,0,11,4,125,119,0,14
11,004,Catriló,03132,066065,0,0,4,7,130,126,0,13
11,004,Catriló,03132,066066,0,0,4,7,138,110,0,13
11,004,Catriló,03132,066067,0,0,2,4,129,106,0,16
11,004,Catriló,03132,066068,0,0,12,4,105,126,0,16
11,004,Catriló,03132,066069,0,0,7,7,123,123,0,12
11,004,Catriló,03132,066070,0,0,7,4,155,88,0,16
11,004,Catriló,03132,066071,0,0,5,2,118,110,0,16
11,004,Catriló,03132,066072,0,0,8,3,138,101,0,12
11,004,Catriló,03132,066073,0,0,6,11,148,86,0,16
11,004,Catriló,03132,066074,0,0,9,5,137,100,0,14
11,004,Catriló,03132,100847,0,0,0,0,0,0,0,0
11,004,Catriló,03133,066075,0,0,3,1,16,19,0,4
11,004,Catriló,03134,066076,0,0,0,5,111,126,0,21
11,004,Catriló,03134,066077,0,0,4,8,143,99,0,17
11,004,Catriló,03134,066078,0,0,6,6,124,114,0,21
11,004,Catriló,03134,066079,0,0,6,3,137,96,0,22
11,004,Catriló,03134,066080,0,0,0,10,105,113,0,11
11,004,Catriló,03135,066081,0,0,7,3,167,77,0,14
11,004,Catriló,03135,066082,0,0,8,4,164,67,0,20
11,004,Catriló,03135,066083,0,0,3,6,177,59,0,7
11,005,Chalileo,03136,066084,0,0,0,0,8,2,0,1
11,005,Chalileo,03137,066085,0,0,1,6,170,50,0,16
11,005,Chalileo,03137,066086,0,0,8,6,147,77,0,13
11,005,Chalileo,03137,066087,0,0,13,8,132,70,0,22
11,005,Chalileo,03137,066088,0,0,0,5,164,40,0,17
11,005,Chalileo,03137,066089,0,0,0,10,143,68,0,16
11,005,Chalileo,03137,066090,0,0,14,8,120,94,0,11
11,005,Chalileo,03137,100848,0,0,0,0,0,0,0,0
11,005,Chalileo,03137,100849,0,0,0,0,0,0,0,0
11,006,Chapaleufú,03138,066091,0,0,4,5,128,103,0,18
11,006,Chapaleufú,03138,066092,0,0,0,1,93,144,0,9
11,006,Chapaleufú,03138,066093,0,0,7,0,131,100,0,10
11,006,Chapaleufú,03138,066094,0,0,5,2,136,104,0,13
11,006,Chapaleufú,03138,100850,0,0,0,0,0,0,0,0
11,006,Chapaleufú,03139,066095,0,0,4,3,119,141,0,10
11,006,Chapaleufú,03140,066096,0,0,5,5,99,137,0,19
11,006,Chapaleufú,03140,066097,0,0,13,8,108,123,0,17
11,006,Chapaleufú,03141,066098,0,0,12,3,136,110,0,10
11,006,Chapaleufú,03141,066099,0,0,9,3,125,121,0,19
11,006,Chapaleufú,03141,066100,0,0,9,3,138,120,0,21
11,006,Chapaleufú,03141,066101,0,0,14,3,161,110,0,8
11,006,Chapaleufú,03141,066102,0,0,1,2,140,119,0,17
11,006,Chapaleufú,03141,066103,0,0,11,9,139,115,0,14
11,006,Chapaleufú,03141,066104,0,0,0,1,139,124,0,16
11,006,Chapaleufú,03141,066105,0,0,4,4,106,146,0,18
11,006,Chapaleufú,03141,066106,0,0,1,3,140,113,0,12
11,006,Chapaleufú,03141,066107,0,0,2,5,119,133,0,12
11,006,Chapaleufú,03141,066108,0,0,7,4,139,106,0,20
11,006,Chapaleufú,03141,066109,0,0,13,4,108,142,0,10
11,006,Chapaleufú,03141,066110,0,0,9,1,161,89,0,24
11,006,Chapaleufú,03141,066111,0,0,21,2,120,122,0,2
11,006,Chapaleufú,03141,066112,0,0,11,5,118,120,0,27
11,006,Chapaleufú,03141,066113,0,0,12,4,160,108,0,13
11,006,Chapaleufú,03141,066114,0,0,6,0,146,115,0,17
11,006,Chapaleufú,03141,066115,0,0,18,4,151,102,0,15
11,006,Chapaleufú,03141,066116,0,0,11,4,116,139,0,9
11,006,Chapaleufú,03141,066117,0,0,4,5,141,114,0,21
11,006,Chapaleufú,03141,100851,0,0,0,0,0,0,0,0
11,006,Chapaleufú,03142,066118,0,0,8,7,148,92,0,13
11,006,Chapaleufú,03142,066119,0,0,12,8,129,104,0,15
11,006,Chapaleufú,03143,066120,0,0,7,3,67,53,0,6
11,007,Chical-Co,03144,066121,0,0,0,4,105,48,0,25
11,007,Chical-Co,03144,066122,0,0,1,7,98,64,0,15
11,007,Chical-Co,03145,066123,0,0,26,6,143,44,0,11
11,007,Chical-Co,03145,066124,0,0,14,5,150,37,0,11
11,007,Chical-Co,03145,066125,0,0,22,8,146,36,0,9
11,008,Conhelo,03146,066126,0,0,7,1,168,36,0,8
11,008,Conhelo,03146,066127,0,0,9,2,136,66,0,12
11,008,Conhelo,03147,066128,0,0,13,8,159,85,0,16
11,008,Conhelo,03147,066129,0,0,9,4,148,92,0,17
11,008,Conhelo,03147,066130,0,0,8,7,165,81,0,19
11,008,Conhelo,03147,066131,0,0,16,3,112,137,0,14
11,008,Conhelo,03147,066132,0,0,8,2,119,128,0,13
11,008,Conhelo,03147,066133,0,0,12,3,161,78,0,16
11,008,Conhelo,03147,066134,0,0,9,5,156,86,0,10
11,008,Conhelo,03147,066135,0,0,7,6,145,105,0,12
11,008,Conhelo,03147,066136,0,0,12,2,144,93,0,17
11,008,Conhelo,03147,066137,0,0,14,5,166,73,0,15
11,008,Conhelo,03147,066138,0,0,9,2,151,104,0,10
11,008,Conhelo,03147,066139,0,0,14,2,168,74,0,17
11,008,Conhelo,03147,066140,0,0,12,4,161,89,0,15
11,008,Conhelo,03147,066141,0,0,6,2,158,98,0,18
11,008,Conhelo,03147,066142,0,0,10,4,117,122,0,14
11,008,Conhelo,03147,066143,0,0,14,4,125,91,0,23
11,008,Conhelo,03147,066144,0,0,13,7,116,111,0,13
11,008,Conhelo,03147,066145,0,0,16,3,132,93,0,22
11,008,Conhelo,03147,066146,0,0,8,7,169,81,0,22
11,008,Conhelo,03147,066147,0,0,9,1,112,133,0,21
11,008,Conhelo,03147,066148,0,0,10,4,133,110,0,18
11,008,Conhelo,03147,066149,0,0,15,7,139,100,0,18
11,008,Conhelo,03147,066150,0,0,17,3,110,114,0,21
11,008,Conhelo,03147,066151,0,0,10,5,119,125,0,18
11,008,Conhelo,03147,066152,0,0,18,3,132,102,0,20
11,008,Conhelo,03147,066153,0,0,11,3,137,115,0,13
11,008,Conhelo,03148,066154,0,0,7,5,93,89,0,16
11,008,Conhelo,03148,066155,0,0,7,6,104,83,0,13
11,008,Conhelo,03149,066156,0,0,4,2,135,41,0,10
11,008,Conhelo,03150,066157,0,0,3,6,119,116,0,15
11,008,Conhelo,03150,066158,0,0,5,4,104,132,0,12
11,008,Conhelo,03150,066159,0,0,6,3,123,106,0,11
11,008,Conhelo,03150,066160,0,0,7,6,115,117,0,18
11,008,Conhelo,03150,066161,0,0,12,6,123,108,0,16
11,008,Conhelo,03150,066162,0,0,12,5,122,93,0,15
11,008,Conhelo,03150,066163,0,0,5,6,120,98,0,21
11,008,Conhelo,03150,066164,0,0,1,4,133,100,0,15
11,008,Conhelo,05708,100852,0,0,0,0,0,0,0,0
11,009,Curacó,03151,066165,0,0,19,6,179,41,0,22
11,009,Curacó,03152,066166,0,0,2,3,141,38,0,13
11,009,Curacó,03152,066167,0,0,0,4,123,55,0,7
11,010,Guatraché,03153,066168,0,0,6,4,109,126,0,15
11,010,Guatraché,03153,066169,0,0,5,7,114,123,0,12
11,010,Guatraché,03153,066170,0,0,9,4,118,104,0,18
11,010,Guatraché,03153,066171,0,0,6,1,101,137,0,11
11,010,Guatraché,03153,066172,0,0,5,5,102,132,0,15
11,010,Guatraché,03153,066173,0,0,13,6,113,128,0,17
11,010,Guatraché,03154,066174,0,0,9,3,106,94,0,9
11,010,Guatraché,03154,066175,0,0,11,5,106,89,0,6
11,010,Guatraché,03154,066176,0,0,10,5,103,105,0,10
11,010,Guatraché,03154,066177,0,0,4,3,81,124,0,13
11,010,Guatraché,03155,066178,0,0,18,6,77,131,0,20
11,010,Guatraché,03155,066179,0,0,13,2,82,119,0,10
11,010,Guatraché,03155,066180,0,0,11,3,99,136,0,18
11,010,Guatraché,03155,066181,0,0,11,3,76,132,0,21
11,010,Guatraché,03155,066182,0,0,7,4,60,111,0,13
11,010,Guatraché,03155,066183,0,0,0,3,93,133,0,16
11,010,Guatraché,03155,066184,0,0,7,2,85,121,0,15
11,010,Guatraché,03155,066185,0,0,0,5,88,113,0,17
11,010,Guatraché,03155,066186,0,0,8,1,73,95,0,15
11,010,Guatraché,03155,066187,0,0,6,4,87,139,0,21
11,010,Guatraché,03155,066188,0,0,10,8,72,142,0,19
11,010,Guatraché,03155,066189,0,0,15,6,88,130,0,18
11,010,Guatraché,03155,066190,0,0,17,4,50,138,0,19
11,010,Guatraché,03156,066191,0,0,3,0,27,17,0,1
11,010,Guatraché,03157,066192,0,0,9,5,53,126,0,14
11,010,Guatraché,03157,066193,0,0,8,5,52,122,0,10
11,011,Hucal,03158,066194,0,0,16,7,104,101,0,21
11,011,Hucal,03158,066195,0,0,9,5,114,104,0,23
11,011,Hucal,03158,066196,0,0,10,6,104,111,0,25
11,011,Hucal,03158,066197,0,0,6,5,129,85,0,34
11,011,Hucal,03158,066198,0,0,0,5,109,109,0,29
11,011,Hucal,03159,066199,0,0,2,4,103,133,0,18
11,011,Hucal,03159,066200,0,0,10,7,73,155,0,20
11,011,Hucal,03159,066201,0,0,13,3,97,119,0,16
11,011,Hucal,03159,066202,0,0,11,3,76,128,0,25
11,011,Hucal,03159,066203,0,0,10,6,83,137,0,23
11,011,Hucal,03159,066204,0,0,8,6,74,157,0,17
11,011,Hucal,03159,066205,0,0,8,8,99,139,0,19
11,011,Hucal,03159,100853,0,0,0,0,0,0,0,0
11,011,Hucal,03160,066206,0,0,12,4,82,145,0,11
11,011,Hucal,03160,066207,0,0,8,2,89,134,0,20
11,011,Hucal,03160,066208,0,0,7,2,102,130,0,10
11,011,Hucal,03160,066209,0,0,4,2,116,113,0,17
11,011,Hucal,03160,066210,0,0,4,2,122,103,0,12
11,011,Hucal,03160,066211,0,0,5,4,115,118,0,14
11,011,Hucal,03160,066212,0,0,3,4,97,126,0,21
11,011,Hucal,03160,066213,0,0,9,4,115,104,0,17
11,011,Hucal,03161,066214,0,0,4,1,81,62,0,11
11,011,Hucal,03161,066215,0,0,3,4,67,91,0,4
11,012,Loventué,03162,066216,0,0,10,3,156,79,0,14
11,012,Loventué,03163,066217,0,0,1,1,67,30,0,9
11,012,Loventué,03164,066218,0,0,6,2,174,79,0,9
11,012,Loventué,03164,066219,0,0,6,3,176,76,0,8
11,012,Loventué,03165,066220,0,0,9,6,159,82,0,11
11,012,Loventué,03165,066221,0,0,11,7,147,82,0,0
11,012,Loventué,03165,066222,0,0,2,4,154,79,0,9
11,012,Loventué,03165,066223,0,0,5,2,134,89,0,9
11,012,Loventué,03166,066224,0,0,8,11,159,98,0,15
11,012,Loventué,03166,066225,0,0,9,3,159,77,0,20
11,012,Loventué,03166,066226,0,0,11,11,163,74,0,18
11,012,Loventué,03166,066227,0,0,10,1,173,68,0,15
11,012,Loventué,03166,066228,0,0,8,8,149,98,0,19
11,012,Loventué,03166,066229,0,0,10,5,142,91,0,13
11,012,Loventué,03166,066230,0,0,0,7,151,85,0,16
11,012,Loventué,03166,066231,0,0,5,8,140,112,0,11
11,012,Loventué,03166,066232,0,0,9,2,164,92,0,17
11,012,Loventué,03166,066233,0,0,10,6,165,87,0,15
11,012,Loventué,03166,066234,0,0,7,2,176,77,0,22
11,012,Loventué,03166,066235,0,0,13,5,15,81,0,13
11,012,Loventué,03166,066236,0,0,9,4,160,95,0,11
11,012,Loventué,03166,066237,0,0,6,6,165,85,0,19
11,012,Loventué,03166,066238,0,0,3,5,135,114,0,13
11,012,Loventué,03166,100854,0,0,0,0,0,0,0,0
11,013,Lihuel Calel,03167,066239,0,0,0,5,92,75,0,15
11,014,Limay Mahuida,03168,066240,0,0,2,3,94,88,0,2
11,014,Limay Mahuida,03169,066241,0,0,2,1,88,42,0,10
11,015,Maracó,03170,066242,0,0,18,6,116,121,0,20
11,015,Maracó,03171,066243,0,0,11,4,119,88,0,11
11,015,Maracó,03171,066244,0,0,0,5,116,76,0,18
11,015,Maracó,03172,066245,0,0,2,11,131,103,0,18
11,015,Maracó,03172,066246,0,0,15,7,138,105,0,21
11,015,Maracó,03172,066247,0,0,2,7,129,115,0,14
11,015,Maracó,03172,066248,0,0,14,7,127,93,0,27
11,015,Maracó,03172,066249,0,0,18,4,134,101,0,13
11,015,Maracó,03172,066250,0,0,19,15,138,102,0,20
11,015,Maracó,03172,066251,0,0,24,3,121,105,0,20
11,015,Maracó,03172,066252,0,0,9,5,119,126,0,14
11,015,Maracó,03172,066253,0,0,21,13,123,108,0,20
11,015,Maracó,03172,066254,0,0,21,9,127,122,0,15
11,015,Maracó,03172,066255,0,0,21,10,130,111,0,18
11,015,Maracó,03172,066256,0,0,20,5,139,94,0,18
11,015,Maracó,03172,066257,0,0,22,4,126,110,0,21
11,015,Maracó,03172,066258,0,0,16,5,156,81,0,23
11,015,Maracó,03172,066259,0,0,11,6,127,122,0,18
11,015,Maracó,03172,066260,0,0,22,8,115,121,0,18
11,015,Maracó,03172,066261,0,0,21,4,131,111,0,16
11,015,Maracó,03172,066262,0,0,22,13,125,92,0,21
11,015,Maracó,03172,066263,0,0,18,7,123,107,0,20
11,015,Maracó,03172,066264,0,0,14,6,140,102,0,24
11,015,Maracó,03172,066265,0,0,10,6,110,147,0,12
11,015,Maracó,03172,066266,0,0,22,14,126,114,0,18
11,015,Maracó,03172,066267,0,0,9,10,131,103,0,25
11,015,Maracó,03172,066268,0,0,11,7,137,109,0,17
11,015,Maracó,03172,066269,0,0,21,2,160,99,0,18
11,015,Maracó,03172,066270,0,0,23,6,140,106,0,17
11,015,Maracó,03172,066271,0,0,25,5,125,95,0,26
11,015,Maracó,03172,066272,0,0,23,6,131,112,0,19
11,015,Maracó,03172,066273,0,0,17,5,113,118,0,20
11,015,Maracó,03172,066274,0,0,0,7,132,119,0,19
11,015,Maracó,03172,066275,0,0,16,8,145,102,0,20
11,015,Maracó,03172,066276,0,0,8,5,148,87,0,13
11,015,Maracó,03172,066277,0,0,20,11,147,90,0,15
11,015,Maracó,03172,066278,0,0,0,4,125,117,0,15
11,015,Maracó,03172,066279,0,0,19,4,121,123,0,25
11,015,Maracó,03172,066280,0,0,17,11,133,100,0,20
11,015,Maracó,03172,066281,0,0,15,8,133,110,0,20
11,015,Maracó,03172,066282,0,0,16,6,137,97,0,31
11,015,Maracó,03172,066283,0,0,15,12,139,106,0,16
11,015,Maracó,03172,066284,0,0,20,9,100,135,0,21
11,015,Maracó,03172,066285,0,0,22,7,116,119,0,17
11,015,Maracó,03172,066286,0,0,16,4,158,90,0,22
11,015,Maracó,03172,066287,0,0,1,8,138,106,0,18
11,015,Maracó,03172,066288,0,0,20,3,117,118,0,21
11,015,Maracó,03172,066289,0,0,1,7,117,121,0,23
11,015,Maracó,03172,066290,0,0,16,7,150,106,0,0
11,015,Maracó,03172,066291,0,0,15,5,156,92,0,19
11,015,Maracó,03172,066292,0,0,18,4,127,104,0,25
11,015,Maracó,03172,066293,0,0,35,6,123,85,0,20
11,015,Maracó,03172,066294,0,0,0,10,152,105,0,15
11,015,Maracó,03172,066295,0,0,22,12,148,92,0,19
11,015,Maracó,03172,066296,0,0,11,14,119,115,0,24
11,015,Maracó,03172,066297,0,0,8,5,138,112,0,20
11,015,Maracó,03172,066298,0,0,18,12,120,108,0,27
11,015,Maracó,03172,066299,0,0,28,8,138,93,0,19
11,015,Maracó,03172,066300,0,0,26,4,112,116,0,15
11,015,Maracó,03172,066301,0,0,10,8,132,113,0,17
11,015,Maracó,03172,066302,0,0,15,5,138,104,0,21
11,015,Maracó,03172,066303,0,0,13,7,148,84,0,25
11,015,Maracó,03172,066304,0,0,33,0,0,0,0,0
11,015,Maracó,03172,066305,0,0,23,8,127,105,0,25
11,015,Maracó,03172,066306,0,0,23,7,151,87,0,20
11,015,Maracó,03172,100855,0,0,0,0,0,0,0,0
11,015,Maracó,03172,100856,0,0,0,0,0,0,0,0
11,015,Maracó,03173,066307,0,0,26,6,113,130,0,18
11,015,Maracó,03173,066308,0,0,23,7,113,119,0,16
11,015,Maracó,03173,066309,0,0,11,7,115,121,0,17
11,015,Maracó,03173,066310,0,0,13,6,123,120,0,20
11,015,Maracó,03173,066311,0,0,0,1,126,115,0,20
11,015,Maracó,03173,066312,0,0,4,5,110,142,0,23
11,015,Maracó,03173,066313,0,0,6,5,118,121,0,23
11,015,Maracó,03173,066314,0,0,17,3,128,114,0,20
11,015,Maracó,03173,066315,0,0,4,4,131,91,0,22
11,015,Maracó,03173,066316,0,0,20,5,112,134,0,21
11,015,Maracó,03173,066317,0,0,13,9,128,131,0,20
11,015,Maracó,03173,066318,0,0,10,11,93,137,0,18
11,015,Maracó,03173,066319,0,0,4,4,116,146,0,16
11,015,Maracó,03173,066320,0,0,18,7,116,119,0,24
11,015,Maracó,03173,066321,0,0,0,6,130,103,0,14
11,015,Maracó,03173,066322,0,0,4,7,105,128,0,25
11,015,Maracó,03173,066323,0,0,0,6,110,124,0,33
11,015,Maracó,03173,066324,0,0,17,7,119,118,0,21
11,015,Maracó,03173,066325,0,0,22,7,118,113,0,19
11,015,Maracó,03173,066326,0,0,18,7,108,135,0,15
11,015,Maracó,03173,066327,0,0,16,7,107,117,0,20
11,015,Maracó,03173,066328,0,0,18,5,146,99,0,16
11,015,Maracó,03173,066329,0,0,11,8,102,130,0,22
11,015,Maracó,03173,066330,0,0,0,5,142,112,0,19
11,015,Maracó,03173,066331,0,0,15,7,106,114,0,23
11,015,Maracó,03173,066332,0,0,14,4,134,137,0,16
11,015,Maracó,03173,066333,0,0,17,3,104,141,0,20
11,015,Maracó,03173,066334,0,0,6,10,101,124,0,22
11,015,Maracó,03173,066335,0,0,10,7,102,134,0,27
11,015,Maracó,03173,066336,0,0,12,8,107,126,0,24
11,015,Maracó,03173,066337,0,0,0,5,121,119,0,24
11,015,Maracó,03173,066338,0,0,15,5,127,109,0,17
11,015,Maracó,03173,066339,0,0,16,9,156,78,0,19
11,015,Maracó,03173,066340,0,0,19,10,132,110,0,20
11,015,Maracó,03173,066341,0,0,13,5,103,134,0,20
11,015,Maracó,03173,066342,0,0,16,6,102,122,0,24
11,015,Maracó,03173,066343,0,0,17,8,161,97,0,18
11,015,Maracó,03173,066344,0,0,5,11,91,151,0,14
11,015,Maracó,03173,066345,0,0,21,5,98,142,0,4
11,015,Maracó,03173,066346,0,0,13,8,140,118,0,15
11,015,Maracó,03173,066347,0,0,14,6,129,110,0,24
11,015,Maracó,03173,066348,0,0,15,8,116,119,0,17
11,015,Maracó,03173,066349,0,0,16,5,156,91,0,19
11,015,Maracó,03173,066350,0,0,22,6,108,132,0,17
11,015,Maracó,03173,066351,0,0,17,5,118,142,0,23
11,015,Maracó,03173,066352,0,0,18,6,115,123,0,17
11,015,Maracó,03173,066353,0,0,14,8,135,103,0,18
11,015,Maracó,03173,066354,0,0,15,5,129,115,0,19
11,015,Maracó,03173,066355,0,0,15,7,109,123,0,19
11,015,Maracó,03173,066356,0,0,19,3,127,116,0,25
11,015,Maracó,03173,066357,0,0,14,8,96,131,0,24
11,015,Maracó,03173,066358,0,0,11,4,96,125,0,28
11,015,Maracó,03173,066359,0,0,11,5,129,119,0,20
11,015,Maracó,03173,066360,0,0,12,6,156,89,0,22
11,015,Maracó,03173,066361,0,0,0,6,114,118,0,16
11,015,Maracó,03173,066362,0,0,19,4,102,140,0,26
11,015,Maracó,03173,066363,0,0,10,5,112,128,0,19
11,015,Maracó,03173,066364,0,0,9,5,131,101,0,25
11,015,Maracó,03173,066365,0,0,13,7,110,145,0,11
11,015,Maracó,03173,066366,0,0,14,6,121,125,0,18
11,015,Maracó,03173,066367,0,0,21,7,151,95,0,17
11,015,Maracó,03173,066368,0,0,8,6,116,136,0,24
11,015,Maracó,03173,066369,0,0,12,7,146,102,0,20
11,015,Maracó,03173,066370,0,0,23,3,118,118,0,20
11,015,Maracó,03173,066371,0,0,17,10,111,120,0,34
11,015,Maracó,03173,066372,0,0,21,10,124,112,0,32
11,015,Maracó,03173,066373,0,0,7,11,108,117,0,23
11,015,Maracó,03173,066374,0,0,6,7,95,143,0,23
11,015,Maracó,03173,066375,0,0,29,10,118,108,0,29
11,015,Maracó,03173,066376,0,0,20,8,100,138,0,23
11,015,Maracó,03173,066377,0,0,15,5,114,135,0,26
11,015,Maracó,03173,066378,0,0,27,0,127,112,0,20
11,015,Maracó,03173,066379,0,0,14,5,117,114,0,23
11,015,Maracó,03173,066380,0,0,17,0,113,130,0,27
11,015,Maracó,03173,066381,0,0,5,5,118,128,0,13
11,015,Maracó,03173,066382,0,0,19,16,108,120,0,22
11,015,Maracó,03173,066383,0,0,14,3,124,121,0,22
11,015,Maracó,03173,066384,0,0,15,8,99,133,0,24
11,015,Maracó,03173,066385,0,0,17,7,135,107,0,21
11,015,Maracó,03173,066386,0,0,14,11,118,120,0,20
11,015,Maracó,03173,100857,0,0,0,0,0,0,0,0
11,015,Maracó,03173,100858,0,0,0,0,0,0,0,0
11,015,Maracó,03174,066387,0,0,0,3,122,73,0,11
11,015,Maracó,03174,066388,0,0,0,5,104,93,0,12
11,015,Maracó,03175,066389,0,0,1,1,15,25,0,1
11,016,Puelén,03176,066390,0,0,18,13,127,75,0,23
11,016,Puelén,03176,066391,0,0,0,8,146,92,0,20
11,016,Puelén,03176,066392,0,0,4,0,163,73,0,20
11,016,Puelén,03176,066393,0,0,24,8,149,84,0,11
11,016,Puelén,03176,066394,0,0,13,8,158,82,0,23
11,016,Puelén,03176,066395,0,0,18,9,152,75,0,26
11,016,Puelén,03176,066396,0,0,3,2,136,100,0,23
11,016,Puelén,03176,066397,0,0,12,6,151,72,0,25
11,016,Puelén,03176,066398,0,0,14,5,136,96,0,26
11,016,Puelén,03176,066399,0,0,19,10,151,81,0,22
11,016,Puelén,03176,066400,0,0,17,6,146,91,0,21
11,016,Puelén,03176,066401,0,0,14,7,158,78,0,23
11,016,Puelén,03176,066402,0,0,0,14,144,83,0,22
11,016,Puelén,03176,066403,0,0,16,6,152,89,0,22
11,016,Puelén,03176,066404,0,0,23,9,157,72,0,28
11,016,Puelén,03176,066405,0,0,0,1,170,58,0,25
11,016,Puelén,03176,066406,0,0,20,5,169,66,0,21
11,016,Puelén,03176,066407,0,0,17,13,135,80,0,19
11,016,Puelén,03176,066408,0,0,16,12,153,78,0,28
11,016,Puelén,03176,066409,0,0,22,6,183,59,0,22
11,016,Puelén,03176,066410,0,0,16,6,159,80,0,16
11,016,Puelén,03176,066411,0,0,19,5,135,95,0,25
11,016,Puelén,03176,066412,0,0,0,2,33,8,0,2
11,016,Puelén,03177,066413,0,0,22,2,114,68,0,21
11,016,Puelén,03177,066414,0,0,25,3,123,59,0,16
11,017,Quemú Quemú,03178,066415,0,0,2,9,135,97,0,26
11,017,Quemú Quemú,03178,066416,0,0,19,20,130,84,0,24
11,017,Quemú Quemú,03178,066417,0,0,6,10,111,105,0,19
11,017,Quemú Quemú,03178,066418,0,0,18,7,98,127,0,14
11,017,Quemú Quemú,03178,066419,0,0,8,7,129,102,0,19
11,017,Quemú Quemú,03178,066420,0,0,13,16,119,103,0,19
11,017,Quemú Quemú,03178,100859,0,0,0,0,0,0,0,0
11,017,Quemú Quemú,03178,100860,0,0,0,0,0,0,0,0
11,017,Quemú Quemú,03179,066421,0,0,8,7,165,96,0,17
11,017,Quemú Quemú,03179,066422,0,0,7,5,164,89,0,26
11,017,Quemú Quemú,03180,066423,0,0,11,5,117,142,0,17
11,017,Quemú Quemú,03180,066424,0,0,15,5,120,139,0,10
11,017,Quemú Quemú,03180,066425,0,0,10,2,84,167,0,15
11,017,Quemú Quemú,03180,066426,0,0,13,6,99,143,0,15
11,017,Quemú Quemú,03180,066427,0,0,16,6,88,154,0,14
11,017,Quemú Quemú,03180,066428,0,0,10,4,108,147,0,15
11,017,Quemú Quemú,03180,066429,0,0,9,6,133,122,0,19
11,017,Quemú Quemú,03180,066430,0,0,14,5,110,139,0,18
11,017,Quemú Quemú,03180,066431,0,0,15,6,104,148,0,10
11,017,Quemú Quemú,03180,066432,0,0,14,5,103,142,0,20
11,017,Quemú Quemú,03181,066433,0,0,6,4,69,52,0,5
11,017,Quemú Quemú,03182,066434,0,0,1,1,12,17,0,4
11,017,Quemú Quemú,03183,066435,0,0,7,9,105,92,0,24
11,017,Quemú Quemú,03183,066436,0,0,5,13,96,105,0,17
11,018,Rancul,03184,066437,0,0,9,6,127,101,0,19
11,018,Rancul,03184,066438,0,0,10,1,85,146,0,22
11,018,Rancul,03184,066439,0,0,6,5,137,94,0,11
11,018,Rancul,03184,066440,0,0,9,6,149,73,0,7
11,018,Rancul,03184,066441,0,0,4,1,145,93,0,12
11,018,Rancul,03184,066442,0,0,11,4,158,90,0,10
11,018,Rancul,03185,066443,0,0,0,0,2,1,0,0
11,018,Rancul,03186,066444,0,0,0,2,157,88,0,11
11,018,Rancul,03186,066445,0,0,14,1,142,96,0,3
11,018,Rancul,03186,066446,0,0,13,1,153,74,0,9
11,018,Rancul,03186,066447,0,0,5,4,150,81,0,8
11,018,Rancul,03187,066448,0,0,4,3,136,142,0,17
11,018,Rancul,03187,066449,0,0,6,5,132,138,0,11
11,018,Rancul,03187,066450,0,0,9,2,143,116,0,12
11,018,Rancul,03187,066451,0,0,20,5,153,102,0,18
11,018,Rancul,03187,066452,0,0,8,0,113,130,0,13
11,018,Rancul,03187,066453,0,0,7,4,154,122,0,16
11,018,Rancul,03188,066454,0,0,7,9,84,73,0,12
11,018,Rancul,03189,066455,0,0,13,0,59,91,0,13
11,018,Rancul,03189,066456,0,0,15,1,72,84,0,7
11,018,Rancul,03190,066457,0,0,9,3,122,95,0,9
11,018,Rancul,03190,066458,0,0,4,2,134,104,0,10
11,018,Rancul,03190,066459,0,0,3,5,131,99,0,16
11,018,Rancul,03190,066460,0,0,8,4,131,107,0,7
11,018,Rancul,03190,066461,0,0,8,3,137,105,0,10
11,018,Rancul,03190,066462,0,0,7,3,152,96,0,14
11,018,Rancul,03190,066463,0,0,5,1,154,92,0,16
11,018,Rancul,03190,066464,0,0,15,2,117,102,0,17
11,018,Rancul,03190,066465,0,0,8,11,147,78,0,7
11,018,Rancul,03190,066466,0,0,11,4,140,111,0,15
11,019,Realicó,03191,066467,0,0,8,3,122,102,0,16
11,019,Realicó,03192,066468,0,0,10,3,126,120,0,24
11,019,Realicó,03192,066469,0,0,11,2,91,140,0,24
11,019,Realicó,03192,066470,0,0,12,2,95,156,0,18
11,019,Realicó,03192,066471,0,0,13,7,74,149,0,22
11,019,Realicó,03193,066472,0,0,11,2,98,103,0,20
11,019,Realicó,03194,066473,0,0,13,4,98,122,0,19
11,019,Realicó,03194,066474,0,0,24,2,91,112,0,17
11,019,Realicó,03194,066475,0,0,17,6,93,103,0,32
11,019,Realicó,03194,066476,0,0,21,4,103,115,0,16
11,019,Realicó,03195,066477,0,0,7,0,86,70,0,7
11,019,Realicó,03196,066478,0,0,9,7,122,109,0,14
11,019,Realicó,03196,066479,0,0,9,5,85,140,0,0
11,019,Realicó,03196,066480,0,0,5,4,109,137,0,12
11,019,Realicó,03196,066481,0,0,6,5,108,135,0,12
11,019,Realicó,03196,066482,0,0,20,2,130,95,0,15
11,019,Realicó,03196,066483,0,0,9,3,128,121,0,14
11,019,Realicó,03196,066484,0,0,8,2,133,114,0,14
11,019,Realicó,03196,066485,0,0,8,3,125,114,0,14
11,019,Realicó,03196,066486,0,0,14,2,147,99,0,15
11,019,Realicó,03196,066487,0,0,2,5,143,111,0,13
11,019,Realicó,03196,066488,0,0,5,2,118,107,0,19
11,019,Realicó,03196,066489,0,0,2,4,116,124,0,12
11,019,Realicó,03196,066490,0,0,13,2,144,98,0,15
11,019,Realicó,03197,066491,0,0,6,2,137,124,0,17
11,019,Realicó,03197,066492,0,0,13,9,150,106,0,12
11,019,Realicó,03197,066493,0,0,8,5,108,155,0,9
11,019,Realicó,03197,066494,0,0,10,3,146,117,0,10
11,019,Realicó,03197,066495,0,0,12,4,141,122,0,12
11,019,Realicó,03197,066496,0,0,11,6,114,135,0,13
11,019,Realicó,03197,066497,0,0,9,7,111,129,0,12
11,019,Realicó,03197,066498,0,0,5,2,112,152,0,15
11,019,Realicó,03197,066499,0,0,15,2,152,95,0,12
11,019,Realicó,03197,066500,0,0,9,1,135,106,0,18
11,019,Realicó,03197,066501,0,0,15,4,149,91,0,12
11,019,Realicó,03197,066502,0,0,11,5,124,111,0,23
11,019,Realicó,03197,066503,0,0,11,1,117,124,0,19
11,019,Realicó,03197,066504,0,0,8,7,164,92,0,13
11,019,Realicó,03197,066505,0,0,6,3,126,117,0,16
11,019,Realicó,03197,066506,0,0,8,6,125,133,0,13
11,019,Realicó,03197,066507,0,0,16,7,113,124,0,11
11,019,Realicó,03197,066508,0,0,9,4,145,116,0,15
11,019,Realicó,03197,066509,0,0,11,1,138,116,0,9
11,019,Realicó,03197,066510,0,0,14,6,114,113,0,15
11,020,Toay,03198,066511,0,0,0,0,1,0,0,0
11,020,Toay,03199,066512,0,0,0,0,2,2,0,0
11,020,Toay,03200,066513,0,0,0,0,2,1,0,0
11,020,Toay,03201,066514,0,0,0,11,173,67,0,15
11,020,Toay,03201,066515,0,0,6,9,148,96,0,16
11,020,Toay,03201,066516,0,0,5,6,156,93,0,17
11,020,Toay,03201,066517,0,0,9,5,112,113,0,18
11,020,Toay,03201,066518,0,0,10,4,126,124,0,24
11,020,Toay,03201,066519,0,0,0,8,134,114,0,12
11,020,Toay,03201,066520,0,0,6,5,174,60,0,19
11,020,Toay,03201,066521,0,0,9,8,146,89,0,17
11,020,Toay,03201,066522,0,0,11,5,133,98,0,17
11,020,Toay,03201,066523,0,0,7,4,156,79,0,19
11,020,Toay,03201,066524,0,0,12,4,138,108,0,11
11,020,Toay,03201,066525,0,0,16,3,135,96,0,15
11,020,Toay,03201,066526,0,0,5,14,156,89,0,22
11,020,Toay,03201,066527,0,0,10,5,158,87,0,16
11,020,Toay,03201,066528,0,0,10,5,136,91,0,23
11,020,Toay,03201,066529,0,0,7,6,163,83,0,13
11,020,Toay,03201,066530,0,0,14,8,156,71,0,17
11,020,Toay,03201,066531,0,0,7,9,147,89,0,18
11,020,Toay,03201,066532,0,0,16,5,150,92,0,17
11,020,Toay,03201,066533,0,0,9,5,151,93,0,21
11,020,Toay,03201,066534,0,0,8,5,139,96,0,13
11,020,Toay,03201,066535,0,0,11,10,163,86,0,12
11,020,Toay,03201,066536,0,0,12,7,119,122,0,13
11,020,Toay,03201,066537,0,0,12,7,154,78,0,17
11,020,Toay,03201,066538,0,0,6,9,143,112,0,22
11,020,Toay,03201,066539,0,0,11,8,153,75,0,17
11,020,Toay,03201,066540,0,0,0,7,160,78,0,16
11,020,Toay,03201,066541,0,0,15,5,160,74,0,16
11,020,Toay,03201,066542,0,0,7,7,145,98,0,24
11,020,Toay,03201,066543,0,0,4,6,135,85,0,16
11,020,Toay,03201,066544,0,0,8,7,144,115,0,10
11,020,Toay,03201,066545,0,0,10,2,161,80,0,15
11,020,Toay,03201,066546,0,0,14,4,135,108,0,12
11,020,Toay,03201,066547,0,0,12,8,114,125,0,16
11,020,Toay,03201,066548,0,0,8,5,136,93,0,8
11,020,Toay,03201,066549,0,0,4,11,162,78,0,12
11,020,Toay,03201,066550,0,0,0,3,142,91,0,15
11,020,Toay,03201,066551,0,0,12,3,157,87,0,13
11,020,Toay,03201,066552,0,0,14,12,133,122,0,16
11,021,Trenel,03202,066553,0,0,27,5,143,83,0,13
11,021,Trenel,03202,066554,0,0,14,4,117,127,0,11
11,021,Trenel,03202,066555,0,0,13,6,134,109,0,11
11,021,Trenel,03203,066556,0,0,11,4,108,70,0,20
11,021,Trenel,03203,066557,0,0,10,4,108,89,0,23
11,021,Trenel,03204,066558,0,0,15,1,157,93,0,11
11,021,Trenel,03204,066559,0,0,13,2,166,95,0,11
11,021,Trenel,03204,066560,0,0,10,3,144,82,0,16
11,021,Trenel,03204,066561,0,0,10,0,153,77,0,13
11,021,Trenel,03204,066562,0,0,1,3,167,72,0,15
11,021,Trenel,03204,066563,0,0,12,3,169,83,0,9
11,021,Trenel,03204,066564,0,0,3,0,141,89,0,17
11,021,Trenel,03204,066565,0,0,3,5,142,103,0,10
11,021,Trenel,03204,066566,0,0,14,5,173,62,0,12
11,021,Trenel,03204,066567,0,0,9,1,148,90,0,17
11,022,Utracán,03205,066568,0,0,8,4,104,68,0,11
11,022,Utracán,03205,066569,0,0,9,5,96,91,0,16
11,022,Utracán,03205,066570,0,0,11,7,100,70,0,15
11,022,Utracán,03206,066571,0,0,14,2,99,161,0,9
11,022,Utracán,03207,066572,0,0,13,1,123,73,0,14
11,022,Utracán,03208,066573,0,0,0,7,136,88,0,22
11,022,Utracán,03208,066574,0,0,20,9,94,114,0,26
11,022,Utracán,03208,066575,0,0,17,6,86,127,0,23
11,022,Utracán,03208,066576,0,0,19,5,111,125,0,12
11,022,Utracán,03208,066577,0,0,23,6,122,112,0,14
11,022,Utracán,03208,066578,0,0,20,5,107,131,0,18
11,022,Utracán,03208,066579,0,0,0,3,129,106,0,19
11,022,Utracán,03208,066580,0,0,0,5,125,108,0,11
11,022,Utracán,03208,066581,0,0,16,9,115,118,0,13
11,022,Utracán,03208,066582,0,0,1,8,102,132,0,11
11,022,Utracán,03208,066583,0,0,12,5,91,138,0,23
11,022,Utracán,03208,066584,0,0,7,5,112,110,0,18
11,022,Utracán,03208,066585,0,0,0,3,140,108,0,17
11,022,Utracán,03208,066586,0,0,11,4,124,115,0,21
11,022,Utracán,03208,066587,0,0,9,7,136,94,0,15
11,022,Utracán,03208,066588,0,0,10,7,102,140,0,17
11,022,Utracán,03208,066589,0,0,20,5,118,114,0,17
11,022,Utracán,03208,066590,0,0,5,7,121,115,0,19
11,022,Utracán,03208,066591,0,0,10,7,103,127,0,21
11,022,Utracán,03208,066592,0,0,9,5,169,86,0,15
11,022,Utracán,03208,066593,0,0,16,12,113,119,0,11
11,022,Utracán,03208,066594,0,0,14,12,122,105,0,21
11,022,Utracán,03208,066595,0,0,5,5,103,134,0,25
11,022,Utracán,03208,066596,0,0,15,5,90,114,0,17
11,022,Utracán,03208,066597,0,0,22,7,137,112,0,18
11,022,Utracán,03208,066598,0,0,6,9,126,110,0,13
11,022,Utracán,03208,066599,0,0,20,5,126,96,0,12
11,022,Utracán,03208,066600,0,0,21,8,99,144,0,15
11,022,Utracán,03208,066601,0,0,11,5,101,125,0,24
11,022,Utracán,03208,066602,0,0,11,5,122,112,0,20
11,022,Utracán,03208,066603,0,0,9,0,126,104,0,22
11,022,Utracán,03208,100861,0,0,0,0,0,0,0,0
11,022,Utracán,03208,100862,0,0,0,0,0,0,0,0
11,022,Utracán,03208,100863,0,0,0,0,0,0,0,0
11,022,Utracán,03209,066604,0,0,7,5,104,78,0,13
11,022,Utracán,03209,066605,0,0,7,1,96,93,0,10
11,022,Utracán,03210,066606,0,0,7,1,36,47,0,7
