codprov,coddepto,depto,circuito,mesa,electores,nulos,blancos,00024,00036,00037,00043,00044,00050,00082,00099
03,001,Capital,01289,043459,0,0,17,11,0,106,0,0,120,0,0
03,001,Capital,01289,043460,0,0,0,13,0,88,0,0,133,0,0
03,001,Capital,01289,043461,0,0,0,8,0,87,0,0,130,0,0
03,001,Capital,01289,043462,0,0,33,13,0,95,0,0,119,0,0
03,001,Capital,01289,043463,0,0,37,8,0,89,0,0,101,0,0
03,001,Capital,01289,043464,0,0,23,13,0,87,0,0,114,0,0
03,001,Capital,01289,043465,0,0,22,10,0,92,0,0,113,0,0
03,001,Capital,01290,043466,0,0,33,12,0,125,0,0,97,0,0
03,001,Capital,01290,043467,0,0,33,14,0,108,0,0,102,0,0
03,001,Capital,01290,043468,0,0,28,19,0,123,0,0,87,0,0
03,001,Capital,01290,043469,0,0,41,24,0,123,0,0,78,0,0
03,001,Capital,01290,043470,0,0,35,10,0,105,0,0,100,0,0
03,001,Capital,01290,043471,0,0,48,10,0,117,0,0,82,0,0
03,001,Capital,01290,043472,0,0,27,16,0,146,0,0,67,0,0
03,001,Capital,01290,043473,0,0,32,18,0,128,0,0,83,0,0
03,001,Capital,01290,043474,0,0,21,13,0,103,0,0,118,0,0
03,001,Capital,01290,043475,0,0,0,17,0,114,0,0,94,0,0
03,001,Capital,01290,043476,0,0,24,13,0,128,0,0,80,0,0
03,001,Capital,01290,043477,0,0,31,18,0,121,0,0,80,0,0
03,001,Capital,01290,043478,0,0,34,17,0,108,0,0,102,0,0
03,001,Capital,01290,043479,0,0,26,13,0,126,0,0,96,0,0
03,001,Capital,01290,043480,0,0,34,12,0,116,0,0,81,0,0
03,001,Capital,01290,043481,0,0,27,17,0,136,0,0,69,0,0
03,001,Capital,01290,043482,0,0,39,14,0,124,0,0,76,0,0
03,001,Capital,01290,043483,0,0,0,12,0,118,0,0,87,0,0
03,001,Capital,01290,043484,0,0,40,12,0,130,0,0,78,0,0
03,001,Capital,01290,043485,0,0,26,16,0,134,0,0,71,0,0
03,001,Capital,01290,043486,0,0,0,19,0,112,0,0,84,0,0
03,001,Capital,01290,043487,0,0,29,14,0,112,0,0,90,0,0
03,001,Capital,01290,043488,0,0,33,33,0,124,0,0,70,0,0
03,001,Capital,01290,043489,0,0,32,18,0,113,0,0,89,0,0
03,001,Capital,01290,100185,0,0,0,0,0,0,0,0,0,0,0
03,001,Capital,01290,100186,0,0,0,0,0,0,0,0,0,0,0
03,001,Capital,01290,100187,0,0,0,0,0,0,0,0,0,0,0
03,001,Capital,01291,043490,0,0,0,12,0,142,0,0,58,0,0
03,001,Capital,01291,043491,0,0,29,22,0,160,0,0,48,0,0
03,001,Capital,01291,043492,0,0,0,15,0,145,0,0,69,0,0
03,001,Capital,01291,043493,0,0,1,18,0,146,0,0,54,0,0
03,001,Capital,01291,043494,0,0,0,15,0,123,0,0,73,0,0
03,001,Capital,01291,043495,0,0,0,16,0,149,0,0,60,0,0
03,001,Capital,01291,043496,0,0,30,15,0,155,0,0,60,0,0
03,001,Capital,01291,043497,0,0,0,28,0,127,0,0,72,0,0
03,001,Capital,01291,043498,0,0,1,17,0,148,0,0,54,0,0
03,001,Capital,01291,043499,0,0,0,19,0,149,0,0,52,0,0
03,001,Capital,01291,043500,0,0,42,18,0,140,0,0,75,0,0
03,001,Capital,01291,043501,0,0,0,13,0,126,0,0,74,0,0
03,001,Capital,01291,043502,0,0,24,13,0,132,0,0,71,0,0
03,001,Capital,01291,043503,0,0,0,17,0,147,0,0,61,0,0
03,001,Capital,01291,043504,0,0,38,18,0,132,0,0,75,0,0
03,001,Capital,01291,043505,0,0,30,15,0,165,0,0,52,0,0
03,001,Capital,01291,043506,0,0,0,9,0,134,0,0,82,0,0
03,001,Capital,01291,043507,0,0,0,0,0,126,0,0,69,0,0
03,001,Capital,01291,043508,0,0,0,16,0,129,0,0,70,0,0
03,001,Capital,01291,043509,0,0,0,18,0,146,0,0,65,0,0
03,001,Capital,01291,043510,0,0,40,20,0,138,0,0,76,0,0
03,001,Capital,01291,043511,0,0,0,19,0,125,0,0,74,0,0
03,001,Capital,01291,043512,0,0,28,14,0,155,0,0,69,0,0
03,001,Capital,01291,043513,0,0,0,16,0,142,0,0,57,0,0
03,001,Capital,01291,043514,0,0,0,19,0,147,0,0,53,0,0
03,001,Capital,01291,043515,0,0,2,13,0,164,0,0,59,0,0
03,001,Capital,01291,043516,0,0,0,18,0,128,0,0,82,0,0
03,001,Capital,01291,043517,0,0,0,18,0,157,0,0,58,0,0
03,001,Capital,01291,043518,0,0,39,19,0,139,0,0,62,0,0
03,001,Capital,01291,043519,0,0,0,14,0,138,0,0,50,0,0
03,001,Capital,01291,043520,0,0,0,13,0,137,0,0,68,0,0
03,001,Capital,01291,043521,0,0,0,20,0,126,0,0,76,0,0
03,001,Capital,01291,043522,0,0,1,22,0,141,0,0,67,0,0
03,001,Capital,01291,043523,0,0,1,13,0,146,0,0,68,0,0
03,001,Capital,01291,043524,0,0,0,26,0,134,0,0,66,0,0
03,001,Capital,01291,043525,0,0,0,14,0,13,0,0,63,0,0
03,001,Capital,01291,043526,0,0,0,18,0,127,0,0,71,0,0
03,001,Capital,01291,043527,0,0,0,11,0,151,0,0,64,0,0
03,001,Capital,01291,043528,0,0,28,24,0,138,0,0,71,0,0
03,001,Capital,01291,043529,0,0,2,19,0,152,0,0,57,0,0
03,001,Capital,01291,043530,0,0,5,21,0,122,0,0,76,0,0
03,001,Capital,01291,043531,0,0,41,19,0,123,0,0,71,0,0
03,001,Capital,01291,043532,0,0,25,13,0,138,0,0,68,0,0
03,001,Capital,01291,043533,0,0,28,19,0,131,0,0,74,0,0
03,001,Capital,01291,043534,0,0,36,20,0,146,0,0,54,0,0
03,001,Capital,01291,043535,0,0,27,13,0,135,0,0,73,0,0
03,001,Capital,01291,043536,0,0,0,15,0,153,0,0,53,0,0
03,001,Capital,01291,043537,0,0,0,18,0,125,0,0,72,0,0
03,001,Capital,01291,043538,0,0,0,13,0,135,0,0,86,0,0
03,001,Capital,01291,043539,0,0,21,13,0,138,0,0,73,0,0
03,001,Capital,01291,043540,0,0,5,13,0,142,0,0,70,0,0
03,001,Capital,01291,043541,0,0,33,13,0,138,0,0,73,0,0
03,001,Capital,01291,043542,0,0,0,26,0,157,0,0,60,0,0
03,001,Capital,01291,043543,0,0,0,18,0,141,0,0,53,0,0
03,001,Capital,01291,043544,0,0,0,17,0,154,0,0,54,0,0
03,001,Capital,01291,043545,0,0,20,16,0,156,0,0,64,0,0
03,001,Capital,01291,043546,0,0,0,15,0,134,0,0,70,0,0
03,001,Capital,01291,043547,0,0,0,20,0,131,0,0,56,0,0
03,001,Capital,01291,043548,0,0,1,12,0,152,0,0,56,0,0
03,001,Capital,01291,043549,0,0,32,18,0,131,0,0,72,0,0
03,001,Capital,01291,043550,0,0,24,22,0,140,0,0,57,0,0
03,001,Capital,01291,043551,0,0,0,15,0,128,0,0,73,0,0
03,001,Capital,01291,043552,0,0,52,13,0,133,0,0,49,0,0
03,001,Capital,01291,043553,0,0,39,9,0,143,0,0,61,0,0
03,001,Capital,01291,043554,0,0,30,10,0,155,0,0,56,0,0
03,001,Capital,01291,043555,0,0,0,17,0,153,0,0,57,0,0
03,001,Capital,01291,043556,0,0,3,14,0,157,0,0,68,0,0
03,001,Capital,01291,043557,0,0,1,16,0,130,0,0,76,0,0
03,001,Capital,01291,043558,0,0,34,17,0,126,0,0,81,0,0
03,001,Capital,01291,043559,0,0,35,13,0,128,0,0,65,0,0
03,001,Capital,01291,043560,0,0,0,14,0,132,0,0,69,0,0
03,001,Capital,01291,043561,0,0,29,13,0,158,0,0,45,0,0
03,001,Capital,01291,043562,0,0,38,15,0,155,0,0,53,0,0
03,001,Capital,01291,043563,0,0,38,22,0,141,0,0,46,0,0
03,001,Capital,01291,043564,0,0,38,17,0,114,0,0,78,0,0
03,001,Capital,01291,043565,0,0,42,18,0,146,0,0,68,0,0
03,001,Capital,01291,043566,0,0,33,12,0,141,0,0,68,0,0
03,001,Capital,01291,043567,0,0,48,8,0,139,0,0,52,0,0
03,001,Capital,01291,043568,0,0,0,18,0,143,0,0,58,0,0
03,001,Capital,01291,043569,0,0,35,16,0,146,0,0,54,0,0
03,001,Capital,01291,043570,0,0,35,9,0,143,0,0,72,0,0
03,001,Capital,01291,043571,0,0,25,23,0,158,0,0,42,0,0
03,001,Capital,01291,043572,0,0,0,14,0,159,0,0,54,0,0
03,001,Capital,01291,043573,0,0,30,13,0,149,0,0,74,0,0
03,001,Capital,01291,043574,0,0,0,11,0,160,0,0,47,0,0
03,001,Capital,01291,043575,0,0,33,17,0,136,0,0,58,0,0
03,001,Capital,01291,043576,0,0,0,28,0,148,0,0,56,0,0
03,001,Capital,01291,043577,0,0,35,12,0,140,0,0,53,0,0
03,001,Capital,01291,043578,0,0,41,11,0,144,0,0,53,0,0
03,001,Capital,01291,043579,0,0,34,22,0,129,0,0,69,0,0
03,001,Capital,01291,043580,0,0,38,10,0,142,0,0,62,0,0
03,001,Capital,01291,043581,0,0,33,24,0,137,0,0,63,0,0
03,001,Capital,01291,043582,0,0,30,14,0,148,0,0,49,0,0
03,001,Capital,01291,043583,0,0,38,10,0,148,0,0,56,0,0
03,001,Capital,01291,043584,0,0,36,16,0,141,0,0,62,0,0
03,001,Capital,01291,043585,0,0,34,18,0,156,0,0,50,0,0
03,001,Capital,01291,043586,0,0,3,11,0,126,0,0,63,0,0
03,001,Capital,01291,043587,0,0,0,9,0,135,0,0,73,0,0
03,001,Capital,01291,043588,0,0,0,13,0,157,0,0,68,0,0
03,001,Capital,01291,100188,0,0,0,0,0,0,0,0,0,0,0
03,001,Capital,01291,100189,0,0,0,0,0,0,0,0,0,0,0
03,001,Capital,01291,100190,0,0,0,0,0,0,0,0,0,0,0
03,001,Capital,01291,100191,0,0,0,0,0,0,0,0,0,0,0
03,001,Capital,01291,100192,0,0,0,0,0,0,0,0,0,0,0
03,001,Capital,01291,100193,0,0,0,0,0,0,0,0,0,0,0
03,001,Capital,01291,100194,0,0,0,0,0,0,0,0,0,0,0
03,001,Capital,01291,100195,0,0,0,0,0,0,0,0,0,0,0
03,001,Capital,01291,100196,0,0,0,0,0,0,0,0,0,0,0
03,001,Capital,01291,100197,0,0,0,0,0,0,0,0,0,0,0
03,001,Capital,01291,100198,0,0,0,0,0,0,0,0,0,0,0
03,001,Capital,01291,100199,0,0,0,0,0,0,0,0,0,0,0
03,001,Capital,01291,100200,0,0,0,0,0,0,0,0,0,0,0
03,001,Capital,01291,100201,0,0,0,0,0,0,0,0,0,0,0
03,001,Capital,01292,043589,0,0,29,7,0,135,0,0,93,0,0
03,001,Capital,01292,043590,0,0,40,4,0,121,0,0,88,0,0
03,001,Capital,01292,043591,0,0,38,7,0,106,0,0,115,0,0
03,001,Capital,01292,043592,0,0,44,10,0,89,0,0,107,0,0
03,001,Capital,01292,043593,0,0,28,16,0,110,0,0,96,0,0
03,001,Capital,01292,043594,0,0,27,14,0,97,0,0,87,0,0
03,001,Capital,01292,043595,0,0,34,16,0,98,0,0,118,0,0
03,001,Capital,01292,043596,0,0,25,21,0,119,0,0,109,0,0
03,001,Capital,01292,043597,0,0,28,15,0,134,0,0,76,0,0
03,001,Capital,01292,043598,0,0,35,14,0,120,0,0,97,0,0
03,001,Capital,01292,043599,0,0,38,7,0,120,0,0,91,0,0
03,001,Capital,01292,043600,0,0,35,8,0,108,0,0,96,0,0
03,001,Capital,01292,043601,0,0,18,10,0,103,0,0,116,0,0
03,001,Capital,01292,043602,0,0,31,9,0,130,0,0,89,0,0
03,001,Capital,01293,043603,0,0,32,14,0,148,0,0,55,0,0
03,001,Capital,01293,043604,0,0,33,11,0,156,0,0,56,0,0
03,001,Capital,01293,043605,0,0,1,16,0,169,0,0,43,0,0
03,001,Capital,01293,043606,0,0,36,16,0,149,0,0,48,0,0
03,001,Capital,01293,043607,0,0,0,19,0,149,0,0,60,0,0
03,001,Capital,01293,043608,0,0,2,11,0,148,0,0,51,0,0
03,001,Capital,01293,043609,0,0,0,16,0,151,0,0,58,0,0
03,001,Capital,01293,043610,0,0,0,11,0,155,0,0,44,0,0
03,001,Capital,01293,043611,0,0,0,17,0,141,0,0,57,0,0
03,001,Capital,01293,043612,0,0,11,16,0,176,0,0,52,0,0
03,001,Capital,01293,043613,0,0,31,13,0,164,0,0,53,0,0
03,001,Capital,01293,043614,0,0,0,10,0,165,0,0,44,0,0
03,001,Capital,01293,043615,0,0,37,7,0,180,0,0,34,0,0
03,001,Capital,01293,043616,0,0,2,16,0,172,0,0,44,0,0
03,001,Capital,01293,043617,0,0,0,7,0,161,0,0,56,0,0
03,001,Capital,01293,043618,0,0,31,16,0,141,0,0,51,0,0
03,001,Capital,01293,043619,0,0,12,18,0,170,0,0,52,0,0
03,001,Capital,01293,043620,0,0,21,5,0,161,0,0,60,0,0
03,001,Capital,01293,043621,0,0,35,10,0,167,0,0,55,0,0
03,001,Capital,01293,043622,0,0,0,7,0,157,0,0,55,0,0
03,001,Capital,01293,043623,0,0,31,17,0,171,0,0,42,0,0
03,001,Capital,01293,043624,0,0,1,14,0,171,0,0,40,0,0
03,001,Capital,01293,043625,0,0,29,28,0,159,0,0,40,0,0
03,001,Capital,01293,043626,0,0,22,7,0,177,0,0,44,0,0
03,001,Capital,01293,043627,0,0,23,11,0,164,0,0,55,0,0
03,001,Capital,01293,043628,0,0,0,25,0,166,0,0,38,0,0
03,001,Capital,01293,043629,0,0,31,15,0,163,0,0,37,0,0
03,001,Capital,01293,043630,0,0,25,8,0,159,0,0,59,0,0
03,001,Capital,01293,100202,0,0,0,0,0,0,0,0,0,0,0
03,001,Capital,01293,100203,0,0,0,0,0,0,0,0,0,0,0
03,001,Capital,01294,043631,0,0,39,14,0,120,0,0,93,0,0
03,001,Capital,01294,043632,0,0,35,18,0,102,0,0,87,0,0
03,001,Capital,01294,043633,0,0,33,9,0,110,0,0,105,0,0
03,001,Capital,01294,043634,0,0,34,17,0,126,0,0,88,0,0
03,001,Capital,01294,043635,0,0,32,8,0,134,0,0,84,0,0
03,001,Capital,01294,043636,0,0,30,9,0,104,0,0,99,0,0
03,001,Capital,01294,043637,0,0,37,16,0,91,0,0,104,0,0
03,001,Capital,01294,043638,0,0,41,11,0,114,0,0,98,0,0
03,001,Capital,01294,043639,0,0,4,18,0,118,0,0,73,0,0
03,001,Capital,01294,043640,0,0,32,8,0,119,0,0,89,0,0
03,001,Capital,01294,043641,0,0,32,21,0,117,0,0,92,0,0
03,001,Capital,01294,043642,0,0,24,15,0,124,0,0,98,0,0
03,001,Capital,01294,043643,0,0,31,12,0,106,0,0,97,0,0
03,001,Capital,01295,043644,0,0,31,14,0,143,0,0,76,0,0
03,001,Capital,01295,043645,0,0,24,12,0,121,0,0,102,0,0
03,001,Capital,01295,043646,0,0,33,17,0,114,0,0,95,0,0
03,001,Capital,01295,043647,0,0,33,13,0,145,0,0,67,0,0
03,001,Capital,01295,043648,0,0,26,10,0,131,0,0,95,0,0
03,001,Capital,01295,043649,0,0,0,16,0,120,0,0,71,0,0
03,001,Capital,01295,043650,0,0,0,9,0,126,0,0,92,0,0
03,001,Capital,01295,043651,0,0,30,17,0,81,0,0,125,0,0
03,001,Capital,01295,043652,0,0,35,16,0,136,0,0,79,0,0
03,001,Capital,01295,043653,0,0,31,23,0,123,0,0,78,0,0
03,001,Capital,01295,043654,0,0,26,17,0,116,0,0,92,0,0
03,001,Capital,01295,043655,0,0,33,18,0,124,0,0,83,0,0
03,001,Capital,01295,043656,0,0,22,19,0,124,0,0,84,0,0
03,001,Capital,01295,043657,0,0,25,16,0,131,0,0,82,0,0
03,001,Capital,01295,043658,0,0,32,16,0,136,0,0,75,0,0
03,001,Capital,01295,043659,0,0,40,21,0,114,0,0,86,0,0
03,001,Capital,01295,043660,0,0,36,12,0,140,0,0,62,0,0
03,001,Capital,01295,043661,0,0,34,16,0,114,0,0,113,0,0
03,001,Capital,01295,043662,0,0,32,18,0,101,0,0,90,0,0
03,001,Capital,01295,043663,0,0,44,20,0,130,0,0,68,0,0
03,001,Capital,01295,043664,0,0,38,21,0,125,0,0,82,0,0
03,001,Capital,01295,043665,0,0,39,18,0,115,0,0,90,0,0
03,001,Capital,01295,043666,0,0,36,24,0,105,0,0,106,0,0
03,001,Capital,01295,043667,0,0,34,10,0,124,0,0,87,0,0
03,001,Capital,01295,043668,0,0,34,16,0,145,0,0,60,0,0
03,001,Capital,01295,043669,0,0,41,22,0,121,0,0,74,0,0
03,001,Capital,01295,043670,0,0,32,15,0,107,0,0,92,0,0
03,001,Capital,01295,043671,0,0,40,31,0,122,0,0,88,0,0
03,001,Capital,01295,043672,0,0,36,15,0,143,0,0,67,0,0
03,001,Capital,01295,043673,0,0,39,12,0,140,0,0,70,0,0
03,001,Capital,01295,043674,0,0,1,17,0,123,0,0,73,0,0
03,001,Capital,01295,043675,0,0,0,15,0,115,0,0,96,0,0
03,001,Capital,01295,043676,0,0,0,11,0,127,0,0,75,0,0
03,001,Capital,01295,043677,0,0,27,19,0,141,0,0,90,0,0
03,001,Capital,01295,043678,0,0,28,13,0,158,0,0,63,0,0
03,001,Capital,01295,043679,0,0,33,15,0,129,0,0,84,0,0
03,001,Capital,01295,043680,0,0,51,20,0,91,0,0,97,0,0
03,001,Capital,01295,043681,0,0,39,14,0,113,0,0,102,0,0
03,001,Capital,01295,043682,0,0,32,17,0,123,0,0,76,0,0
03,001,Capital,01295,043683,0,0,37,15,0,125,0,0,83,0,0
03,001,Capital,01295,043684,0,0,41,11,0,125,0,0,86,0,0
03,001,Capital,01295,043685,0,0,35,22,0,120,0,0,80,0,0
03,001,Capital,01295,043686,0,0,23,10,0,108,0,0,122,0,0
03,001,Capital,01295,043687,0,0,0,21,0,135,0,0,89,0,0
03,001,Capital,01295,043688,0,0,33,19,0,119,0,0,88,0,0
03,001,Capital,01295,043689,0,0,26,16,0,112,0,0,103,0,0
03,001,Capital,01295,043690,0,0,28,25,0,131,0,0,69,0,0
03,001,Capital,01295,043691,0,0,26,18,0,115,0,0,101,0,0
03,001,Capital,01295,043692,0,0,27,15,0,140,0,0,92,0,0
03,001,Capital,01295,043693,0,0,38,26,0,103,0,0,81,0,0
03,001,Capital,01295,043694,0,0,43,16,0,122,0,0,88,0,0
03,001,Capital,01295,043695,0,0,0,13,0,0,0,0,93,0,0
03,001,Capital,01295,043696,0,0,30,21,0,104,0,0,94,0,0
03,001,Capital,01295,043697,0,0,0,0,0,128,0,0,79,0,0
03,001,Capital,01295,043698,0,0,36,19,0,116,0,0,85,0,0
03,001,Capital,01295,043699,0,0,25,13,0,132,0,0,87,0,0
03,001,Capital,01295,043700,0,0,25,20,0,107,0,0,105,0,0
03,001,Capital,01295,043701,0,0,2,14,0,123,0,0,86,0,0
03,001,Capital,01295,043702,0,0,36,18,0,110,0,0,86,0,0
03,001,Capital,01295,043703,0,0,34,15,0,108,0,0,97,0,0
03,001,Capital,01295,043704,0,0,43,17,0,135,0,0,79,0,0
03,001,Capital,01295,043705,0,0,32,18,0,124,0,0,88,0,0
03,001,Capital,01295,043706,0,0,40,14,0,131,0,0,70,0,0
03,001,Capital,01295,043707,0,0,42,15,0,137,0,0,70,0,0
03,001,Capital,01295,043708,0,0,41,10,0,117,0,0,87,0,0
03,001,Capital,01295,043709,0,0,0,15,0,108,0,0,100,0,0
03,001,Capital,01295,043710,0,0,32,12,0,132,0,0,81,0,0
03,001,Capital,01295,043711,0,0,38,18,0,107,0,0,102,0,0
03,001,Capital,01295,043712,0,0,31,12,0,114,0,0,91,0,0
03,001,Capital,01295,043713,0,0,24,22,0,130,0,0,78,0,0
03,001,Capital,01295,043714,0,0,32,20,0,112,0,0,84,0,0
03,001,Capital,01295,043715,0,0,30,20,0,109,0,0,87,0,0
03,001,Capital,01295,043716,0,0,36,29,0,113,0,0,85,0,0
03,001,Capital,01295,043717,0,0,39,18,0,117,0,0,74,0,0
03,001,Capital,01295,043718,0,0,35,21,0,112,0,0,81,0,0
03,001,Capital,01295,043719,0,0,35,16,0,124,0,0,87,0,0
03,001,Capital,01295,043720,0,0,39,20,0,123,0,0,66,0,0
03,001,Capital,01295,043721,0,0,33,28,0,114,0,0,84,0,0
03,001,Capital,01295,043722,0,0,36,18,0,115,0,0,96,0,0
03,001,Capital,01295,043723,0,0,35,23,0,120,0,0,79,0,0
03,001,Capital,01295,043724,0,0,23,18,0,110,0,0,87,0,0
03,001,Capital,01295,043725,0,0,39,22,0,117,0,0,78,0,0
03,001,Capital,01295,043726,0,0,32,21,0,130,0,0,83,0,0
03,001,Capital,01295,043727,0,0,0,16,0,130,0,0,68,0,0
03,001,Capital,01295,043728,0,0,32,9,0,118,0,0,90,0,0
03,001,Capital,01295,043729,0,0,0,19,0,131,0,0,91,0,0
03,001,Capital,01295,043730,0,0,26,17,0,132,0,0,89,0,0
03,001,Capital,01295,043731,0,0,0,16,0,116,0,0,96,0,0
03,001,Capital,01295,043732,0,0,39,15,0,131,0,0,72,0,0
03,001,Capital,01295,043733,0,0,34,19,0,132,0,0,75,0,0
03,001,Capital,01295,043734,0,0,33,15,0,137,0,0,83,0,0
03,001,Capital,01295,043735,0,0,3,22,0,110,0,0,102,0,0
03,001,Capital,01295,043736,0,0,36,16,0,112,0,0,74,0,0
03,001,Capital,01295,043737,0,0,34,17,0,123,0,0,96,0,0
03,001,Capital,01295,043738,0,0,32,24,0,114,0,0,89,0,0
03,001,Capital,01295,043739,0,0,33,26,0,135,0,0,71,0,0
03,001,Capital,01295,043740,0,0,28,17,0,121,0,0,85,0,0
03,001,Capital,01295,043741,0,0,25,5,0,102,0,0,103,0,0
03,001,Capital,01295,043742,0,0,45,19,0,111,0,0,76,0,0
03,001,Capital,01295,043743,0,0,37,20,0,107,0,0,102,0,0
03,001,Capital,01295,043744,0,0,40,14,0,133,0,0,86,0,0
03,001,Capital,01295,043745,0,0,39,12,0,117,0,0,91,0,0
03,001,Capital,01295,043746,0,0,40,17,0,131,0,0,67,0,0
03,001,Capital,01295,043747,0,0,35,11,0,123,0,0,88,0,0
03,001,Capital,01295,043748,0,0,28,12,0,113,0,0,95,0,0
03,001,Capital,01295,043749,0,0,36,14,0,112,0,0,88,0,0
03,001,Capital,01295,043750,0,0,36,21,0,119,0,0,77,0,0
03,001,Capital,01295,043751,0,0,21,19,0,124,0,0,82,0,0
03,001,Capital,01295,043752,0,0,0,8,0,125,0,0,69,0,0
03,001,Capital,01295,043753,0,0,0,26,0,133,0,0,75,0,0
03,001,Capital,01295,043754,0,0,4,16,0,108,0,0,90,0,0
03,001,Capital,01295,043755,0,0,1,6,0,128,0,0,93,0,0
03,001,Capital,01295,043756,0,0,0,14,0,121,0,0,99,0,0
03,001,Capital,01295,043757,0,0,0,16,0,115,0,0,87,0,0
03,001,Capital,01295,043758,0,0,0,20,0,144,0,0,86,0,0
03,001,Capital,01295,043759,0,0,0,13,0,133,0,0,72,0,0
03,001,Capital,01295,043760,0,0,31,27,0,114,0,0,81,0,0
03,001,Capital,01295,043761,0,0,0,19,0,115,0,0,94,0,0
03,001,Capital,01295,043762,0,0,0,18,0,119,0,0,87,0,0
03,001,Capital,01295,043763,0,0,38,14,0,119,0,0,82,0,0
03,001,Capital,01295,043764,0,0,35,24,0,130,0,0,64,0,0
03,001,Capital,01295,043765,0,0,33,18,0,113,0,0,81,0,0
03,001,Capital,01295,043766,0,0,0,0,0,0,0,0,72,0,0
03,001,Capital,01295,043767,0,0,4,15,0,123,0,0,84,0,0
03,001,Capital,01295,100204,0,0,0,0,0,0,0,0,0,0,0
03,001,Capital,01295,100205,0,0,0,0,0,0,0,0,0,0,0
03,001,Capital,01295,100206,0,0,0,0,0,0,0,0,0,0,0
03,001,Capital,01295,100207,0,0,0,0,0,0,0,0,0,0,0
03,001,Capital,01295,100208,0,0,0,0,0,0,0,0,0,0,0
03,001,Capital,01296,043768,0,0,33,20,0,132,0,0,84,0,0
03,001,Capital,01296,043769,0,0,30,22,0,131,0,0,67,0,0
03,001,Capital,01296,043770,0,0,32,22,0,118,0,0,99,0,0
03,001,Capital,01296,043771,0,0,43,18,0,114,0,0,82,0,0
03,001,Capital,01296,043772,0,0,36,12,0,115,0,0,97,0,0
03,001,Capital,01296,043773,0,0,39,31,0,142,0,0,61,0,0
03,001,Capital,01296,043774,0,0,34,10,0,147,0,0,83,0,0
03,001,Capital,01296,043775,0,0,35,17,0,138,0,0,85,0,0
03,001,Capital,01296,043776,0,0,1,13,0,125,0,0,81,0,0
03,001,Capital,01296,043777,0,0,25,20,0,145,0,0,78,0,0
03,001,Capital,01296,043778,0,0,0,14,0,139,0,0,94,0,0
03,001,Capital,01296,043779,0,0,35,17,0,121,0,0,85,0,0
03,001,Capital,01296,043780,0,0,36,15,0,134,0,0,78,0,0
03,001,Capital,01296,043781,0,0,29,19,0,110,0,0,108,0,0
03,001,Capital,01296,043782,0,0,43,18,0,120,0,0,90,0,0
03,001,Capital,01296,043783,0,0,36,14,0,118,0,0,110,0,0
03,001,Capital,01296,043784,0,0,30,19,0,120,0,0,86,0,0
03,001,Capital,01296,043785,0,0,33,20,0,123,0,0,84,0,0
03,001,Capital,01296,043786,0,0,36,13,0,120,0,0,89,0,0
03,001,Capital,01296,043787,0,0,0,18,0,120,0,0,95,0,0
03,001,Capital,01296,043788,0,0,30,13,0,126,0,0,90,0,0
03,001,Capital,01296,043789,0,0,0,17,0,120,0,0,82,0,0
03,001,Capital,01296,043790,0,0,0,20,0,123,0,0,102,0,0
03,001,Capital,01296,043791,0,0,2,8,0,117,0,0,93,0,0
03,001,Capital,01296,043792,0,0,2,13,0,133,0,0,87,0,0
03,001,Capital,01296,043793,0,0,49,16,0,117,0,0,86,0,0
03,001,Capital,01296,043794,0,0,37,17,0,128,0,0,84,0,0
03,001,Capital,01296,043795,0,0,0,16,0,130,0,0,78,0,0
03,001,Capital,01296,043796,0,0,1,15,0,115,0,0,88,0,0
03,001,Capital,01296,043797,0,0,0,12,0,117,0,0,104,0,0
03,001,Capital,01296,043798,0,0,22,21,0,134,0,0,84,0,0
03,001,Capital,01296,043799,0,0,34,16,0,131,0,0,79,0,0
03,001,Capital,01296,043800,0,0,41,18,0,125,0,0,66,0,0
03,001,Capital,01296,043801,0,0,44,13,0,142,0,0,79,0,0
03,001,Capital,01296,043802,0,0,0,16,0,133,0,0,82,0,0
03,001,Capital,01296,043803,0,0,43,18,0,131,0,0,75,0,0
03,001,Capital,01296,043804,0,0,35,12,0,103,0,0,107,0,0
03,001,Capital,01296,043805,0,0,37,10,0,141,0,0,74,0,0
03,001,Capital,01296,043806,0,0,45,16,0,121,0,0,75,0,0
03,001,Capital,01296,043807,0,0,32,11,0,131,0,0,88,0,0
03,001,Capital,01296,043808,0,0,30,9,0,122,0,0,85,0,0
03,001,Capital,01296,043809,0,0,26,16,0,127,0,0,78,0,0
03,001,Capital,01296,100209,0,0,0,0,0,0,0,0,0,0,0
03,001,Capital,01296,100210,0,0,0,0,0,0,0,0,0,0,0
03,001,Capital,01296,100211,0,0,0,0,0,0,0,0,0,0,0
03,001,Capital,01297,043810,0,0,0,12,0,107,0,0,99,0,0
03,001,Capital,01297,043811,0,0,0,10,0,141,0,0,89,0,0
03,001,Capital,01297,043812,0,0,1,17,0,117,0,0,110,0,0
03,001,Capital,01297,043813,0,0,0,16,0,148,0,0,71,0,0
03,001,Capital,01297,043814,0,0,1,3,0,124,0,0,105,0,0
03,001,Capital,01297,043815,0,0,41,10,0,121,0,0,92,0,0
03,001,Capital,01297,043816,0,0,28,14,0,121,0,0,91,0,0
03,001,Capital,01297,043817,0,0,3,25,0,106,0,0,80,0,0
03,001,Capital,01297,043818,0,0,25,22,0,130,0,0,92,0,0
03,001,Capital,01297,043819,0,0,20,19,0,128,0,0,82,0,0
03,001,Capital,01297,043820,0,0,32,21,0,115,0,0,93,0,0
03,001,Capital,01297,043821,0,0,32,12,0,126,0,0,107,0,0
03,001,Capital,01297,043822,0,0,29,11,0,129,0,0,105,0,0
03,002,Capayán,01298,043823,0,0,13,0,0,34,0,0,0,0,0
03,002,Capayán,01299,043824,0,0,0,5,0,100,0,0,78,0,0
03,002,Capayán,01299,043825,0,0,1,2,0,123,0,0,61,0,0
03,002,Capayán,01300,043826,0,0,0,7,0,145,0,0,62,0,0
03,002,Capayán,01300,043827,0,0,1,3,0,178,0,0,48,0,0
03,002,Capayán,01300,043828,0,0,0,0,0,201,0,0,42,0,0
03,002,Capayán,01300,043829,0,0,10,7,0,173,0,0,46,0,0
03,002,Capayán,01300,043830,0,0,19,9,0,160,0,0,45,0,0
03,002,Capayán,01300,043831,0,0,0,7,0,157,0,0,60,0,0
03,002,Capayán,01300,043832,0,0,0,3,0,170,0,0,52,0,0
03,002,Capayán,01300,043833,0,0,16,7,0,200,0,0,45,0,0
03,002,Capayán,01300,043834,0,0,6,7,0,147,0,0,53,0,0
03,002,Capayán,01300,043835,0,0,5,7,0,148,0,0,51,0,0
03,002,Capayán,01301,043836,0,0,0,2,0,142,0,0,13,0,0
03,002,Capayán,01301,043837,0,0,139,0,0,128,0,0,16,0,0
03,002,Capayán,01301,043838,0,0,0,2,0,137,0,0,18,0,0
03,002,Capayán,01301,043839,0,0,132,2,0,134,0,0,18,0,0
03,002,Capayán,01301,043840,0,0,0,1,0,150,0,0,19,0,0
03,002,Capayán,01301,043841,0,0,0,1,0,130,0,0,19,0,0
03,002,Capayán,01301,043842,0,0,6,2,0,141,0,0,25,0,0
03,002,Capayán,01301,043843,0,0,0,2,0,143,0,0,25,0,0
03,002,Capayán,01301,043844,0,0,0,0,0,181,0,0,14,0,0
03,002,Capayán,01301,043845,0,0,0,1,0,156,0,0,14,0,0
03,002,Capayán,01301,043846,0,0,1,1,0,163,0,0,14,0,0
03,002,Capayán,01301,043847,0,0,0,1,0,134,0,0,14,0,0
03,002,Capayán,01302,043848,0,0,0,8,0,154,0,0,28,0,0
03,002,Capayán,01302,043849,0,0,4,4,0,176,0,0,33,0,0
03,002,Capayán,01302,043850,0,0,0,6,0,0,0,0,36,0,0
03,002,Capayán,01302,043851,0,0,2,6,0,163,0,0,35,0,0
03,002,Capayán,01302,043852,0,0,0,8,0,160,0,0,45,0,0
03,002,Capayán,01302,043853,0,0,0,2,0,149,0,0,51,0,0
03,002,Capayán,01302,043854,0,0,1,9,0,157,0,0,42,0,0
03,002,Capayán,01302,100212,0,0,0,0,0,0,0,0,0,0,0
03,002,Capayán,01303,043855,0,0,19,5,0,95,0,0,20,0,0
03,002,Capayán,01303,043856,0,0,0,9,0,84,0,0,32,0,0
03,002,Capayán,01304,043857,0,0,0,9,0,126,0,0,72,0,0
03,002,Capayán,01304,043858,0,0,39,5,0,116,0,0,56,0,0
03,002,Capayán,01304,043859,0,0,3,9,0,121,0,0,47,0,0
03,002,Capayán,01304,043860,0,0,33,6,0,127,0,0,61,0,0
03,002,Capayán,01304,043861,0,0,44,10,0,124,0,0,57,0,0
03,002,Capayán,01304,043862,0,0,0,6,0,115,0,0,67,0,0
03,002,Capayán,01305,043863,0,0,0,2,0,19,0,0,3,0,0
03,002,Capayán,01306,043864,0,0,0,0,0,162,0,0,26,0,0
03,002,Capayán,01307,043865,0,0,0,0,0,175,0,0,30,0,0
03,002,Capayán,01308,043866,0,0,66,0,0,124,0,0,6,0,0
03,002,Capayán,01309,043867,0,0,30,2,0,166,0,0,22,0,0
03,002,Capayán,01309,043868,0,0,0,1,0,167,0,0,15,0,0
03,003,La Paz,01310,043869,0,0,10,0,0,47,0,0,7,0,0
03,003,La Paz,01311,043870,0,0,5,3,0,60,0,0,76,0,0
03,003,La Paz,01312,043871,0,0,34,9,0,88,0,0,83,0,0
03,003,La Paz,01312,043872,0,0,23,5,0,126,0,0,67,0,0
03,003,La Paz,01312,043873,0,0,1,5,0,114,0,0,64,0,0
03,003,La Paz,01312,043874,0,0,23,13,0,114,0,0,63,0,0
03,003,La Paz,01313,043875,0,0,45,4,0,146,0,0,80,0,0
03,003,La Paz,01313,043876,0,0,25,5,0,171,0,0,75,0,0
03,003,La Paz,01313,043877,0,0,3,1,0,171,0,0,72,0,0
03,003,La Paz,01313,043878,0,0,42,3,0,146,0,0,67,0,0
03,003,La Paz,01313,043879,0,0,46,1,0,139,0,0,79,0,0
03,003,La Paz,01313,043880,0,0,1,5,0,181,0,0,51,0,0
03,003,La Paz,01313,043881,0,0,31,7,0,153,0,0,79,0,0
03,003,La Paz,01313,043882,0,0,40,4,0,154,0,0,79,0,0
03,003,La Paz,01314,043883,0,0,0,8,0,119,0,0,50,0,0
03,003,La Paz,01314,043884,0,0,0,9,0,108,0,0,71,0,0
03,003,La Paz,01314,043885,0,0,0,8,0,132,0,0,52,0,0
03,003,La Paz,01315,043886,0,0,3,1,0,138,0,0,90,0,0
03,003,La Paz,01316,043887,0,0,0,2,0,155,0,0,26,0,0
03,003,La Paz,01316,043888,0,0,0,1,0,124,0,0,55,0,0
03,003,La Paz,01316,043889,0,0,2,2,0,118,0,0,50,0,0
03,003,La Paz,01316,043890,0,0,0,1,0,119,0,0,44,0,0
03,003,La Paz,01317,043891,0,0,44,8,0,139,0,0,60,0,0
03,003,La Paz,01318,043892,0,0,39,29,0,149,0,0,66,0,0
03,003,La Paz,01318,043893,0,0,35,28,0,127,0,0,76,0,0
03,003,La Paz,01318,043894,0,0,1,24,0,120,0,0,69,0,0
03,003,La Paz,01318,043895,0,0,0,24,0,144,0,0,69,0,0
03,003,La Paz,01318,043896,0,0,47,35,0,149,0,0,39,0,0
03,003,La Paz,01318,043897,0,0,2,25,0,139,0,0,61,0,0
03,003,La Paz,01318,043898,0,0,46,15,0,147,0,0,56,0,0
03,003,La Paz,01318,043899,0,0,54,25,0,139,0,0,62,0,0
03,003,La Paz,01318,043900,0,0,43,24,0,130,0,0,86,0,0
03,003,La Paz,01318,043901,0,0,34,21,0,143,0,0,69,0,0
03,003,La Paz,01318,043902,0,0,42,26,0,127,0,0,68,0,0
03,003,La Paz,01318,043903,0,0,51,26,0,133,0,0,62,0,0
03,003,La Paz,01318,043904,0,0,42,19,0,132,0,0,96,0,0
03,003,La Paz,01318,043905,0,0,48,20,0,130,0,0,77,0,0
03,003,La Paz,01318,043906,0,0,45,25,0,139,0,0,72,0,0
03,003,La Paz,01318,043907,0,0,52,19,0,125,0,0,73,0,0
03,003,La Paz,01318,043908,0,0,73,31,0,136,0,0,34,0,0
03,003,La Paz,01318,043909,0,0,42,17,0,139,0,0,82,0,0
03,003,La Paz,01318,043910,0,0,51,19,0,138,0,0,68,0,0
03,003,La Paz,01318,043911,0,0,43,24,0,119,0,0,74,0,0
03,003,La Paz,01318,043912,0,0,0,28,0,146,0,0,55,0,0
03,003,La Paz,01318,043913,0,0,44,21,0,154,0,0,59,0,0
03,003,La Paz,01318,043914,0,0,0,29,0,138,0,0,65,0,0
03,003,La Paz,01318,043915,0,0,0,16,0,105,0,0,87,0,0
03,003,La Paz,01318,043916,0,0,37,22,0,156,0,0,65,0,0
03,003,La Paz,01318,043917,0,0,47,21,0,125,0,0,81,0,0
03,003,La Paz,01318,043918,0,0,1,22,0,150,0,0,66,0,0
03,003,La Paz,01318,043919,0,0,46,23,0,140,0,0,72,0,0
03,003,La Paz,01318,043920,0,0,0,16,0,136,0,0,75,0,0
03,003,La Paz,01318,043921,0,0,40,26,0,121,0,0,78,0,0
03,003,La Paz,01318,100213,0,0,0,0,0,0,0,0,0,0,0
03,003,La Paz,01318,100214,0,0,0,0,0,0,0,0,0,0,0
03,003,La Paz,01318,100215,0,0,0,0,0,0,0,0,0,0,0
03,003,La Paz,01319,043922,0,0,19,4,0,91,0,0,62,0,0
03,003,La Paz,01319,043923,0,0,18,5,0,103,0,0,46,0,0
03,003,La Paz,01320,043924,0,0,0,1,0,133,0,0,61,0,0
03,003,La Paz,01320,043925,0,0,0,1,0,147,0,0,56,0,0
03,003,La Paz,01320,043926,0,0,38,5,0,165,0,0,39,0,0
03,003,La Paz,01320,043927,0,0,0,3,0,127,0,0,81,0,0
03,003,La Paz,01320,043928,0,0,3,0,0,124,0,0,84,0,0
03,003,La Paz,01320,043929,0,0,0,0,0,139,0,0,73,0,0
03,004,Ancasti,01321,043930,0,0,14,1,0,81,0,0,72,0,0
03,004,Ancasti,01321,043931,0,0,25,1,0,73,0,0,70,0,0
03,004,Ancasti,01322,043932,0,0,42,2,0,129,0,0,74,0,0
03,004,Ancasti,01323,043933,0,0,11,0,0,35,0,0,28,0,0
03,004,Ancasti,01324,043934,0,0,40,0,0,64,0,0,49,0,0
03,004,Ancasti,01325,043935,0,0,40,0,0,107,0,0,114,0,0
03,004,Ancasti,01326,043936,0,0,0,0,0,124,0,0,88,0,0
03,004,Ancasti,01327,043937,0,0,0,0,0,53,0,0,72,0,0
03,004,Ancasti,01328,043938,0,0,8,0,0,10,0,0,11,0,0
03,004,Ancasti,01329,043939,0,0,0,0,0,83,0,0,44,0,0
03,004,Ancasti,01330,043940,0,0,25,1,0,132,0,0,62,0,0
03,004,Ancasti,01330,043941,0,0,34,0,0,104,0,0,85,0,0
03,004,Ancasti,01330,043942,0,0,24,0,0,119,0,0,82,0,0
03,004,Ancasti,01331,043943,0,0,10,0,0,123,0,0,72,0,0
03,005,El Alto,01332,043944,0,0,0,0,0,110,0,0,49,0,0
03,005,El Alto,01333,043945,0,0,0,0,0,105,0,0,6,0,0
03,005,El Alto,01334,043946,0,0,0,8,0,140,0,0,50,0,0
03,005,El Alto,01334,043947,0,0,1,5,0,148,0,0,53,0,0
03,005,El Alto,01335,043948,0,0,12,1,0,76,0,0,5,0,0
03,005,El Alto,01336,043949,0,0,67,0,0,106,0,0,39,0,0
03,005,El Alto,01337,043950,0,0,23,5,0,110,0,0,9,0,0
03,005,El Alto,01337,043951,0,0,24,3,0,114,0,0,8,0,0
03,005,El Alto,01338,043952,0,0,39,10,0,143,0,0,30,0,0
03,005,El Alto,01338,043953,0,0,33,8,0,155,0,0,25,0,0
03,005,El Alto,01338,043954,0,0,20,3,0,172,0,0,29,0,0
03,005,El Alto,01338,043955,0,0,25,6,0,157,0,0,28,0,0
03,005,El Alto,01339,043956,0,0,55,0,0,193,0,0,82,0,0
03,005,El Alto,01339,043957,0,0,74,1,0,157,0,0,91,0,0
03,005,El Alto,01339,043958,0,0,66,0,0,188,0,0,61,0,0
03,006,Santa Rosa,01340,043959,0,0,33,2,0,185,0,0,46,0,0
03,006,Santa Rosa,01340,043960,0,0,5,5,0,161,0,0,57,0,0
03,006,Santa Rosa,01340,043961,0,0,33,3,0,184,0,0,38,0,0
03,006,Santa Rosa,01340,100216,0,0,0,0,0,0,0,0,0,0,0
03,006,Santa Rosa,01341,043962,0,0,0,10,0,80,0,0,5,0,0
03,006,Santa Rosa,01342,043963,0,0,0,13,0,171,0,0,38,0,0
03,006,Santa Rosa,01342,043964,0,0,0,27,0,148,0,0,41,0,0
03,006,Santa Rosa,01342,043965,0,0,7,42,0,166,0,0,17,0,0
03,006,Santa Rosa,01342,043966,0,0,0,31,0,150,0,0,13,0,0
03,006,Santa Rosa,01342,043967,0,0,0,24,0,167,0,0,33,0,0
03,006,Santa Rosa,01343,043968,0,0,1,8,0,82,0,0,5,0,0
03,006,Santa Rosa,01344,043969,0,0,21,2,0,147,0,0,30,0,0
03,006,Santa Rosa,01345,043970,0,0,0,13,0,96,0,0,12,0,0
03,006,Santa Rosa,01346,043971,0,0,36,7,0,181,0,0,25,0,0
03,006,Santa Rosa,01346,043972,0,0,31,12,0,185,0,0,31,0,0
03,006,Santa Rosa,01346,043973,0,0,39,7,0,172,0,0,26,0,0
03,006,Santa Rosa,01347,043974,0,0,53,5,0,179,0,0,52,0,0
03,006,Santa Rosa,01347,043975,0,0,35,5,0,167,0,0,68,0,0
03,006,Santa Rosa,01347,043976,0,0,55,6,0,174,0,0,45,0,0
03,006,Santa Rosa,01347,043977,0,0,52,8,0,166,0,0,61,0,0
03,006,Santa Rosa,01347,043978,0,0,67,5,0,148,0,0,59,0,0
03,006,Santa Rosa,01347,043979,0,0,39,19,0,172,0,0,46,0,0
03,006,Santa Rosa,01347,043980,0,0,35,5,0,180,0,0,54,0,0
03,006,Santa Rosa,01347,043981,0,0,52,11,0,148,0,0,64,0,0
03,006,Santa Rosa,01347,043982,0,0,53,12,0,165,0,0,52,0,0
03,006,Santa Rosa,01347,043983,0,0,45,9,0,153,0,0,67,0,0
03,006,Santa Rosa,01347,043984,0,0,56,11,0,163,0,0,48,0,0
03,006,Santa Rosa,01347,043985,0,0,43,11,0,174,0,0,56,0,0
03,006,Santa Rosa,01347,043986,0,0,0,6,0,172,0,0,65,0,0
03,006,Santa Rosa,01348,043987,0,0,1,4,0,169,0,0,25,0,0
03,006,Santa Rosa,01348,043988,0,0,14,0,0,181,0,0,19,0,0
03,006,Santa Rosa,01349,043989,0,0,19,4,0,116,0,0,10,0,0
03,006,Santa Rosa,01349,043990,0,0,26,4,0,113,0,0,14,0,0
03,006,Santa Rosa,01350,043991,0,0,0,10,0,191,0,0,27,0,0
03,006,Santa Rosa,01350,043992,0,0,2,4,0,183,0,0,23,0,0
03,007,Paclin,01351,043993,0,0,1,0,0,111,0,0,47,0,0
03,007,Paclin,01352,043994,0,0,17,1,0,124,0,0,66,0,0
03,007,Paclin,01352,043995,0,0,25,1,0,124,0,0,70,0,0
03,007,Paclin,01352,100217,0,0,0,0,0,0,0,0,0,0,0
03,007,Paclin,01353,043996,0,0,0,0,0,163,0,0,88,0,0
03,007,Paclin,01354,043997,0,0,20,1,0,133,0,0,114,0,0
03,007,Paclin,01354,043998,0,0,33,2,0,130,0,0,96,0,0
03,007,Paclin,01354,043999,0,0,31,1,0,132,0,0,100,0,0
03,007,Paclin,01354,044000,0,0,0,1,0,123,0,0,92,0,0
03,007,Paclin,01354,044001,0,0,26,1,0,133,0,0,115,0,0
03,007,Paclin,01354,044002,0,0,0,2,0,118,0,0,106,0,0
03,007,Paclin,01354,044003,0,0,34,3,0,136,0,0,93,0,0
03,007,Paclin,01355,044004,0,0,0,1,0,68,0,0,66,0,0
03,007,Paclin,01356,044005,0,0,45,2,0,140,0,0,101,0,0
03,007,Paclin,01357,044006,0,0,37,1,0,172,0,0,84,0,0
03,008,Valle Viejo,01358,044007,0,0,19,4,0,88,0,0,56,0,0
03,008,Valle Viejo,01359,044008,0,0,1,14,0,108,0,0,94,0,0
03,008,Valle Viejo,01359,044009,0,0,0,14,0,124,0,0,79,0,0
03,008,Valle Viejo,01360,044010,0,0,30,9,0,76,0,0,54,0,0
03,008,Valle Viejo,01360,044011,0,0,26,5,0,101,0,0,10,0,0
03,008,Valle Viejo,01361,044012,0,0,0,17,0,139,0,0,80,0,0
03,008,Valle Viejo,01361,044013,0,0,0,9,0,150,0,0,81,0,0
03,008,Valle Viejo,01361,044014,0,0,40,17,0,143,0,0,84,0,0
03,008,Valle Viejo,01361,044015,0,0,0,12,0,120,0,0,94,0,0
03,008,Valle Viejo,01361,044016,0,0,0,13,0,122,0,0,105,0,0
03,008,Valle Viejo,01361,044017,0,0,0,15,0,136,0,0,88,0,0
03,008,Valle Viejo,01361,044018,0,0,0,13,0,151,0,0,76,0,0
03,008,Valle Viejo,01361,044019,0,0,52,9,0,140,0,0,79,0,0
03,008,Valle Viejo,01361,044020,0,0,46,9,0,121,0,0,86,0,0
03,008,Valle Viejo,01361,044021,0,0,50,17,0,131,0,0,78,0,0
03,008,Valle Viejo,01361,044022,0,0,0,6,0,133,0,0,78,0,0
03,008,Valle Viejo,01361,044023,0,0,0,4,0,128,0,0,101,0,0
03,008,Valle Viejo,01361,044024,0,0,0,15,0,126,0,0,80,0,0
03,008,Valle Viejo,01361,044025,0,0,0,9,0,112,0,0,108,0,0
03,008,Valle Viejo,01361,044026,0,0,0,10,0,131,0,0,91,0,0
03,008,Valle Viejo,01361,044027,0,0,63,10,0,145,0,0,69,0,0
03,008,Valle Viejo,01361,044028,0,0,39,8,0,142,0,0,72,0,0
03,008,Valle Viejo,01361,044029,0,0,40,8,0,130,0,0,95,0,0
03,008,Valle Viejo,01361,044030,0,0,44,10,0,129,0,0,98,0,0
03,008,Valle Viejo,01361,044031,0,0,0,11,0,136,0,0,85,0,0
03,008,Valle Viejo,01361,044032,0,0,2,17,0,132,0,0,84,0,0
03,008,Valle Viejo,01361,044033,0,0,43,10,0,132,0,0,105,0,0
03,008,Valle Viejo,01361,044034,0,0,53,13,0,144,0,0,71,0,0
03,008,Valle Viejo,01361,044035,0,0,3,9,0,123,0,0,94,0,0
03,008,Valle Viejo,01361,044036,0,0,1,13,0,165,0,0,65,0,0
03,008,Valle Viejo,01361,044037,0,0,35,14,0,140,0,0,80,0,0
03,008,Valle Viejo,01361,100218,0,0,0,0,0,0,0,0,0,0,0
03,008,Valle Viejo,01361,100219,0,0,0,0,0,0,0,0,0,0,0
03,008,Valle Viejo,01362,044038,0,0,4,1,0,109,0,0,33,0,0
03,008,Valle Viejo,01363,044039,0,0,0,13,0,141,0,0,88,0,0
03,008,Valle Viejo,01363,044040,0,0,2,11,0,93,0,0,143,0,0
03,008,Valle Viejo,01363,044041,0,0,0,13,0,151,0,0,79,0,0
03,008,Valle Viejo,01363,044042,0,0,44,10,0,149,0,0,83,0,0
03,008,Valle Viejo,01363,044043,0,0,1,20,0,146,0,0,90,0,0
03,008,Valle Viejo,01363,044044,0,0,3,13,0,123,0,0,93,0,0
03,008,Valle Viejo,01363,044045,0,0,0,10,0,132,0,0,85,0,0
03,008,Valle Viejo,01363,044046,0,0,1,12,0,122,0,0,114,0,0
03,008,Valle Viejo,01363,044047,0,0,0,12,0,139,0,0,85,0,0
03,008,Valle Viejo,01363,044048,0,0,1,9,0,134,0,0,95,0,0
03,008,Valle Viejo,01363,044049,0,0,37,14,0,119,0,0,109,0,0
03,008,Valle Viejo,01363,044050,0,0,0,6,0,122,0,0,109,0,0
03,008,Valle Viejo,01363,044051,0,0,2,7,0,132,0,0,120,0,0
03,008,Valle Viejo,01363,044052,0,0,0,9,0,119,0,0,96,0,0
03,008,Valle Viejo,01363,044053,0,0,0,13,0,150,0,0,109,0,0
03,008,Valle Viejo,01363,044054,0,0,0,13,0,121,0,0,86,0,0
03,008,Valle Viejo,01363,044055,0,0,6,5,0,120,0,0,95,0,0
03,008,Valle Viejo,01363,044056,0,0,0,4,0,150,0,0,79,0,0
03,008,Valle Viejo,01363,044057,0,0,0,6,0,133,0,0,87,0,0
03,008,Valle Viejo,01363,044058,0,0,50,9,0,119,0,0,111,0,0
03,008,Valle Viejo,01363,044059,0,0,0,5,0,123,0,0,99,0,0
03,008,Valle Viejo,01363,100220,0,0,0,0,0,0,0,0,0,0,0
03,008,Valle Viejo,01364,044060,0,0,1,6,0,148,0,0,80,0,0
03,008,Valle Viejo,01364,044061,0,0,2,8,0,129,0,0,93,0,0
03,008,Valle Viejo,01364,044062,0,0,36,6,0,130,0,0,97,0,0
03,008,Valle Viejo,01364,044063,0,0,42,13,0,115,0,0,86,0,0
03,008,Valle Viejo,01364,044064,0,0,0,7,0,142,0,0,85,0,0
03,008,Valle Viejo,01364,044065,0,0,0,7,0,138,0,0,79,0,0
03,008,Valle Viejo,01364,044066,0,0,0,10,0,137,0,0,74,0,0
03,008,Valle Viejo,01364,044067,0,0,0,15,0,147,0,0,69,0,0
03,008,Valle Viejo,01364,044068,0,0,42,12,0,140,0,0,63,0,0
03,008,Valle Viejo,01364,100221,0,0,0,0,0,0,0,0,0,0,0
03,008,Valle Viejo,01364,100222,0,0,0,0,0,0,0,0,0,0,0
03,008,Valle Viejo,01365,044069,0,0,0,5,0,140,0,0,90,0,0
03,008,Valle Viejo,01365,044070,0,0,0,4,0,117,0,0,85,0,0
03,008,Valle Viejo,01365,044071,0,0,0,4,0,139,0,0,90,0,0
03,008,Valle Viejo,01365,044072,0,0,56,8,0,111,0,0,88,0,0
03,008,Valle Viejo,01365,044073,0,0,0,4,0,103,0,0,115,0,0
03,008,Valle Viejo,01365,044074,0,0,0,6,0,111,0,0,124,0,0
03,008,Valle Viejo,01365,044075,0,0,41,7,0,130,0,0,91,0,0
03,008,Valle Viejo,01365,044076,0,0,49,13,0,131,0,0,82,0,0
03,008,Valle Viejo,01365,044077,0,0,43,12,0,129,0,0,97,0,0
03,008,Valle Viejo,01365,044078,0,0,35,9,0,118,0,0,103,0,0
03,008,Valle Viejo,01365,044079,0,0,51,8,0,141,0,0,81,0,0
03,009,Fray Mamerto Esquiú,01366,044080,0,0,36,11,0,119,0,0,120,0,0
03,009,Fray Mamerto Esquiú,01366,044081,0,0,36,13,0,140,0,0,94,0,0
03,009,Fray Mamerto Esquiú,01366,044082,0,0,0,7,0,147,0,0,101,0,0
03,009,Fray Mamerto Esquiú,01366,044083,0,0,2,13,0,147,0,0,89,0,0
03,009,Fray Mamerto Esquiú,01366,044084,0,0,35,13,0,163,0,0,77,0,0
03,009,Fray Mamerto Esquiú,01367,044085,0,0,15,1,0,132,0,0,58,0,0
03,009,Fray Mamerto Esquiú,01367,044086,0,0,0,10,0,115,0,0,48,0,0
03,009,Fray Mamerto Esquiú,01367,044087,0,0,0,5,0,154,0,0,48,0,0
03,009,Fray Mamerto Esquiú,01368,044088,0,0,24,7,0,95,0,0,50,0,0
03,009,Fray Mamerto Esquiú,01368,044089,0,0,31,7,0,89,0,0,56,0,0
03,009,Fray Mamerto Esquiú,01369,044090,0,0,38,3,0,54,0,0,81,0,0
03,009,Fray Mamerto Esquiú,01369,044091,0,0,29,5,0,131,0,0,110,0,0
03,009,Fray Mamerto Esquiú,01369,044092,0,0,38,6,0,136,0,0,91,0,0
03,009,Fray Mamerto Esquiú,01369,044093,0,0,31,7,0,118,0,0,94,0,0
03,009,Fray Mamerto Esquiú,01369,044094,0,0,42,14,0,135,0,0,87,0,0
03,009,Fray Mamerto Esquiú,01369,044095,0,0,28,9,0,135,0,0,91,0,0
03,009,Fray Mamerto Esquiú,01369,044096,0,0,31,2,0,156,0,0,91,0,0
03,009,Fray Mamerto Esquiú,01369,044097,0,0,41,5,0,115,0,0,101,0,0
03,009,Fray Mamerto Esquiú,01369,044098,0,0,39,9,0,143,0,0,93,0,0
03,009,Fray Mamerto Esquiú,01369,044099,0,0,41,2,0,129,0,0,99,0,0
03,009,Fray Mamerto Esquiú,01369,044100,0,0,30,6,0,122,0,0,114,0,0
03,009,Fray Mamerto Esquiú,01369,044101,0,0,36,8,0,110,0,0,120,0,0
03,009,Fray Mamerto Esquiú,01369,044102,0,0,32,3,0,130,0,0,107,0,0
03,009,Fray Mamerto Esquiú,01370,044103,0,0,31,1,0,162,0,0,99,0,0
03,009,Fray Mamerto Esquiú,01370,044104,0,0,33,5,0,145,0,0,88,0,0
03,009,Fray Mamerto Esquiú,01370,044105,0,0,34,4,0,152,0,0,75,0,0
03,009,Fray Mamerto Esquiú,01370,044106,0,0,38,3,0,163,0,0,84,0,0
03,009,Fray Mamerto Esquiú,01370,044107,0,0,34,9,0,133,0,0,110,0,0
03,009,Fray Mamerto Esquiú,01370,044108,0,0,35,9,0,171,0,0,79,0,0
03,009,Fray Mamerto Esquiú,01370,044109,0,0,27,5,0,154,0,0,102,0,0
03,009,Fray Mamerto Esquiú,01370,044110,0,0,32,3,0,135,0,0,97,0,0
03,009,Fray Mamerto Esquiú,01370,044111,0,0,48,6,0,154,0,0,82,0,0
03,009,Fray Mamerto Esquiú,01370,044112,0,0,0,4,0,154,0,0,88,0,0
03,009,Fray Mamerto Esquiú,01370,044113,0,0,13,8,0,203,0,0,62,0,0
03,009,Fray Mamerto Esquiú,01370,044114,0,0,40,4,0,138,0,0,112,0,0
03,010,Ambato,01371,044115,0,0,11,2,0,45,0,0,5,0,0
03,010,Ambato,01372,044116,0,0,33,3,0,160,0,0,83,0,0
03,010,Ambato,01372,044117,0,0,34,10,0,172,0,0,68,0,0
03,010,Ambato,01372,044118,0,0,0,7,0,172,0,0,78,0,0
03,010,Ambato,01372,044119,0,0,43,6,0,142,0,0,83,0,0
03,010,Ambato,01373,044120,0,0,33,8,0,142,0,0,51,0,0
03,010,Ambato,01373,044121,0,0,46,0,0,157,0,0,34,0,0
03,010,Ambato,01373,044122,0,0,36,5,0,152,0,0,46,0,0
03,010,Ambato,01373,044123,0,0,27,5,0,137,0,0,62,0,0
03,010,Ambato,01374,044124,0,0,6,17,0,56,0,0,3,0,0
03,010,Ambato,01375,044125,0,0,24,8,0,195,0,0,33,0,0
03,010,Ambato,01375,044126,0,0,0,6,0,186,0,0,34,0,0
03,010,Ambato,01376,044127,0,0,12,25,0,97,0,0,14,0,0
03,010,Ambato,01376,044128,0,0,17,29,0,93,0,0,14,0,0
03,010,Ambato,01377,044129,0,0,33,49,0,147,0,0,32,0,0
03,010,Ambato,01377,044130,0,0,41,65,0,133,0,0,24,0,0
03,010,Ambato,01377,044131,0,0,33,49,0,150,0,0,31,0,0
03,010,Ambato,01378,044132,0,0,19,39,0,125,0,0,4,0,0
03,010,Ambato,01378,044133,0,0,7,25,0,141,0,0,6,0,0
03,011,Pomán,01379,044134,0,0,21,2,0,118,0,0,49,0,0
03,011,Pomán,01379,044135,0,0,17,2,0,106,0,0,53,0,0
03,011,Pomán,01380,044136,0,0,27,2,0,137,0,0,102,0,0
03,011,Pomán,01380,044137,0,0,43,2,0,122,0,0,74,0,0
03,011,Pomán,01381,044138,0,0,19,3,0,170,0,0,15,0,0
03,011,Pomán,01381,044139,0,0,1,2,0,166,0,0,25,0,0
03,011,Pomán,01382,044140,0,0,0,5,0,125,0,0,55,0,0
03,011,Pomán,01382,044141,0,0,0,1,0,145,0,0,47,0,0
03,011,Pomán,01382,044142,0,0,2,4,0,131,0,0,55,0,0
03,011,Pomán,01382,044143,0,0,1,10,0,133,0,0,57,0,0
03,011,Pomán,01383,044144,0,0,13,1,0,124,0,0,61,0,0
03,011,Pomán,01383,044145,0,0,8,1,0,136,0,0,62,0,0
03,011,Pomán,01384,044146,0,0,31,0,0,141,0,0,87,0,0
03,011,Pomán,01385,044147,0,0,30,1,0,127,0,0,97,0,0
03,011,Pomán,01385,044148,0,0,34,1,0,165,0,0,71,0,0
03,011,Pomán,01385,044149,0,0,2,1,0,144,0,0,73,0,0
03,011,Pomán,01385,044150,0,0,28,1,0,114,0,0,59,0,0
03,011,Pomán,01385,044151,0,0,37,2,0,129,0,0,75,0,0
03,011,Pomán,01385,044152,0,0,39,2,0,119,0,0,91,0,0
03,011,Pomán,01385,044153,0,0,28,2,0,130,0,0,95,0,0
03,011,Pomán,01386,044154,0,0,1,0,0,157,0,0,59,0,0
03,011,Pomán,01386,044155,0,0,2,3,0,140,0,0,76,0,0
03,011,Pomán,01386,044156,0,0,27,0,0,146,0,0,66,0,0
03,011,Pomán,01387,044157,0,0,19,4,0,182,0,0,53,0,0
03,011,Pomán,01387,044158,0,0,20,3,0,186,0,0,52,0,0
03,011,Pomán,01387,044159,0,0,17,1,0,192,0,0,56,0,0
03,011,Pomán,01387,044160,0,0,40,5,0,177,0,0,49,0,0
03,011,Pomán,01387,044161,0,0,23,4,0,169,0,0,65,0,0
03,011,Pomán,01387,044162,0,0,18,4,0,195,0,0,53,0,0
03,011,Pomán,01387,044163,0,0,25,2,0,173,0,0,56,0,0
03,011,Pomán,01387,044164,0,0,29,2,0,206,0,0,41,0,0
03,012,Andalgalá,01388,044165,0,0,23,1,0,190,0,0,57,0,0
03,012,Andalgalá,01388,044166,0,0,13,5,0,201,0,0,39,0,0
03,012,Andalgalá,01388,044167,0,0,22,2,0,201,0,0,39,0,0
03,012,Andalgalá,01388,044168,0,0,19,2,0,199,0,0,46,0,0
03,012,Andalgalá,01388,044169,0,0,7,4,0,202,0,0,58,0,0
03,012,Andalgalá,01388,044170,0,0,20,3,0,223,0,0,35,0,0
03,012,Andalgalá,01388,044171,0,0,26,4,0,222,0,0,27,0,0
03,012,Andalgalá,01389,044172,0,0,2,0,0,64,0,0,4,0,0
03,012,Andalgalá,01390,044173,0,0,0,0,0,39,0,0,19,0,0
03,012,Andalgalá,01391,044174,0,0,56,2,0,113,0,0,91,0,0
03,012,Andalgalá,01391,044175,0,0,0,0,0,97,0,0,116,0,0
03,012,Andalgalá,01391,044176,0,0,54,2,0,132,0,0,89,0,0
03,012,Andalgalá,01391,044177,0,0,36,2,0,102,0,0,120,0,0
03,012,Andalgalá,01391,044178,0,0,35,2,0,134,0,0,97,0,0
03,012,Andalgalá,01391,044179,0,0,37,0,0,140,0,0,84,0,0
03,012,Andalgalá,01391,044180,0,0,58,1,0,109,0,0,96,0,0
03,012,Andalgalá,01391,044181,0,0,36,4,0,125,0,0,79,0,0
03,012,Andalgalá,01391,044182,0,0,38,3,0,125,0,0,93,0,0
03,012,Andalgalá,01391,044183,0,0,31,1,0,125,0,0,109,0,0
03,012,Andalgalá,01391,044184,0,0,36,2,0,121,0,0,101,0,0
03,012,Andalgalá,01391,044185,0,0,30,0,0,132,0,0,80,0,0
03,012,Andalgalá,01391,044186,0,0,32,1,0,106,0,0,109,0,0
03,012,Andalgalá,01391,044187,0,0,27,6,0,104,0,0,128,0,0
03,012,Andalgalá,01391,044188,0,0,34,4,0,129,0,0,101,0,0
03,012,Andalgalá,01391,044189,0,0,1,0,0,124,0,0,85,0,0
03,012,Andalgalá,01391,044190,0,0,0,3,0,121,0,0,80,0,0
03,012,Andalgalá,01391,044191,0,0,0,0,0,136,0,0,98,0,0
03,012,Andalgalá,01391,044192,0,0,0,2,0,136,0,0,88,0,0
03,012,Andalgalá,01391,044193,0,0,2,0,0,123,0,0,102,0,0
03,012,Andalgalá,01391,044194,0,0,0,1,0,116,0,0,116,0,0
03,012,Andalgalá,01391,044195,0,0,24,7,0,147,0,0,80,0,0
03,012,Andalgalá,01391,044196,0,0,28,0,0,119,0,0,110,0,0
03,012,Andalgalá,01391,044197,0,0,42,4,0,134,0,0,84,0,0
03,012,Andalgalá,01391,100223,0,0,0,0,0,0,0,0,0,0,0
03,012,Andalgalá,01391,100224,0,0,0,0,0,0,0,0,0,0,0
03,012,Andalgalá,01392,044198,0,0,47,5,0,108,0,0,118,0,0
03,012,Andalgalá,01392,044199,0,0,33,3,0,129,0,0,104,0,0
03,012,Andalgalá,01392,044200,0,0,1,1,0,139,0,0,105,0,0
03,012,Andalgalá,01392,044201,0,0,24,2,0,123,0,0,104,0,0
03,012,Andalgalá,01392,044202,0,0,0,3,0,120,0,0,104,0,0
03,012,Andalgalá,01393,044203,0,0,26,1,0,142,0,0,100,0,0
03,012,Andalgalá,01394,044204,0,0,1,2,0,81,0,0,79,0,0
03,012,Andalgalá,01395,044205,0,0,13,1,0,140,0,0,20,0,0
03,012,Andalgalá,01396,044206,0,0,30,2,0,135,0,0,83,0,0
03,012,Andalgalá,01396,044207,0,0,26,1,0,156,0,0,75,0,0
03,012,Andalgalá,01396,044208,0,0,32,7,0,142,0,0,76,0,0
03,012,Andalgalá,01396,044209,0,0,30,0,0,141,0,0,91,0,0
03,012,Andalgalá,01396,100225,0,0,0,0,0,0,0,0,0,0,0
03,012,Andalgalá,01397,044210,0,0,1,0,0,17,0,0,4,0,0
03,012,Andalgalá,01398,044211,0,0,0,1,0,63,0,0,45,0,0
03,013,Belén,01399,044212,0,0,0,0,0,24,0,0,5,0,0
03,013,Belén,01400,044213,0,0,1,1,0,136,0,0,108,0,0
03,013,Belén,01400,044214,0,0,0,0,0,113,0,0,141,0,0
03,013,Belén,01400,044215,0,0,0,1,0,122,0,0,128,0,0
03,013,Belén,01400,044216,0,0,0,0,0,130,0,0,125,0,0
03,013,Belén,01401,044217,0,0,0,0,0,39,0,0,36,0,0
03,013,Belén,01402,044218,0,0,0,0,0,63,0,0,140,0,0
03,013,Belén,01402,044219,0,0,2,3,0,94,0,0,102,0,0
03,013,Belén,01403,044220,0,0,18,4,0,212,0,0,43,0,0
03,013,Belén,01403,044221,0,0,29,1,0,191,0,0,53,0,0
03,013,Belén,01403,044222,0,0,32,6,0,191,0,0,50,0,0
03,013,Belén,01404,044223,0,0,16,13,0,212,0,0,28,0,0
03,013,Belén,01404,044224,0,0,31,12,0,204,0,0,23,0,0
03,013,Belén,01405,044225,0,0,2,0,0,57,0,0,116,0,0
03,013,Belén,01406,044226,0,0,30,7,0,212,0,0,23,0,0
03,013,Belén,01407,044227,0,0,6,0,0,82,0,0,23,0,0
03,013,Belén,01408,044228,0,0,11,2,0,141,0,0,115,0,0
03,013,Belén,01408,044229,0,0,7,0,0,127,0,0,148,0,0
03,013,Belén,01408,044230,0,0,2,1,0,158,0,0,104,0,0
03,013,Belén,01408,044231,0,0,12,0,0,124,0,0,137,0,0
03,013,Belén,01408,044232,0,0,5,0,0,146,0,0,116,0,0
03,013,Belén,01409,044233,0,0,23,8,0,158,0,0,64,0,0
03,013,Belén,01409,044234,0,0,36,5,0,153,0,0,53,0,0
03,013,Belén,01409,044235,0,0,26,4,0,160,0,0,81,0,0
03,013,Belén,01409,044236,0,0,43,7,0,129,0,0,63,0,0
03,013,Belén,01409,044237,0,0,28,4,0,164,0,0,68,0,0
03,013,Belén,01409,044238,0,0,18,5,0,185,0,0,57,0,0
03,013,Belén,01409,044239,0,0,24,4,0,173,0,0,51,0,0
03,013,Belén,01410,044240,0,0,14,4,0,98,0,0,16,0,0
03,013,Belén,01411,044241,0,0,64,0,0,111,0,0,66,0,0
03,013,Belén,01411,044242,0,0,87,0,0,88,0,0,70,0,0
03,013,Belén,01412,044243,0,0,15,3,0,132,0,0,46,0,0
03,013,Belén,01412,044244,0,0,0,0,0,138,0,0,61,0,0
03,013,Belén,01412,044245,0,0,0,4,0,119,0,0,73,0,0
03,013,Belén,01413,044246,0,0,38,3,0,98,0,0,121,0,0
03,013,Belén,01413,044247,0,0,34,2,0,117,0,0,124,0,0
03,013,Belén,01413,044248,0,0,46,1,0,132,0,0,98,0,0
03,013,Belén,01413,044249,0,0,2,1,0,116,0,0,124,0,0
03,013,Belén,01413,044250,0,0,55,1,0,106,0,0,117,0,0
03,013,Belén,01413,044251,0,0,26,3,0,117,0,0,131,0,0
03,013,Belén,01413,044252,0,0,0,6,0,152,0,0,103,0,0
03,013,Belén,01413,044253,0,0,39,6,0,116,0,0,119,0,0
03,013,Belén,01413,044254,0,0,44,1,0,115,0,0,118,0,0
03,013,Belén,01413,044255,0,0,33,3,0,105,0,0,149,0,0
03,013,Belén,01413,044256,0,0,0,0,0,0,0,0,136,0,0
03,013,Belén,01413,044257,0,0,25,4,0,109,0,0,119,0,0
03,013,Belén,01413,044258,0,0,26,1,0,134,0,0,116,0,0
03,013,Belén,01413,044259,0,0,37,1,0,103,0,0,123,0,0
03,013,Belén,01413,044260,0,0,42,4,0,120,0,0,116,0,0
03,013,Belén,01413,044261,0,0,3,4,0,138,0,0,87,0,0
03,013,Belén,01413,044262,0,0,0,3,0,130,0,0,110,0,0
03,013,Belén,01413,044263,0,0,38,1,0,137,0,0,104,0,0
03,013,Belén,01413,044264,0,0,38,4,0,134,0,0,113,0,0
03,013,Belén,01413,044265,0,0,31,3,0,141,0,0,98,0,0
03,013,Belén,01413,044266,0,0,47,3,0,132,0,0,111,0,0
03,013,Belén,01413,044267,0,0,0,1,0,128,0,0,123,0,0
03,013,Belén,01413,044268,0,0,35,2,0,116,0,0,109,0,0
03,013,Belén,01413,044269,0,0,51,1,0,129,0,0,105,0,0
03,013,Belén,01413,044270,0,0,49,3,0,125,0,0,112,0,0
03,013,Belén,01413,044271,0,0,0,2,0,117,0,0,133,0,0
03,013,Belén,01413,044272,0,0,5,2,0,146,0,0,92,0,0
03,013,Belén,01413,044273,0,0,42,6,0,111,0,0,109,0,0
03,013,Belén,01413,044274,0,0,42,4,0,114,0,0,108,0,0
03,013,Belén,01413,044275,0,0,1,4,0,120,0,0,124,0,0
03,013,Belén,01413,044276,0,0,43,1,0,114,0,0,133,0,0
03,013,Belén,01413,044277,0,0,49,1,0,115,0,0,105,0,0
03,013,Belén,01413,044278,0,0,32,0,0,111,0,0,128,0,0
03,013,Belén,01413,044279,0,0,0,3,0,122,0,0,105,0,0
03,013,Belén,01413,100226,0,0,0,0,0,0,0,0,0,0,0
03,013,Belén,01414,044280,0,0,0,0,0,144,0,0,59,0,0
03,013,Belén,01414,044281,0,0,25,0,0,136,0,0,57,0,0
03,013,Belén,01414,044282,0,0,24,3,0,115,0,0,77,0,0
03,013,Belén,01415,044283,0,0,0,0,0,1,0,0,17,0,0
03,013,Belén,01416,044284,0,0,0,0,0,37,0,0,5,0,0
03,013,Belén,01417,044285,0,0,0,0,0,51,0,0,38,0,0
03,015,Tinogasta,01418,044286,0,0,2,6,0,115,0,0,26,0,0
03,015,Tinogasta,01419,044287,0,0,0,4,0,59,0,0,22,0,0
03,015,Tinogasta,01420,044288,0,0,11,4,0,110,0,0,22,0,0
03,015,Tinogasta,01420,044289,0,0,7,3,0,93,0,0,36,0,0
03,015,Tinogasta,01421,044290,0,0,13,22,0,175,0,0,33,0,0
03,015,Tinogasta,01421,044291,0,0,0,34,0,161,0,0,33,0,0
03,015,Tinogasta,01422,044292,0,0,15,0,0,112,0,0,146,0,0
03,015,Tinogasta,01422,044293,0,0,13,1,0,127,0,0,132,0,0
03,015,Tinogasta,01422,044294,0,0,19,1,0,149,0,0,97,0,0
03,015,Tinogasta,01422,044295,0,0,9,0,0,145,0,0,109,0,0
03,015,Tinogasta,01422,044296,0,0,11,1,0,122,0,0,127,0,0
03,015,Tinogasta,01422,044297,0,0,17,1,0,140,0,0,111,0,0
03,015,Tinogasta,01422,044298,0,0,11,2,0,130,0,0,123,0,0
03,015,Tinogasta,01422,044299,0,0,17,2,0,132,0,0,121,0,0
03,015,Tinogasta,01422,044300,0,0,11,1,0,124,0,0,151,0,0
03,015,Tinogasta,01422,044301,0,0,13,3,0,114,0,0,139,0,0
03,015,Tinogasta,01422,044302,0,0,2,0,0,130,0,0,112,0,0
03,015,Tinogasta,01422,044303,0,0,28,2,0,104,0,0,137,0,0
03,015,Tinogasta,01423,044304,0,0,9,7,0,97,0,0,22,0,0
03,015,Tinogasta,01424,044305,0,0,0,1,0,32,0,0,26,0,0
03,015,Tinogasta,01425,044306,0,0,29,2,0,124,0,0,90,0,0
03,015,Tinogasta,01425,044307,0,0,0,1,0,91,0,0,108,0,0
03,015,Tinogasta,01425,044308,0,0,19,2,0,101,0,0,114,0,0
03,015,Tinogasta,01426,044309,0,0,7,0,0,168,0,0,94,0,0
03,015,Tinogasta,01426,044310,0,0,12,3,0,140,0,0,105,0,0
03,015,Tinogasta,01426,044311,0,0,16,3,0,132,0,0,121,0,0
03,015,Tinogasta,01427,044312,0,0,10,5,0,169,0,0,40,0,0
03,015,Tinogasta,01427,044313,0,0,18,4,0,134,0,0,78,0,0
03,015,Tinogasta,01428,044314,0,0,4,3,0,85,0,0,16,0,0
03,015,Tinogasta,01429,044315,0,0,22,10,0,156,0,0,63,0,0
03,015,Tinogasta,01429,044316,0,0,29,9,0,179,0,0,51,0,0
03,015,Tinogasta,01430,044317,0,0,13,0,0,92,0,0,93,0,0
03,015,Tinogasta,01431,044318,0,0,11,1,0,115,0,0,122,0,0
03,015,Tinogasta,01432,044319,0,0,34,13,0,133,0,0,73,0,0
03,015,Tinogasta,01432,044320,0,0,49,15,0,148,0,0,48,0,0
03,015,Tinogasta,01432,044321,0,0,34,11,0,135,0,0,65,0,0
03,015,Tinogasta,01432,044322,0,0,34,11,0,141,0,0,64,0,0
03,015,Tinogasta,01432,044323,0,0,28,14,0,140,0,0,74,0,0
03,015,Tinogasta,01432,044324,0,0,26,15,0,164,0,0,58,0,0
03,015,Tinogasta,01432,044325,0,0,31,28,0,162,0,0,49,0,0
03,015,Tinogasta,01432,044326,0,0,23,10,0,175,0,0,50,0,0
03,015,Tinogasta,01432,044327,0,0,34,19,0,147,0,0,65,0,0
03,015,Tinogasta,01432,044328,0,0,26,13,0,155,0,0,56,0,0
03,015,Tinogasta,01432,044329,0,0,31,13,0,129,0,0,67,0,0
03,015,Tinogasta,01432,044330,0,0,41,17,0,116,0,0,58,0,0
03,015,Tinogasta,01432,044331,0,0,36,18,0,155,0,0,52,0,0
03,015,Tinogasta,01432,044332,0,0,29,18,0,132,0,0,68,0,0
03,015,Tinogasta,01432,044333,0,0,24,20,0,155,0,0,49,0,0
03,015,Tinogasta,01432,044334,0,0,29,18,0,146,0,0,68,0,0
03,015,Tinogasta,01432,044335,0,0,23,13,0,141,0,0,69,0,0
03,015,Tinogasta,01432,044336,0,0,25,17,0,132,0,0,74,0,0
03,015,Tinogasta,01432,044337,0,0,38,11,0,151,0,0,46,0,0
03,015,Tinogasta,01432,044338,0,0,28,14,0,99,0,0,104,0,0
03,015,Tinogasta,01432,044339,0,0,23,30,0,156,0,0,64,0,0
03,015,Tinogasta,01432,044340,0,0,29,21,0,153,0,0,53,0,0
03,015,Tinogasta,01432,044341,0,0,0,19,0,138,0,0,57,0,0
03,015,Tinogasta,01432,044342,0,0,3,16,0,125,0,0,69,0,0
03,015,Tinogasta,01432,044343,0,0,40,12,0,136,0,0,67,0,0
03,015,Tinogasta,01432,044344,0,0,29,16,0,135,0,0,66,0,0
03,015,Tinogasta,01432,044345,0,0,26,17,0,135,0,0,73,0,0
03,015,Tinogasta,01432,044346,0,0,44,12,0,141,0,0,61,0,0
03,015,Tinogasta,05688,100227,0,0,0,0,0,0,0,0,0,0,0
03,016,Santa María,01433,044347,0,0,20,3,0,99,0,0,6,0,0
03,016,Santa María,01434,044348,0,0,45,4,0,104,0,0,20,0,0
03,016,Santa María,01435,044349,0,0,53,7,0,157,0,0,17,0,0
03,016,Santa María,01436,044350,0,0,0,6,0,151,0,0,48,0,0
03,016,Santa María,01436,044351,0,0,25,2,0,162,0,0,40,0,0
03,016,Santa María,01436,044352,0,0,20,11,0,150,0,0,62,0,0
03,016,Santa María,01436,044353,0,0,25,7,0,125,0,0,64,0,0
03,016,Santa María,01436,044354,0,0,32,8,0,138,0,0,46,0,0
03,016,Santa María,01437,044355,0,0,19,1,0,119,0,0,40,0,0
03,016,Santa María,01438,044356,0,0,20,8,0,179,0,0,53,0,0
03,016,Santa María,01438,044357,0,0,20,9,0,169,0,0,51,0,0
03,016,Santa María,01439,044358,0,0,0,1,0,83,0,0,24,0,0
03,016,Santa María,01440,044359,0,0,22,8,0,159,0,0,56,0,0
03,016,Santa María,01440,044360,0,0,32,7,0,162,0,0,47,0,0
03,016,Santa María,01440,044361,0,0,34,8,0,175,0,0,35,0,0
03,016,Santa María,01440,044362,0,0,35,5,0,164,0,0,40,0,0
03,016,Santa María,01440,044363,0,0,29,1,0,176,0,0,33,0,0
03,016,Santa María,01441,044364,0,0,5,6,0,127,0,0,16,0,0
03,016,Santa María,01442,044365,0,0,63,6,0,164,0,0,61,0,0
03,016,Santa María,01442,044366,0,0,87,4,0,147,0,0,46,0,0
03,016,Santa María,01442,044367,0,0,69,6,0,160,0,0,46,0,0
03,016,Santa María,01442,044368,0,0,81,3,0,147,0,0,48,0,0
03,016,Santa María,01442,044369,0,0,70,8,0,173,0,0,33,0,0
03,016,Santa María,01442,044370,0,0,68,6,0,151,0,0,62,0,0
03,016,Santa María,01442,044371,0,0,76,10,0,144,0,0,50,0,0
03,016,Santa María,01442,044372,0,0,80,11,0,131,0,0,58,0,0
03,016,Santa María,01442,044373,0,0,69,14,0,167,0,0,34,0,0
03,016,Santa María,01442,044374,0,0,0,17,0,159,0,0,42,0,0
03,016,Santa María,01443,044375,0,0,36,9,0,113,0,0,97,0,0
03,016,Santa María,01443,044376,0,0,35,11,0,138,0,0,89,0,0
03,016,Santa María,01443,044377,0,0,4,12,0,160,0,0,65,0,0
03,016,Santa María,01443,044378,0,0,33,10,0,133,0,0,97,0,0
03,016,Santa María,01443,044379,0,0,37,17,0,121,0,0,94,0,0
03,016,Santa María,01443,044380,0,0,48,7,0,141,0,0,80,0,0
03,016,Santa María,01443,044381,0,0,43,7,0,137,0,0,88,0,0
03,016,Santa María,01443,044382,0,0,33,8,0,136,0,0,81,0,0
03,016,Santa María,01443,044383,0,0,40,9,0,151,0,0,73,0,0
03,016,Santa María,01443,044384,0,0,44,10,0,168,0,0,59,0,0
03,016,Santa María,01443,044385,0,0,39,12,0,151,0,0,62,0,0
03,016,Santa María,01443,044386,0,0,47,9,0,128,0,0,85,0,0
03,016,Santa María,01443,044387,0,0,37,11,0,153,0,0,61,0,0
03,016,Santa María,01443,044388,0,0,32,9,0,164,0,0,66,0,0
03,016,Santa María,01443,044389,0,0,34,11,0,152,0,0,75,0,0
03,016,Santa María,01443,044390,0,0,38,9,0,126,0,0,81,0,0
03,016,Santa María,01443,044391,0,0,32,6,0,149,0,0,63,0,0
03,016,Santa María,01443,044392,0,0,39,8,0,70,0,0,145,0,0
03,016,Santa María,01443,044393,0,0,0,4,0,136,0,0,94,0,0
03,016,Santa María,01443,044394,0,0,35,12,0,155,0,0,76,0,0
03,016,Santa María,01443,044395,0,0,47,9,0,157,0,0,69,0,0
03,016,Santa María,01443,044396,0,0,30,7,0,128,0,0,113,0,0
03,016,Santa María,01443,044397,0,0,36,0,0,165,0,0,72,0,0
03,016,Santa María,01443,044398,0,0,51,8,0,119,0,0,94,0,0
03,016,Santa María,01443,044399,0,0,39,9,0,141,0,0,86,0,0
03,016,Santa María,01443,044400,0,0,34,5,0,117,0,0,110,0,0
03,016,Santa María,01443,044401,0,0,41,9,0,136,0,0,90,0,0
03,016,Santa María,01443,044402,0,0,25,8,0,147,0,0,75,0,0
03,016,Santa María,01443,044403,0,0,23,8,0,147,0,0,73,0,0
03,016,Santa María,01443,044404,0,0,36,4,0,130,0,0,94,0,0
03,016,Santa María,01443,044405,0,0,39,10,0,152,0,0,61,0,0
03,016,Santa María,01443,044406,0,0,37,3,0,148,0,0,85,0,0
03,016,Santa María,01443,044407,0,0,40,8,0,115,0,0,100,0,0
03,016,Santa María,01443,044408,0,0,4,3,0,129,0,0,92,0,0
